Timestamp_Unix,Fecha_Hora,ID_Nodo,Temp_Sonda_C,Hum_Tierra_Pct,Temp_Amb_C,Hum_Amb_Pct,Raw_Sonda,Raw_Tierra,Raw_AmbT,Raw_AmbH,Paquete_Num
1778369608,2026-05-09 23:33:28,1,19.0,82.29,18.22,29.7,328,735,456,338,1
1778369908,2026-05-09 23:38:28,1,19.0,81.56,18.09,30.59,329,732,456,342,2
1778370208,2026-05-09 23:43:28,1,19.0,83.29,17.78,31.81,332,743,453,349,3
1778370508,2026-05-09 23:48:28,1,19.0,82.77,18.14,29.06,328,740,456,332,4
1778370808,2026-05-09 23:53:28,1,19.0,82.98,17.78,33.33,329,740,451,362,5
1778371108,2026-05-09 23:58:28,1,19.0,81.24,17.5,33.3,329,730,449,361,6
1778371408,2026-05-10 00:03:28,1,19.0,81.76,17.66,31.15,328,732,453,346,7
1778371708,2026-05-10 00:08:28,1,19.0,83.05,17.84,32.96,330,743,452,358,8
1778372008,2026-05-10 00:13:28,1,19.0,83.3,18.12,33.57,324,744,458,364,9
1778372308,2026-05-10 00:18:28,1,19.0,82.86,18.38,33.08,327,742,456,357,10
1778372608,2026-05-10 00:23:28,1,19.0,82.66,18.08,33.91,329,740,454,362,11
1778372908,2026-05-10 00:28:28,1,19.0,83.18,17.73,33.61,328,740,452,359,12
1778373208,2026-05-10 00:33:28,1,19.0,83.63,18.09,33.77,330,749,455,363,13
1778373508,2026-05-10 00:38:28,1,19.0,81.71,18.58,31.97,325,734,458,351,14
1778373808,2026-05-10 00:43:28,1,19.0,82.3,18.29,37.61,328,738,457,384,15
1778374108,2026-05-10 00:48:28,1,19.0,84.26,17.87,35.15,329,751,454,371,16
1778374408,2026-05-10 00:53:28,1,19.0,82.49,18.69,37.17,329,739,457,379,17
1778374708,2026-05-10 00:58:28,1,19.0,83.57,18.5,36.84,329,749,455,382,18
1778375008,2026-05-10 01:03:28,1,19.0,83.47,18.85,37.29,328,744,462,385,19
1778375308,2026-05-10 01:08:28,1,19.0,83.18,17.91,37.21,328,743,453,381,20
1778375608,2026-05-10 01:13:28,1,19.0,83.22,18.64,34.2,328,743,459,365,21
1778375908,2026-05-10 01:18:28,1,19.0,83.87,18.1,38.06,329,747,454,386,22
1778376208,2026-05-10 01:23:28,1,19.0,84.37,18.31,41.15,328,755,455,406,23
1778376508,2026-05-10 01:28:28,1,19.0,84.52,18.48,37.59,327,755,457,384,24
1778376808,2026-05-10 01:33:28,1,19.0,83.38,18.15,36.77,328,745,458,378,25
1778377108,2026-05-10 01:38:28,1,19.0,83.49,19.07,39.0,327,746,460,395,26
1778377408,2026-05-10 01:43:28,1,19.0,84.41,18.61,38.04,327,754,457,385,27
1778377708,2026-05-10 01:48:28,1,19.0,83.36,18.67,40.7,328,745,458,404,28
1778378008,2026-05-10 01:53:28,1,19.0,84.14,18.1,40.71,327,754,453,404,29
1778378308,2026-05-10 01:58:28,1,19.0,84.05,19.04,38.64,330,753,461,391,30
1778378608,2026-05-10 02:03:28,1,19.0,84.53,18.81,38.45,327,752,460,388,31
1778378908,2026-05-10 02:08:28,1,19.0,85.51,19.01,37.61,327,764,461,383,32
1778379208,2026-05-10 02:13:28,1,19.0,83.96,18.39,40.37,329,752,456,402,33
1778379508,2026-05-10 02:18:28,1,19.0,85.43,18.53,39.52,327,760,458,398,34
1778379808,2026-05-10 02:23:28,1,19.0,85.43,18.76,42.76,329,757,461,415,35
1778380108,2026-05-10 02:28:28,1,19.0,84.29,18.8,40.33,330,752,460,403,36
1778380408,2026-05-10 02:33:28,1,19.0,83.51,18.25,42.99,328,750,456,417,37
1778380708,2026-05-10 02:38:28,1,19.0,84.57,18.97,38.98,328,753,460,392,38
1778381008,2026-05-10 02:43:28,1,19.0,84.3,19.2,41.16,328,752,461,406,39
1778381308,2026-05-10 02:48:28,1,19.0,84.88,19.07,40.44,327,752,463,402,40
1778381608,2026-05-10 02:53:28,1,19.0,83.87,19.18,42.19,326,749,462,411,41
1778381908,2026-05-10 02:58:28,1,19.0,84.43,18.78,40.83,328,751,459,405,42
1778382208,2026-05-10 03:03:28,1,19.0,84.98,18.95,42.39,329,758,461,413,43
1778382508,2026-05-10 03:08:28,1,19.0,83.19,19.97,42.2,326,744,468,413,44
1778382808,2026-05-10 03:13:28,1,19.0,83.51,19.42,40.56,329,747,462,402,45
1778383108,2026-05-10 03:18:28,1,19.0,84.27,18.98,39.21,325,751,463,396,46
1778383408,2026-05-10 03:23:28,1,19.0,84.14,20.22,43.36,330,747,470,418,47
1778383708,2026-05-10 03:28:28,1,19.0,83.03,19.47,44.18,328,741,467,426,48
1778384008,2026-05-10 03:33:28,1,19.0,83.63,19.87,40.34,324,747,467,400,49
1778384308,2026-05-10 03:38:28,1,19.0,82.31,19.38,40.45,329,739,464,402,50
1778384608,2026-05-10 03:43:28,1,19.0,83.26,19.51,42.69,329,744,463,417,51
1778384908,2026-05-10 03:48:28,1,19.0,83.42,20.61,40.83,328,745,472,404,52
1778385208,2026-05-10 03:53:28,1,19.0,83.46,19.97,41.03,327,747,469,407,53
1778385508,2026-05-10 03:58:28,1,19.0,83.08,20.63,42.41,328,741,475,414,54
1778385808,2026-05-10 04:03:28,1,19.0,84.04,19.91,42.02,327,752,471,414,55
1778386108,2026-05-10 04:08:28,1,19.0,82.53,20.39,42.16,328,739,472,412,56
1778386408,2026-05-10 04:13:28,1,19.0,83.53,19.41,43.36,332,748,464,420,57
1778386708,2026-05-10 04:18:28,1,19.0,83.96,20.47,41.73,327,747,472,411,58
1778387008,2026-05-10 04:23:28,1,19.0,81.79,20.6,40.75,328,734,475,406,59
1778387308,2026-05-10 04:28:28,1,19.0,83.97,21.52,41.37,329,749,481,409,60
1778387608,2026-05-10 04:33:28,1,19.0,83.14,20.88,40.28,330,741,479,400,61
1778387908,2026-05-10 04:38:28,1,19.0,82.13,20.58,41.38,327,735,476,408,62
1778388208,2026-05-10 04:43:28,1,19.0,83.35,20.35,42.0,330,746,474,413,63
1778388508,2026-05-10 04:48:28,1,19.0,82.57,20.94,41.53,327,735,475,411,64
1778388808,2026-05-10 04:53:28,1,19.0,81.76,20.8,40.75,329,735,475,405,65
1778389108,2026-05-10 04:58:28,1,19.0,83.74,21.18,38.4,331,747,479,392,66
1778389408,2026-05-10 05:03:28,1,19.0,83.6,20.95,41.23,328,746,478,406,67
1778389708,2026-05-10 05:08:28,1,19.0,83.12,21.17,36.43,329,744,481,380,68
1778390008,2026-05-10 05:13:28,1,19.0,84.18,21.31,38.83,327,749,483,391,69
1778390308,2026-05-10 05:18:28,1,19.0,81.86,21.27,40.94,328,733,481,403,70
1778390608,2026-05-10 05:23:28,1,19.0,81.6,21.69,36.57,325,730,483,383,71
1778390908,2026-05-10 05:28:28,1,19.0,81.51,21.19,39.92,330,729,480,399,72
1778391208,2026-05-10 05:33:28,1,19.0,81.7,21.14,36.17,327,732,477,374,73
1778391508,2026-05-10 05:38:28,1,19.0,81.31,21.56,38.42,329,734,479,387,74
1778391808,2026-05-10 05:43:28,1,19.0,82.41,21.42,37.42,327,738,483,384,75
1778392108,2026-05-10 05:48:28,1,19.0,81.45,21.9,37.08,328,734,486,380,76
1778392408,2026-05-10 05:53:28,1,19.0,81.86,22.49,37.39,328,733,491,381,77
1778392708,2026-05-10 05:58:28,1,19.0,81.14,22.22,35.15,328,730,488,370,78
1778393008,2026-05-10 06:03:28,1,19.0,81.63,22.29,38.35,331,731,487,390,79
1778393308,2026-05-10 06:08:28,1,19.0,80.43,22.0,36.27,328,722,487,378,80
1778393608,2026-05-10 06:13:28,1,19.0,81.33,22.33,35.77,325,730,489,374,81
1778393908,2026-05-10 06:18:28,1,19.0,81.25,22.66,32.72,328,732,494,357,82
1778394208,2026-05-10 06:23:28,1,19.0,80.35,21.96,31.88,330,718,486,354,83
1778394508,2026-05-10 06:28:28,1,19.0,80.65,21.78,35.46,327,722,482,371,84
1778394808,2026-05-10 06:33:28,1,19.0,81.21,21.84,31.56,327,730,485,348,85
1778395108,2026-05-10 06:38:28,1,19.0,80.68,22.72,34.06,328,724,493,363,86
1778395408,2026-05-10 06:43:28,1,19.0,80.99,22.58,32.59,326,728,490,357,87
1778395708,2026-05-10 06:48:28,1,19.0,80.85,21.99,34.24,330,728,484,365,88
1778396008,2026-05-10 06:53:28,1,19.0,79.97,22.47,35.85,328,716,490,375,89
1778396308,2026-05-10 06:58:28,1,19.0,80.76,22.78,32.95,327,725,493,357,90
1778396608,2026-05-10 07:03:28,1,19.0,80.36,22.89,33.16,331,719,491,360,91
1778396908,2026-05-10 07:08:28,1,19.0,80.24,23.55,32.2,329,722,499,356,92
1778397208,2026-05-10 07:13:28,1,19.0,80.67,23.63,33.75,329,727,500,362,93
1778397508,2026-05-10 07:18:28,1,19.0,80.64,22.56,32.79,330,723,489,355,94
1778397808,2026-05-10 07:23:28,1,19.0,79.61,23.26,32.24,330,715,497,351,95
1778398108,2026-05-10 07:28:28,1,19.0,79.64,23.2,28.92,329,716,494,334,96
1778398408,2026-05-10 07:33:28,1,19.0,79.65,23.5,28.32,327,715,499,328,97
1778398708,2026-05-10 07:38:28,1,19.0,79.94,23.6,30.1,328,721,498,342,98
1778399008,2026-05-10 07:43:28,1,19.0,79.14,23.72,29.88,328,710,500,341,99
1778399308,2026-05-10 07:48:28,1,19.0,80.2,23.18,32.04,330,721,495,355,100
1778399608,2026-05-10 07:53:28,1,19.0,79.99,23.63,27.61,329,716,500,325,101
1778399908,2026-05-10 07:58:28,1,19.0,79.6,23.89,27.89,329,713,503,326,102
1778400208,2026-05-10 08:03:28,1,19.0,79.82,23.19,27.25,326,718,495,325,103
1778400508,2026-05-10 08:08:28,1,19.0,79.35,23.41,30.7,329,712,499,345,104
1778400808,2026-05-10 08:13:28,1,19.0,80.11,23.47,26.88,326,718,495,321,105
1778401108,2026-05-10 08:18:28,1,19.0,78.47,24.46,26.96,328,710,506,321,106
1778401408,2026-05-10 08:23:28,1,19.0,79.26,23.17,23.51,330,713,496,302,107
1778401708,2026-05-10 08:28:28,1,19.0,79.68,23.26,27.74,329,718,496,328,108
1778402008,2026-05-10 08:33:28,1,19.0,79.69,23.88,25.43,328,718,499,313,109
1778402308,2026-05-10 08:38:28,1,19.0,79.2,24.08,25.62,330,710,504,316,110
1778402608,2026-05-10 08:43:28,1,19.0,79.29,23.72,25.77,328,717,501,314,111
1778402908,2026-05-10 08:48:28,1,19.0,79.24,24.39,25.48,330,715,504,312,112
1778403208,2026-05-10 08:53:28,1,19.0,79.03,24.34,22.43,327,716,503,295,113
1778403508,2026-05-10 08:58:28,1,19.0,80.03,24.63,24.54,326,719,508,301,114
1778403808,2026-05-10 09:03:28,1,19.0,79.6,24.51,24.62,329,718,508,308,115
1778404108,2026-05-10 09:08:28,1,19.0,80.31,24.41,24.44,330,724,501,306,116
1778404408,2026-05-10 09:13:28,1,19.0,79.94,24.09,22.71,326,720,503,294,117
1778404708,2026-05-10 09:18:28,1,19.0,80.61,23.9,25.83,328,727,500,314,118
1778405008,2026-05-10 09:23:28,1,19.0,79.66,24.67,20.34,331,719,506,280,119
1778405308,2026-05-10 09:28:28,1,19.0,79.81,24.63,23.39,328,718,506,299,120
1778405608,2026-05-10 09:33:28,1,19.0,80.33,24.26,19.27,327,722,503,274,121
1778405908,2026-05-10 09:38:28,1,19.0,81.12,24.15,19.71,326,728,501,277,122
1778406208,2026-05-10 09:43:28,1,19.0,79.71,24.6,22.63,329,718,506,294,123
1778406508,2026-05-10 09:48:28,1,19.0,78.36,24.37,18.43,329,707,504,273,124
1778406808,2026-05-10 09:53:28,1,19.0,79.05,24.63,20.62,328,713,510,284,125
1778407108,2026-05-10 09:58:28,1,19.0,78.73,25.09,19.6,328,708,511,276,126
1778407408,2026-05-10 10:03:28,1,19.0,78.93,25.26,19.68,330,713,511,278,127
1778407708,2026-05-10 10:08:28,1,19.0,80.72,24.55,18.0,331,723,505,268,128
1778408008,2026-05-10 10:13:28,1,19.0,79.87,24.31,18.81,325,718,503,271,129
1778408308,2026-05-10 10:18:28,1,19.0,80.61,25.19,18.8,326,725,509,270,130
1778408608,2026-05-10 10:23:28,1,19.0,80.86,24.25,19.83,329,726,506,282,131
1778408908,2026-05-10 10:28:28,1,19.0,81.13,25.23,19.73,328,729,514,277,132
1778409208,2026-05-10 10:33:28,1,19.0,79.48,24.48,18.94,326,713,506,272,133
1778409508,2026-05-10 10:38:28,1,19.0,80.26,25.68,21.6,330,719,514,291,134
1778409808,2026-05-10 10:43:28,1,19.0,80.25,24.48,20.6,330,724,507,280,135
1778410108,2026-05-10 10:48:28,1,19.0,80.41,25.0,18.82,328,720,506,271,136
1778410408,2026-05-10 10:53:28,1,19.0,81.91,24.72,19.4,327,735,507,277,137
1778410708,2026-05-10 10:58:28,1,19.0,80.43,25.16,20.07,330,725,513,277,138
1778411008,2026-05-10 11:03:28,1,19.0,82.17,24.6,20.23,324,733,504,283,139
1778411308,2026-05-10 11:08:28,1,19.0,81.16,24.25,18.0,327,726,504,266,140
1778411608,2026-05-10 11:13:28,1,19.0,81.03,25.11,19.36,327,726,511,276,141
1778411908,2026-05-10 11:18:28,1,19.0,82.85,24.75,18.0,328,738,507,265,142
1778412208,2026-05-10 11:23:28,1,19.0,81.16,25.17,18.64,327,728,511,273,143
1778412508,2026-05-10 11:28:28,1,19.0,82.25,24.88,18.0,326,734,509,269,144
1778412808,2026-05-10 11:33:28,1,19.0,82.0,25.46,18.0,331,729,515,269,145
1778413108,2026-05-10 11:38:28,1,19.0,80.82,25.31,19.15,327,726,512,275,146
1778413408,2026-05-10 11:43:28,1,19.0,82.26,25.03,18.0,328,736,508,267,147
1778413708,2026-05-10 11:48:28,1,19.0,82.31,24.45,18.0,327,734,505,266,148
1778414008,2026-05-10 11:53:28,1,19.0,82.6,24.92,20.52,328,737,509,283,149
1778414308,2026-05-10 11:58:28,1,19.0,81.66,24.76,18.0,330,735,507,267,150
1778414608,2026-05-10 12:03:28,1,19.0,82.15,24.88,18.0,328,736,510,268,151
1778414908,2026-05-10 12:08:28,1,19.0,82.81,24.82,18.09,330,743,507,268,152
1778415208,2026-05-10 12:13:28,1,19.0,83.17,25.06,18.0,331,744,512,269,153
1778415508,2026-05-10 12:18:28,1,19.0,83.27,25.1,21.36,324,747,511,289,154
1778415808,2026-05-10 12:23:28,1,19.0,82.84,24.49,18.0,326,742,503,267,155
1778416108,2026-05-10 12:28:28,1,19.0,82.79,25.1,18.54,330,741,511,271,156
1778416408,2026-05-10 12:33:28,1,19.0,84.07,24.23,18.0,330,748,503,267,157
1778416708,2026-05-10 12:38:28,1,19.0,82.67,24.37,20.61,324,738,504,281,158
1778417008,2026-05-10 12:43:28,1,19.0,83.11,24.75,19.53,326,739,506,280,159
1778417308,2026-05-10 12:48:28,1,19.0,82.96,24.56,18.0,328,741,506,268,160
1778417608,2026-05-10 12:53:28,1,19.0,83.65,24.45,18.0,328,747,505,263,161
1778417908,2026-05-10 12:58:28,1,19.0,83.72,24.47,20.1,327,749,506,280,162
1778418208,2026-05-10 13:03:28,1,19.0,82.78,24.84,23.99,328,742,508,304,163
1778418508,2026-05-10 13:08:28,1,19.0,83.2,24.42,22.78,326,748,503,296,164
1778418808,2026-05-10 13:13:28,1,19.0,84.87,25.24,21.65,330,759,512,290,165
1778419108,2026-05-10 13:18:28,1,19.0,83.74,24.49,20.52,327,747,503,281,166
1778419408,2026-05-10 13:23:28,1,19.0,83.04,24.94,21.28,329,743,508,286,167
1778419708,2026-05-10 13:28:28,1,19.0,84.11,24.7,23.35,329,748,506,297,168
1778420008,2026-05-10 13:33:28,1,19.0,84.14,24.5,22.29,329,749,506,289,169
1778420308,2026-05-10 13:38:28,1,19.0,83.76,25.56,22.77,329,749,512,295,170
1778420608,2026-05-10 13:43:28,1,19.0,84.52,24.18,20.29,327,754,504,280,171
1778420908,2026-05-10 13:48:28,1,19.0,84.58,24.42,22.58,327,755,507,295,172
1778421208,2026-05-10 13:53:28,1,19.0,83.15,23.91,23.26,329,743,499,300,173
1778421508,2026-05-10 13:58:28,1,19.0,83.77,23.84,23.56,330,751,498,300,174
1778421808,2026-05-10 14:03:28,1,19.0,83.51,23.97,23.77,326,748,503,303,175
1778422108,2026-05-10 14:08:28,1,19.0,83.26,24.96,27.01,327,747,506,323,176
1778422408,2026-05-10 14:13:28,1,19.0,84.35,24.09,22.8,327,750,503,297,177
1778422708,2026-05-10 14:18:28,1,19.0,83.17,24.24,26.45,326,744,503,316,178
1778423008,2026-05-10 14:23:28,1,19.0,83.05,23.81,26.17,328,745,503,316,179
1778423308,2026-05-10 14:28:28,1,19.0,84.05,23.57,23.21,329,748,499,298,180
1778423608,2026-05-10 14:33:28,1,19.0,85.35,23.61,24.5,328,760,499,305,181
1778423908,2026-05-10 14:38:28,1,19.0,83.82,24.92,25.11,327,746,508,312,182
1778424208,2026-05-10 14:43:28,1,19.0,83.45,23.88,25.68,330,743,501,314,183
1778424508,2026-05-10 14:48:28,1,19.0,83.84,23.87,27.64,331,749,501,326,184
1778424808,2026-05-10 14:53:28,1,19.0,84.66,23.23,26.05,326,754,493,314,185
1778425108,2026-05-10 14:58:28,1,19.0,83.99,23.54,24.78,328,748,501,308,186
1778425408,2026-05-10 15:03:28,1,19.0,84.18,23.36,28.08,329,752,496,328,187
1778425708,2026-05-10 15:08:28,1,19.0,84.19,23.23,27.81,328,750,495,328,188
1778426008,2026-05-10 15:13:28,1,19.0,84.34,23.14,28.15,328,751,496,330,189
1778426308,2026-05-10 15:18:28,1,19.0,84.5,22.79,27.35,328,750,492,323,190
1778426608,2026-05-10 15:23:28,1,19.0,85.32,23.28,29.22,327,759,493,336,191
1778426908,2026-05-10 15:28:28,1,19.0,85.23,23.84,31.47,329,759,504,349,192
1778427208,2026-05-10 15:33:28,1,19.0,84.33,23.12,29.71,328,752,491,336,193
1778427508,2026-05-10 15:38:28,1,19.0,83.73,23.55,30.5,328,748,496,342,194
1778427808,2026-05-10 15:43:28,1,19.0,83.59,22.94,32.07,329,747,490,350,195
1778428108,2026-05-10 15:48:28,1,19.0,84.32,23.3,29.59,330,755,498,338,196
1778428408,2026-05-10 15:53:28,1,19.0,84.18,22.86,32.38,329,751,493,354,197
1778428708,2026-05-10 15:58:28,1,19.0,84.35,23.62,32.09,329,752,499,353,198
1778429008,2026-05-10 16:03:28,1,19.0,83.63,23.51,31.46,330,746,499,347,199
1778429308,2026-05-10 16:08:28,1,19.0,83.6,23.8,32.38,328,749,502,357,200
1778429608,2026-05-10 16:13:28,1,19.0,82.76,22.61,36.55,326,739,488,380,201
1778429908,2026-05-10 16:18:28,1,19.0,82.99,22.6,32.67,330,745,492,357,202
1778430208,2026-05-10 16:23:28,1,19.0,81.93,22.36,33.66,329,737,489,362,203
1778430508,2026-05-10 16:28:28,1,19.0,82.79,21.62,36.06,325,740,482,376,204
1778430808,2026-05-10 16:33:28,1,19.0,83.02,23.05,33.74,328,746,491,361,205
1778431108,2026-05-10 16:38:28,1,19.0,82.74,22.11,33.61,327,741,484,364,206
1778431408,2026-05-10 16:43:28,1,19.0,83.22,22.56,34.48,328,742,489,366,207
1778431708,2026-05-10 16:48:28,1,19.0,84.02,22.53,35.9,329,750,490,377,208
1778432008,2026-05-10 16:53:28,1,19.0,82.51,22.14,35.97,328,740,486,374,209
1778432308,2026-05-10 16:58:28,1,19.0,82.07,22.49,35.99,331,732,488,377,210
1778432608,2026-05-10 17:03:28,1,19.0,82.21,21.54,38.28,330,737,483,390,211
1778432908,2026-05-10 17:08:28,1,19.0,80.95,22.18,36.17,328,727,487,374,212
1778433208,2026-05-10 17:13:28,1,19.0,81.52,21.85,35.82,331,732,486,373,213
1778433508,2026-05-10 17:18:28,1,19.0,81.89,21.36,39.97,328,734,481,400,214
1778433808,2026-05-10 17:23:28,1,19.0,81.07,21.34,36.88,327,727,478,381,215
1778434108,2026-05-10 17:28:28,1,19.0,81.96,22.06,37.18,329,737,485,384,216
1778434408,2026-05-10 17:33:28,1,19.0,81.77,21.22,38.4,328,733,481,393,217
1778434708,2026-05-10 17:38:28,1,19.0,81.21,21.12,38.99,329,728,479,395,218
1778435008,2026-05-10 17:43:28,1,19.0,81.53,21.46,41.02,328,729,483,405,219
1778435308,2026-05-10 17:48:28,1,19.0,81.37,20.21,39.29,331,731,472,396,220
1778435608,2026-05-10 17:53:28,1,19.0,81.32,20.31,39.12,328,729,470,396,221
1778435908,2026-05-10 17:58:28,1,19.0,81.16,20.52,40.11,330,730,474,401,222
1778436208,2026-05-10 18:03:28,1,19.0,81.42,21.27,38.7,328,728,477,391,223
1778436508,2026-05-10 18:08:28,1,19.0,81.69,20.92,36.28,327,737,478,376,224
1778436808,2026-05-10 18:13:28,1,19.0,81.37,20.48,43.29,327,729,474,417,225
1778437108,2026-05-10 18:18:28,1,19.0,81.8,20.57,43.02,329,732,474,417,226
1778437408,2026-05-10 18:23:28,1,19.0,81.09,20.69,39.99,328,730,476,399,227
1778437708,2026-05-10 18:28:28,1,19.0,80.57,20.4,40.12,327,723,471,402,228
1778438008,2026-05-10 18:33:28,1,19.0,80.8,20.65,39.22,327,727,476,397,229
1778438308,2026-05-10 18:38:28,1,19.0,80.28,20.69,41.25,329,722,474,406,230
1778438608,2026-05-10 18:43:28,1,19.0,79.87,20.89,40.8,327,720,476,405,231
1778438908,2026-05-10 18:48:28,1,19.0,79.97,21.29,41.83,330,720,481,411,232
1778439208,2026-05-10 18:53:28,1,19.0,81.05,20.91,41.05,327,726,473,406,233
1778439508,2026-05-10 18:58:28,1,19.0,80.61,20.3,39.57,327,725,472,397,234
1778439808,2026-05-10 19:03:28,1,19.0,79.78,20.35,40.99,329,723,473,405,235
1778440108,2026-05-10 19:08:28,1,19.0,80.12,20.09,43.98,328,719,470,423,236
1778440408,2026-05-10 19:13:28,1,19.0,79.23,20.33,45.65,328,714,471,431,237
1778440708,2026-05-10 19:18:28,1,19.0,80.65,20.21,40.81,329,722,472,404,238
1778441008,2026-05-10 19:23:28,1,19.0,80.12,19.71,42.74,326,718,468,417,239
1778441308,2026-05-10 19:28:28,1,19.0,79.32,19.62,44.0,327,715,465,423,240
1778441608,2026-05-10 19:33:28,1,19.0,80.12,20.43,40.38,331,719,475,400,241
1778441908,2026-05-10 19:38:28,1,19.0,79.58,19.33,42.17,329,719,462,412,242
1778442208,2026-05-10 19:43:28,1,19.0,78.47,19.49,41.59,331,711,466,410,243
1778442508,2026-05-10 19:48:28,1,19.0,78.49,19.56,39.66,328,707,466,397,244
1778442808,2026-05-10 19:53:28,1,19.0,78.67,19.41,40.46,327,709,465,403,245
1778443108,2026-05-10 19:58:28,1,19.0,78.86,19.82,40.34,326,714,466,401,246
1778443408,2026-05-10 20:03:28,1,19.0,78.97,18.94,39.79,327,711,461,399,247
1778443708,2026-05-10 20:08:28,1,19.0,79.4,19.02,41.98,328,718,462,412,248
1778444008,2026-05-10 20:13:28,1,19.0,80.05,19.3,41.31,329,717,467,405,249
1778444308,2026-05-10 20:18:28,1,19.0,78.74,19.2,37.61,329,711,462,385,250
1778444608,2026-05-10 20:23:28,1,19.0,79.78,19.3,43.31,328,715,464,421,251
1778444908,2026-05-10 20:28:28,1,19.0,79.83,18.88,42.86,329,721,460,416,252
1778445208,2026-05-10 20:33:28,1,19.0,77.75,19.64,41.42,327,701,467,408,253
1778445508,2026-05-10 20:38:28,1,19.0,78.52,19.1,39.96,329,711,464,399,254
1778445808,2026-05-10 20:43:28,1,19.0,78.87,19.02,41.67,330,713,461,412,255
1778446108,2026-05-10 20:48:28,1,19.0,79.06,19.53,41.51,333,715,467,408,256
1778446408,2026-05-10 20:53:28,1,19.0,79.43,18.95,39.45,328,717,461,395,257
1778446708,2026-05-10 20:58:28,1,19.0,78.74,18.82,40.54,329,710,457,400,258
1778447008,2026-05-10 21:03:28,1,19.0,79.71,18.22,42.07,328,717,455,413,259
1778447308,2026-05-10 21:08:28,1,19.0,79.78,18.97,38.61,330,718,462,391,260
1778447608,2026-05-10 21:13:28,1,19.0,78.24,18.4,38.68,330,707,456,394,261
1778447908,2026-05-10 21:18:28,1,19.0,79.39,18.62,40.99,328,716,460,403,262
1778448208,2026-05-10 21:23:28,1,19.0,78.03,18.65,40.4,330,704,459,401,263
1778448508,2026-05-10 21:28:28,1,19.0,79.86,19.06,40.61,324,719,463,404,264
1778448808,2026-05-10 21:33:28,1,19.0,79.13,18.37,37.37,326,713,456,383,265
1778449108,2026-05-10 21:38:28,1,19.0,80.01,19.07,38.19,329,722,461,389,266
1778449408,2026-05-10 21:43:28,1,19.0,80.25,17.81,38.45,328,719,454,390,267
1778449708,2026-05-10 21:48:28,1,19.0,79.25,17.39,38.41,329,711,446,388,268
1778450008,2026-05-10 21:53:28,1,19.0,79.79,18.04,36.44,332,722,454,381,269
1778450308,2026-05-10 21:58:28,1,19.0,79.64,18.8,38.59,327,714,459,392,270
1778450608,2026-05-10 22:03:28,1,19.0,79.96,18.29,35.11,330,719,455,368,271
1778450908,2026-05-10 22:08:28,1,19.0,79.23,17.97,38.45,330,713,452,391,272
1778451208,2026-05-10 22:13:28,1,19.0,79.08,18.65,35.19,330,711,459,368,273
1778451508,2026-05-10 22:18:28,1,19.0,79.94,18.27,37.59,326,715,454,387,274
1778451808,2026-05-10 22:23:28,1,19.0,80.07,17.65,37.1,330,720,451,382,275
1778452108,2026-05-10 22:28:28,1,19.0,80.71,17.91,35.39,331,724,455,371,276
1778452408,2026-05-10 22:33:28,1,19.0,80.47,18.09,34.16,329,725,454,366,277
1778452708,2026-05-10 22:38:28,1,19.0,80.99,18.12,32.09,327,725,455,352,278
1778453008,2026-05-10 22:43:28,1,19.0,79.37,18.78,32.25,329,714,458,353,279
1778453308,2026-05-10 22:48:28,1,19.0,80.56,17.63,32.03,329,725,451,352,280
1778453608,2026-05-10 22:53:28,1,19.0,80.7,17.98,33.65,328,720,454,360,281
1778453908,2026-05-10 22:58:28,1,19.0,80.68,17.8,30.47,328,725,451,341,282
1778454208,2026-05-10 23:03:28,1,19.0,80.03,18.57,31.88,329,720,457,351,283
1778454508,2026-05-10 23:08:28,1,19.0,81.25,18.18,33.13,329,726,454,359,284
1778454808,2026-05-10 23:13:28,1,19.0,80.63,18.48,32.86,329,727,458,358,285
1778455108,2026-05-10 23:18:28,1,19.0,81.43,18.12,29.33,331,728,453,335,286
1778455408,2026-05-10 23:23:28,1,19.0,81.81,17.83,31.69,329,730,452,350,287
1778455708,2026-05-10 23:28:28,1,19.0,81.88,17.76,29.1,329,732,451,332,288
1778456008,2026-05-10 23:33:28,1,19.0,81.8,18.04,31.24,328,735,454,346,289
1778456308,2026-05-10 23:38:28,1,19.0,82.03,17.94,27.5,330,737,455,327,290
1778456608,2026-05-10 23:43:28,1,19.0,81.98,18.41,29.7,329,736,457,338,291
1778456908,2026-05-10 23:48:28,1,19.0,82.57,17.63,28.64,329,740,452,332,292
1778457208,2026-05-10 23:53:28,1,19.0,81.79,17.64,29.85,328,735,448,338,293
1778457508,2026-05-10 23:58:28,1,19.0,80.6,17.77,30.1,328,727,452,338,294
1778457808,2026-05-11 00:03:28,1,19.0,82.17,18.05,31.25,328,736,454,348,295
1778458108,2026-05-11 00:08:28,1,19.0,82.81,18.18,28.13,329,741,457,325,296
1778458408,2026-05-11 00:13:28,1,19.0,82.51,18.29,27.46,326,738,455,325,297
1778458708,2026-05-11 00:18:28,1,19.0,82.95,18.39,27.98,327,743,455,326,298
1778459008,2026-05-11 00:23:28,1,19.0,83.13,18.17,25.47,326,742,453,315,299
1778459308,2026-05-11 00:28:28,1,19.0,82.39,17.96,23.82,326,734,454,301,300
1778459608,2026-05-11 00:33:28,1,19.0,82.71,18.59,24.14,330,738,455,306,301
1778459908,2026-05-11 00:38:28,1,19.0,82.66,18.05,27.24,329,737,452,321,302
1778460208,2026-05-11 00:43:28,1,19.0,82.73,18.04,25.47,329,739,454,312,303
1778460508,2026-05-11 00:48:28,1,19.0,83.15,18.51,24.93,330,745,461,309,304
1778460808,2026-05-11 00:53:28,1,19.0,83.6,17.73,25.24,328,746,450,310,305
1778461108,2026-05-11 00:58:28,1,19.0,82.34,18.73,23.96,330,739,458,303,306
1778461408,2026-05-11 01:03:28,1,19.0,82.85,18.57,20.42,328,744,460,283,307
1778461708,2026-05-11 01:08:28,1,19.0,84.71,18.45,22.73,328,757,456,296,308
1778462008,2026-05-11 01:13:28,1,19.0,83.35,18.69,23.86,328,748,459,303,309
1778462308,2026-05-11 01:18:28,1,19.0,83.41,18.39,21.0,329,745,454,287,310
1778462608,2026-05-11 01:23:28,1,19.0,82.19,18.81,22.35,330,737,458,294,311
1778462908,2026-05-11 01:28:28,1,19.0,83.87,18.19,23.55,327,750,456,301,312
1778463208,2026-05-11 01:33:28,1,19.0,82.89,18.45,23.06,330,745,456,299,313
1778463508,2026-05-11 01:38:28,1,19.0,84.1,19.09,22.02,328,747,465,290,314
1778463808,2026-05-11 01:43:28,1,19.0,82.79,18.29,19.23,327,740,457,278,315
1778464108,2026-05-11 01:48:28,1,19.0,85.29,18.27,22.92,328,756,453,296,316
1778464408,2026-05-11 01:53:28,1,19.0,83.75,18.08,20.05,329,750,455,281,317
1778464708,2026-05-11 01:58:28,1,19.0,83.99,18.94,18.0,330,751,461,263,318
1778465008,2026-05-11 02:03:28,1,19.0,84.04,18.76,19.88,327,749,461,280,319
1778465308,2026-05-11 02:08:28,1,19.0,83.78,19.21,18.65,329,745,464,271,320
1778465608,2026-05-11 02:13:28,1,19.0,83.43,18.57,20.51,326,745,457,284,321
1778465908,2026-05-11 02:18:28,1,19.0,84.28,18.95,18.72,328,753,462,272,322
1778466208,2026-05-11 02:23:28,1,19.0,85.29,18.54,18.0,329,760,460,269,323
1778466508,2026-05-11 02:28:28,1,19.0,84.21,19.39,20.46,329,749,465,282,324
1778466808,2026-05-11 02:33:28,1,19.0,83.81,19.07,21.39,328,742,462,289,325
1778467108,2026-05-11 02:38:28,1,19.0,83.45,19.02,18.53,325,744,461,271,326
1778467408,2026-05-11 02:43:28,1,19.0,83.64,18.99,20.1,325,745,462,278,327
1778467708,2026-05-11 02:48:28,1,19.0,84.6,18.72,18.0,331,750,461,269,328
1778468008,2026-05-11 02:53:28,1,19.0,84.13,18.75,18.0,328,747,458,270,329
1778468308,2026-05-11 02:58:28,1,19.0,83.23,18.82,18.0,329,743,459,268,330
1778468608,2026-05-11 03:03:28,1,19.0,83.86,19.51,18.0,326,748,466,267,331
1778468908,2026-05-11 03:08:28,1,19.0,84.91,19.57,18.53,329,756,466,272,332
1778469208,2026-05-11 03:13:28,1,19.0,83.22,18.87,18.0,327,742,460,269,333
1778469508,2026-05-11 03:18:28,1,19.0,84.25,19.45,18.0,328,752,464,267,334
1778469808,2026-05-11 03:23:28,1,19.0,84.15,20.34,19.03,327,750,474,273,335
1778470108,2026-05-11 03:28:28,1,19.0,83.94,18.73,18.0,327,752,458,265,336
1778470408,2026-05-11 03:33:28,1,19.0,84.27,19.41,19.33,327,750,466,275,337
1778470708,2026-05-11 03:38:28,1,19.0,83.69,19.67,18.0,328,744,466,268,338
1778471008,2026-05-11 03:43:28,1,19.0,83.26,19.39,20.41,330,744,464,281,339
1778471308,2026-05-11 03:48:28,1,19.0,83.76,19.6,18.0,325,747,465,268,340
1778471608,2026-05-11 03:53:28,1,19.0,83.32,19.42,18.44,327,741,464,270,341
1778471908,2026-05-11 03:58:28,1,19.0,83.06,20.27,18.0,327,743,470,267,342
1778472208,2026-05-11 04:03:28,1,19.0,83.14,19.85,20.09,327,744,470,279,343
1778472508,2026-05-11 04:08:28,1,19.0,82.95,20.79,19.29,328,743,474,276,344
1778472808,2026-05-11 04:13:28,1,19.0,84.18,19.76,19.07,325,753,468,274,345
1778473108,2026-05-11 04:18:28,1,19.0,83.66,20.89,20.11,328,745,475,283,346
1778473408,2026-05-11 04:23:28,1,19.0,82.4,20.81,19.31,329,738,475,276,347
1778473708,2026-05-11 04:28:28,1,19.0,82.9,20.22,20.57,327,741,468,282,348
1778474008,2026-05-11 04:33:28,1,19.0,81.79,20.16,19.65,329,732,469,277,349
1778474308,2026-05-11 04:38:28,1,19.0,81.84,20.11,18.0,327,730,472,265,350
1778474608,2026-05-11 04:43:28,1,19.0,82.55,20.4,19.02,328,736,474,272,351
1778474908,2026-05-11 04:48:28,1,19.0,83.48,20.49,19.94,331,746,474,277,352
1778475208,2026-05-11 04:53:28,1,19.0,80.71,20.87,18.0,327,723,474,268,353
1778475508,2026-05-11 04:58:28,1,19.0,82.48,20.84,18.69,328,738,477,272,354
1778475808,2026-05-11 05:03:28,1,19.0,82.15,21.21,19.88,328,732,477,280,355
1778476108,2026-05-11 05:08:28,1,19.0,81.82,21.71,21.29,327,732,481,289,356
1778476408,2026-05-11 05:13:28,1,19.0,82.33,21.26,18.88,327,739,481,270,357
1778476708,2026-05-11 05:18:28,1,19.0,83.04,21.06,21.07,327,746,476,286,358
1778477008,2026-05-11 05:23:28,1,19.0,82.2,21.75,23.01,329,736,484,301,359
1778477308,2026-05-11 05:28:28,1,19.0,82.1,21.24,19.11,330,735,479,273,360
1778477608,2026-05-11 05:33:28,1,19.0,82.13,20.98,22.75,328,741,477,297,361
1778477908,2026-05-11 05:38:28,1,19.0,80.96,22.31,19.92,329,724,488,280,362
1778478208,2026-05-11 05:43:28,1,19.0,81.28,21.86,20.93,330,731,486,286,363
1778478508,2026-05-11 05:48:28,1,19.0,80.93,21.8,23.19,327,725,487,299,364
1778478808,2026-05-11 05:53:28,1,19.0,81.24,22.2,21.26,327,727,487,288,365
1778479108,2026-05-11 05:58:28,1,19.0,80.57,21.68,23.5,328,721,486,299,366
1778479408,2026-05-11 06:03:28,1,19.0,79.69,21.72,23.49,327,713,483,299,367
1778479708,2026-05-11 06:08:28,1,19.0,81.12,22.56,23.18,329,731,490,296,368
1778480008,2026-05-11 06:13:28,1,19.0,81.39,22.18,22.72,326,730,487,296,369
1778480308,2026-05-11 06:18:28,1,19.0,79.76,21.64,22.69,328,717,482,296,370
1778480608,2026-05-11 06:23:28,1,19.0,81.05,21.56,26.17,327,728,479,315,371
1778480908,2026-05-11 06:28:28,1,19.0,80.15,21.46,25.56,326,720,481,313,372
1778481208,2026-05-11 06:33:28,1,19.0,79.86,22.91,24.49,326,715,492,304,373
1778481508,2026-05-11 06:38:28,1,19.0,80.55,22.44,27.33,328,726,489,325,374
1778481808,2026-05-11 06:43:28,1,19.0,79.17,22.66,22.63,329,713,491,298,375
1778482108,2026-05-11 06:48:28,1,19.0,78.97,22.93,25.47,326,714,491,313,376
1778482408,2026-05-11 06:53:28,1,19.0,79.34,22.62,28.86,327,710,491,334,377
1778482708,2026-05-11 06:58:28,1,19.0,79.86,22.95,25.93,326,716,493,317,378
1778483008,2026-05-11 07:03:28,1,19.0,80.98,21.74,26.89,330,723,483,323,379
1778483308,2026-05-11 07:08:28,1,19.0,79.98,22.78,29.93,330,716,491,338,380
1778483608,2026-05-11 07:13:28,1,19.0,79.06,23.07,28.42,329,711,492,330,381
1778483908,2026-05-11 07:18:28,1,19.0,79.45,23.57,28.64,328,715,500,332,382
1778484208,2026-05-11 07:23:28,1,19.0,78.93,23.64,30.84,331,713,499,344,383
1778484508,2026-05-11 07:28:28,1,19.0,79.14,23.96,28.81,330,711,503,332,384
1778484808,2026-05-11 07:33:28,1,19.0,79.4,23.3,33.67,329,713,496,362,385
1778485108,2026-05-11 07:38:28,1,19.0,78.89,23.14,30.49,325,710,494,344,386
1778485408,2026-05-11 07:43:28,1,19.0,79.57,23.59,30.4,326,716,497,341,387
1778485708,2026-05-11 07:48:28,1,19.0,79.0,23.49,30.4,326,712,497,342,388
1778486008,2026-05-11 07:53:28,1,19.0,80.09,23.37,30.72,328,717,499,343,389
1778486308,2026-05-11 07:58:28,1,19.0,78.21,23.88,33.2,329,705,498,358,390
1778486608,2026-05-11 08:03:28,1,19.0,79.35,23.72,32.4,329,716,496,354,391
1778486908,2026-05-11 08:08:28,1,19.0,78.87,23.43,34.66,328,709,496,367,392
1778487208,2026-05-11 08:13:28,1,19.0,79.29,23.76,31.92,328,714,500,352,393
1778487508,2026-05-11 08:18:28,1,19.0,79.47,23.29,31.95,326,713,496,352,394
1778487808,2026-05-11 08:23:28,1,19.0,78.66,24.03,34.56,329,708,501,368,395
1778488108,2026-05-11 08:28:28,1,19.0,79.1,23.99,34.98,329,714,500,370,396
1778488408,2026-05-11 08:33:28,1,19.0,79.47,23.64,33.97,330,716,499,363,397
1778488708,2026-05-11 08:38:28,1,19.0,78.3,23.77,35.68,328,707,500,375,398
1778489008,2026-05-11 08:43:28,1,19.0,77.9,23.96,35.03,328,708,501,370,399
1778489308,2026-05-11 08:48:28,1,19.0,78.58,24.34,38.12,329,708,506,392,400
1778489608,2026-05-11 08:53:28,1,19.0,78.93,23.87,35.79,328,711,500,374,401
1778489908,2026-05-11 08:58:28,1,19.0,77.49,24.06,35.86,330,699,501,376,402
1778490208,2026-05-11 09:03:28,1,19.0,78.25,23.96,34.51,330,707,501,364,403
1778490508,2026-05-11 09:08:28,1,19.0,78.76,24.57,35.93,329,709,506,378,404
1778490808,2026-05-11 09:13:28,1,19.0,79.35,24.37,35.96,327,715,506,375,405
1778491108,2026-05-11 09:18:28,1,19.0,78.68,24.66,38.55,329,705,508,391,406
1778491408,2026-05-11 09:23:28,1,19.0,80.32,24.64,40.81,328,721,504,403,407
1778491708,2026-05-11 09:28:28,1,19.0,79.65,24.94,39.56,329,716,509,396,408
1778492008,2026-05-11 09:33:28,1,19.0,78.78,24.52,37.99,330,712,505,385,409
1778492308,2026-05-11 09:38:28,1,19.0,80.0,24.53,38.07,325,725,506,388,410
1778492608,2026-05-11 09:43:28,1,19.0,79.92,24.6,41.49,328,721,507,402,411
1778492908,2026-05-11 09:48:28,1,19.0,80.29,24.62,38.87,329,717,509,394,412
1778493208,2026-05-11 09:53:28,1,19.0,79.35,24.94,41.34,328,713,508,411,413
1778493508,2026-05-11 09:58:28,1,19.0,79.41,24.85,40.03,327,715,507,399,414
1778493808,2026-05-11 10:03:28,1,19.0,80.39,24.82,39.31,327,723,511,396,415
1778494108,2026-05-11 10:08:28,1,19.0,80.54,24.99,40.39,328,724,511,401,416
1778494408,2026-05-11 10:13:28,1,19.0,80.4,24.56,40.83,329,725,506,406,417
1778494708,2026-05-11 10:18:28,1,19.0,79.4,24.59,41.03,328,713,503,406,418
1778495008,2026-05-11 10:23:28,1,19.0,79.04,24.55,40.99,328,713,504,406,419
1778495308,2026-05-11 10:28:28,1,19.0,81.22,24.56,41.47,329,726,507,408,420
1778495608,2026-05-11 10:33:28,1,19.0,79.26,24.47,41.91,331,713,503,412,421
1778495908,2026-05-11 10:38:28,1,19.0,80.13,23.96,40.3,329,718,501,402,422
1778496208,2026-05-11 10:43:28,1,19.0,80.08,24.72,41.58,328,718,503,409,423
1778496508,2026-05-11 10:48:28,1,19.0,80.42,24.6,42.49,327,723,506,416,424
1778496808,2026-05-11 10:53:28,1,19.0,79.97,24.37,41.57,329,724,504,409,425
1778497108,2026-05-11 10:58:28,1,19.0,80.5,24.55,40.2,328,724,508,399,426
1778497408,2026-05-11 11:03:28,1,19.0,80.66,25.09,40.71,326,723,511,406,427
1778497708,2026-05-11 11:08:28,1,19.0,80.92,25.09,39.17,328,724,509,395,428
1778498008,2026-05-11 11:13:28,1,19.0,80.67,24.77,40.37,329,726,507,404,429
1778498308,2026-05-11 11:18:28,1,19.0,81.06,25.14,43.36,327,725,508,418,430
1778498608,2026-05-11 11:23:28,1,19.0,80.71,24.78,43.17,327,725,506,419,431
1778498908,2026-05-11 11:28:28,1,19.0,82.21,25.64,43.02,326,735,516,413,432
1778499208,2026-05-11 11:33:28,1,19.0,80.46,25.07,39.89,329,720,510,401,433
1778499508,2026-05-11 11:38:28,1,19.0,81.19,25.06,41.95,327,729,510,411,434
1778499808,2026-05-11 11:43:28,1,19.0,81.11,24.56,42.35,329,725,503,415,435
1778500108,2026-05-11 11:48:28,1,19.0,82.3,25.8,42.67,326,739,519,419,436
1778500408,2026-05-11 11:53:28,1,19.0,81.57,25.11,40.98,330,732,509,405,437
1778500708,2026-05-11 11:58:28,1,19.0,82.0,24.78,40.83,330,733,510,404,438
1778501008,2026-05-11 12:03:28,1,19.0,81.49,25.23,42.09,328,730,509,412,439
1778501308,2026-05-11 12:08:28,1,19.0,82.26,25.22,40.26,330,734,513,403,440
1778501608,2026-05-11 12:13:28,1,19.0,83.25,25.6,40.58,328,746,513,406,441
1778501908,2026-05-11 12:18:28,1,19.0,81.89,24.55,39.58,329,734,502,398,442
1778502208,2026-05-11 12:23:28,1,19.0,83.03,24.8,39.71,328,741,506,399,443
1778502508,2026-05-11 12:28:28,1,19.0,83.2,25.22,40.96,325,740,512,405,444
1778502808,2026-05-11 12:33:28,1,19.0,82.17,25.83,40.02,328,740,515,398,445
1778503108,2026-05-11 12:38:28,1,19.0,82.48,25.21,39.56,329,736,512,397,446
1778503408,2026-05-11 12:43:28,1,19.0,82.25,25.53,39.84,327,733,513,401,447
1778503708,2026-05-11 12:48:28,1,19.0,82.72,25.46,40.89,330,739,512,405,448
1778504008,2026-05-11 12:53:28,1,19.0,81.94,25.72,39.05,328,737,516,396,449
1778504308,2026-05-11 12:58:28,1,19.0,81.96,24.14,38.97,329,734,504,393,450
1778504608,2026-05-11 13:03:28,1,19.0,82.84,24.74,41.16,328,739,508,405,451
1778504908,2026-05-11 13:08:28,1,19.0,82.88,24.53,41.43,328,744,507,407,452
1778505208,2026-05-11 13:13:28,1,19.0,83.47,24.96,38.6,327,746,506,391,453
1778505508,2026-05-11 13:18:28,1,19.0,83.54,24.25,39.26,330,746,504,396,454
1778505808,2026-05-11 13:23:28,1,19.0,83.23,24.39,38.66,328,742,504,393,455
1778506108,2026-05-11 13:28:28,1,19.0,84.79,25.09,38.81,329,756,511,393,456
1778506408,2026-05-11 13:33:28,1,19.0,84.26,24.67,40.2,327,752,508,403,457
1778506708,2026-05-11 13:38:28,1,19.0,84.16,23.74,39.02,330,751,499,395,458
1778507008,2026-05-11 13:43:28,1,19.0,83.51,24.64,37.83,327,744,507,386,459
1778507308,2026-05-11 13:48:28,1,19.0,84.32,23.92,37.8,330,750,501,386,460
1778507608,2026-05-11 13:53:28,1,19.0,82.7,24.3,37.44,327,739,507,383,461
1778507908,2026-05-11 13:58:28,1,19.0,83.57,23.82,35.18,327,746,499,370,462
1778508208,2026-05-11 14:03:28,1,19.0,84.1,24.43,37.6,330,750,508,384,463
1778508508,2026-05-11 14:08:28,1,19.0,83.47,23.92,34.62,331,750,502,365,464
1778508808,2026-05-11 14:13:28,1,19.0,84.38,24.51,35.96,330,752,505,375,465
1778509108,2026-05-11 14:18:28,1,19.0,84.38,23.75,35.33,326,753,499,372,466
1778509408,2026-05-11 14:23:28,1,19.0,82.79,23.84,35.64,327,738,498,375,467
1778509708,2026-05-11 14:28:28,1,19.0,84.42,24.29,36.02,331,752,503,376,468
1778510008,2026-05-11 14:33:28,1,19.0,83.33,24.54,34.93,329,743,503,368,469
1778510308,2026-05-11 14:38:28,1,19.0,84.19,24.12,34.25,330,751,503,367,470
1778510608,2026-05-11 14:43:28,1,19.0,83.31,23.18,33.49,325,744,493,359,471
1778510908,2026-05-11 14:48:28,1,19.0,84.05,24.08,32.06,326,749,501,353,472
1778511208,2026-05-11 14:53:28,1,19.0,84.5,23.47,32.13,328,755,498,353,473
1778511508,2026-05-11 14:58:28,1,19.0,83.74,23.8,34.13,328,747,500,364,474
1778511808,2026-05-11 15:03:28,1,19.0,82.96,23.48,32.07,327,745,498,354,475
1778512108,2026-05-11 15:08:28,1,19.0,83.71,22.64,30.12,328,750,490,341,476
1778512408,2026-05-11 15:13:28,1,19.0,82.86,23.75,33.32,328,742,497,358,477
1778512708,2026-05-11 15:18:28,1,19.0,83.25,23.54,32.01,327,745,500,349,478
1778513008,2026-05-11 15:23:28,1,19.0,82.9,22.91,31.29,328,741,495,346,479
1778513308,2026-05-11 15:28:28,1,19.0,83.86,22.21,28.92,325,747,485,334,480
1778513608,2026-05-11 15:33:28,1,19.0,82.5,23.76,29.28,331,736,502,336,481
1778513908,2026-05-11 15:38:28,1,19.0,82.56,22.83,30.23,330,737,490,339,482
1778514208,2026-05-11 15:43:28,1,19.0,84.15,22.74,29.27,328,750,490,333,483
1778514508,2026-05-11 15:48:28,1,19.0,82.65,23.08,27.44,326,737,495,325,484
1778514808,2026-05-11 15:53:28,1,19.0,82.19,23.38,31.28,329,732,498,346,485
1778515108,2026-05-11 15:58:28,1,19.0,83.62,23.27,26.99,328,746,497,323,486
1778515408,2026-05-11 16:03:28,1,19.0,83.95,22.9,29.53,327,748,495,337,487
1778515708,2026-05-11 16:08:28,1,19.0,82.84,23.24,28.92,327,739,492,333,488
1778516008,2026-05-11 16:13:28,1,19.0,83.73,22.99,25.96,330,748,494,315,489
1778516308,2026-05-11 16:18:28,1,19.0,82.16,22.55,23.39,331,737,491,299,490
1778516608,2026-05-11 16:23:28,1,19.0,81.64,22.6,27.38,326,732,487,323,491
1778516908,2026-05-11 16:28:28,1,19.0,82.98,22.15,25.29,328,743,489,308,492
1778517208,2026-05-11 16:33:28,1,19.0,81.96,21.76,26.25,327,733,484,318,493
1778517508,2026-05-11 16:38:28,1,19.0,83.21,22.33,22.36,329,741,489,294,494
1778517808,2026-05-11 16:43:28,1,19.0,82.14,22.33,23.16,331,734,488,298,495
1778518108,2026-05-11 16:48:28,1,19.0,81.73,22.11,25.98,328,731,485,314,496
1778518408,2026-05-11 16:53:28,1,19.0,82.04,22.58,24.33,329,735,490,304,497
1778518708,2026-05-11 16:58:28,1,19.0,81.46,22.0,23.11,328,730,483,297,498
1778519008,2026-05-11 17:03:28,1,19.0,81.54,21.95,21.49,327,728,488,287,499
1778519308,2026-05-11 17:08:28,1,19.0,82.13,21.76,23.0,327,737,481,295,500
1778519608,2026-05-11 17:13:28,1,19.0,80.83,21.8,21.99,327,723,482,290,501
1778519908,2026-05-11 17:18:28,1,19.0,81.61,21.5,22.51,330,731,484,295,502
1778520208,2026-05-11 17:23:28,1,19.0,81.38,21.43,20.56,328,729,480,283,503
1778520508,2026-05-11 17:28:28,1,19.0,80.54,21.33,19.96,327,725,481,278,504
1778520808,2026-05-11 17:33:28,1,19.0,81.73,21.77,22.59,330,731,483,293,505
1778521108,2026-05-11 17:38:28,1,19.0,81.01,21.42,19.91,330,726,481,277,506
1778521408,2026-05-11 17:43:28,1,19.0,80.38,21.77,21.04,327,723,484,287,507
1778521708,2026-05-11 17:48:28,1,19.0,81.51,21.28,20.35,330,728,481,283,508
1778522008,2026-05-11 17:53:28,1,19.0,80.29,21.18,20.88,329,719,479,285,509
1778522308,2026-05-11 17:58:28,1,19.0,80.83,21.34,18.0,325,726,483,267,510
1778522608,2026-05-11 18:03:28,1,19.0,80.83,20.65,21.97,327,726,473,293,511
1778522908,2026-05-11 18:08:28,1,19.0,80.38,21.18,19.62,328,720,478,277,512
1778523208,2026-05-11 18:13:28,1,19.0,80.63,20.73,19.13,329,724,477,274,513
1778523508,2026-05-11 18:18:28,1,19.0,81.2,21.2,19.37,327,730,480,276,514
1778523808,2026-05-11 18:23:28,1,19.0,81.02,20.67,20.6,326,726,475,283,515
1778524108,2026-05-11 18:28:28,1,19.0,79.88,20.13,19.18,328,717,471,274,516
1778524408,2026-05-11 18:33:28,1,19.0,79.27,20.74,18.0,330,715,474,267,517
1778524708,2026-05-11 18:38:28,1,19.0,79.23,20.56,18.0,330,716,474,266,518
1778525008,2026-05-11 18:43:28,1,19.0,80.25,20.48,18.78,329,721,475,273,519
1778525308,2026-05-11 18:48:28,1,19.0,79.0,20.47,18.02,327,710,475,267,520
1778525608,2026-05-11 18:53:28,1,19.0,79.27,19.91,18.1,330,714,471,269,521
1778525908,2026-05-11 18:58:28,1,19.0,79.65,20.32,19.66,325,718,470,275,522
1778526208,2026-05-11 19:03:28,1,19.0,79.7,20.09,18.0,327,720,471,268,523
1778526508,2026-05-11 19:08:28,1,19.0,79.16,20.07,18.0,327,713,471,269,524
1778526808,2026-05-11 19:13:28,1,19.0,78.35,20.42,18.0,329,706,474,267,525
1778527108,2026-05-11 19:18:28,1,19.0,78.72,20.58,19.7,327,707,473,280,526
1778527408,2026-05-11 19:23:28,1,19.0,78.39,20.21,18.0,328,706,471,266,527
1778527708,2026-05-11 19:28:28,1,19.0,78.48,19.87,18.0,326,711,469,267,528
1778528008,2026-05-11 19:33:28,1,19.0,79.14,18.88,18.0,328,714,461,268,529
1778528308,2026-05-11 19:38:28,1,19.0,80.48,19.55,18.0,332,723,468,265,530
1778528608,2026-05-11 19:43:28,1,19.0,78.8,19.4,18.0,328,711,463,269,531
1778528908,2026-05-11 19:48:28,1,19.0,78.73,19.45,20.42,326,709,463,283,532
1778529208,2026-05-11 19:53:28,1,19.0,77.25,20.6,19.54,329,701,473,275,533
1778529508,2026-05-11 19:58:28,1,19.0,78.0,19.74,18.4,327,707,467,269,534
1778529808,2026-05-11 20:03:28,1,19.0,78.28,19.77,19.17,326,707,468,277,535
1778530108,2026-05-11 20:08:28,1,19.0,79.42,18.7,18.0,329,714,460,266,536
1778530408,2026-05-11 20:13:28,1,19.0,79.0,19.84,18.0,327,713,468,269,537
1778530708,2026-05-11 20:18:28,1,19.0,78.12,18.83,18.0,328,703,461,267,538
1778531008,2026-05-11 20:23:28,1,19.0,78.08,19.18,18.0,327,706,462,271,539
1778531308,2026-05-11 20:28:28,1,19.0,79.32,18.78,18.0,330,715,462,268,540
1778531608,2026-05-11 20:33:28,1,19.0,79.45,18.75,18.9,325,713,457,272,541
1778531908,2026-05-11 20:38:28,1,19.0,79.29,18.72,18.59,327,715,460,272,542
1778532208,2026-05-11 20:43:28,1,19.0,77.75,19.01,20.19,328,704,462,281,543
1778532508,2026-05-11 20:48:28,1,19.0,78.51,18.8,20.77,329,712,463,282,544
1778532808,2026-05-11 20:53:28,1,19.0,77.56,18.47,19.52,328,700,456,276,545
1778533108,2026-05-11 20:58:28,1,19.0,78.54,18.55,19.68,329,707,458,277,546
1778533408,2026-05-11 21:03:28,1,19.0,77.49,19.03,23.17,327,703,462,300,547
1778533708,2026-05-11 21:08:28,1,19.0,78.29,18.4,19.97,328,708,456,277,548
1778534008,2026-05-11 21:13:28,1,19.0,77.42,17.83,18.32,328,700,456,270,549
1778534308,2026-05-11 21:18:28,1,19.0,78.24,18.18,19.67,327,706,453,275,550
1778534608,2026-05-11 21:23:28,1,19.0,78.07,18.66,18.55,329,705,458,272,551
1778534908,2026-05-11 21:28:28,1,19.0,78.55,18.29,19.65,329,712,461,275,552
1778535208,2026-05-11 21:33:28,1,19.0,78.46,18.56,21.2,330,704,458,287,553
1778535508,2026-05-11 21:38:28,1,19.0,78.59,18.37,24.19,328,707,458,305,554
1778535808,2026-05-11 21:43:28,1,19.0,79.15,18.27,23.05,329,712,457,297,555
1778536108,2026-05-11 21:48:28,1,19.0,79.07,18.57,23.06,329,709,456,297,556
1778536408,2026-05-11 21:53:28,1,19.0,79.27,17.2,21.2,328,715,446,288,557
1778536708,2026-05-11 21:58:28,1,19.0,79.56,18.21,21.64,328,715,454,289,558
1778537008,2026-05-11 22:03:28,1,19.0,78.58,17.99,21.56,327,708,454,286,559
1778537308,2026-05-11 22:08:28,1,19.0,79.68,18.06,26.45,331,714,452,320,560
1778537608,2026-05-11 22:13:28,1,19.0,79.12,18.65,22.19,329,716,458,294,561
1778537908,2026-05-11 22:18:28,1,19.0,78.94,17.71,24.75,327,711,452,308,562
1778538208,2026-05-11 22:23:28,1,19.0,79.03,18.98,25.8,328,708,461,314,563
1778538508,2026-05-11 22:28:28,1,19.0,79.52,17.87,26.31,327,717,453,318,564
1778538808,2026-05-11 22:33:28,1,19.0,79.56,17.41,26.66,326,718,449,317,565
1778539108,2026-05-11 22:38:28,1,19.0,79.3,17.49,25.19,329,713,449,311,566
1778539408,2026-05-11 22:43:28,1,19.0,79.98,18.22,26.88,327,720,455,320,567
1778539708,2026-05-11 22:48:28,1,19.0,79.78,18.52,25.65,330,717,456,316,568
1778540008,2026-05-11 22:53:28,1,19.0,79.67,17.88,25.37,327,722,453,312,569
1778540308,2026-05-11 22:58:28,1,19.0,79.91,17.88,24.6,328,718,451,306,570
1778540608,2026-05-11 23:03:28,1,19.0,79.61,17.46,27.89,330,720,450,325,571
1778540908,2026-05-11 23:08:28,1,19.0,80.58,17.71,30.49,329,726,450,341,572
1778541208,2026-05-11 23:13:28,1,19.0,79.57,18.44,29.58,329,716,458,335,573
1778541508,2026-05-11 23:18:28,1,19.0,80.31,18.62,28.42,329,719,459,331,574
1778541808,2026-05-11 23:23:28,1,19.0,80.74,18.22,29.56,330,722,456,337,575
1778542108,2026-05-11 23:28:28,1,19.0,82.4,17.77,29.3,329,739,452,336,576
1778542408,2026-05-11 23:33:28,1,19.0,81.02,18.26,28.69,328,730,455,332,577
1778542708,2026-05-11 23:38:28,1,19.0,81.66,17.52,29.93,329,733,451,339,578
1778543008,2026-05-11 23:43:28,1,19.0,80.11,16.98,28.92,327,725,446,333,579
1778543308,2026-05-11 23:48:28,1,19.0,81.13,18.41,29.47,326,724,455,336,580
1778543608,2026-05-11 23:53:28,1,19.0,80.47,18.11,30.71,331,721,454,343,581
1778543908,2026-05-11 23:58:28,1,19.0,80.97,18.35,31.0,328,726,456,346,582
1778544208,2026-05-12 00:03:28,1,19.0,81.4,17.82,31.75,330,733,454,347,583
1778544508,2026-05-12 00:08:28,1,19.0,81.95,18.28,29.74,328,734,455,333,584
1778544808,2026-05-12 00:13:28,1,19.0,82.43,18.73,33.48,328,735,458,358,585
1778545108,2026-05-12 00:18:28,1,19.0,82.24,18.48,33.73,329,737,458,363,586
1778545408,2026-05-12 00:23:28,1,19.0,80.4,17.81,33.45,329,721,450,360,587
1778545708,2026-05-12 00:28:28,1,19.0,82.22,18.43,36.2,327,737,457,375,588
1778546008,2026-05-12 00:33:28,1,19.0,81.59,17.89,35.97,327,731,453,376,589
1778546308,2026-05-12 00:38:28,1,19.0,82.26,17.98,34.82,329,734,453,367,590
1778546608,2026-05-12 00:43:28,1,19.0,82.23,18.4,34.21,329,737,456,367,591
1778546908,2026-05-12 00:48:28,1,19.0,82.62,17.71,32.56,328,737,451,354,592
1778547208,2026-05-12 00:53:28,1,19.0,82.24,18.19,37.5,330,740,453,381,593
1778547508,2026-05-12 00:58:28,1,19.0,81.57,17.48,34.03,327,731,449,362,594
1778547808,2026-05-12 01:03:28,1,19.0,82.04,17.98,35.48,329,733,456,372,595
1778548108,2026-05-12 01:08:28,1,19.0,82.75,18.57,36.93,330,740,458,380,596
1778548408,2026-05-12 01:13:28,1,19.0,82.4,18.0,37.3,327,735,454,384,597
1778548708,2026-05-12 01:18:28,1,19.0,83.11,18.1,40.02,328,743,457,398,598
1778549008,2026-05-12 01:23:28,1,19.0,82.36,18.17,38.91,327,736,453,392,599
1778549308,2026-05-12 01:28:28,1,19.0,82.72,18.61,37.45,329,741,458,385,600
1778549608,2026-05-12 01:33:28,1,19.0,82.42,18.39,38.14,332,738,457,389,601
1778549908,2026-05-12 01:38:28,1,19.0,83.65,18.24,41.08,327,750,456,406,602
1778550208,2026-05-12 01:43:28,1,19.0,83.35,19.34,36.03,327,744,462,379,603
1778550508,2026-05-12 01:48:28,1,19.0,82.53,18.0,36.36,329,741,452,376,604
1778550808,2026-05-12 01:53:28,1,19.0,83.33,18.22,38.69,327,740,454,391,605
1778551108,2026-05-12 01:58:28,1,19.0,83.63,18.96,41.91,331,746,462,412,606
1778551408,2026-05-12 02:03:28,1,19.0,83.18,18.31,40.27,329,742,458,400,607
1778551708,2026-05-12 02:08:28,1,19.0,83.56,18.39,42.38,328,747,455,416,608
1778552008,2026-05-12 02:13:28,1,19.0,83.32,18.97,40.89,327,745,462,404,609
1778552308,2026-05-12 02:18:28,1,19.0,83.63,19.21,42.04,327,744,461,410,610
1778552608,2026-05-12 02:23:28,1,19.0,82.14,18.84,39.6,327,735,460,395,611
1778552908,2026-05-12 02:28:28,1,19.0,83.28,18.58,42.49,328,744,458,415,612
1778553208,2026-05-12 02:33:28,1,19.0,82.19,19.03,40.52,328,734,461,404,613
1778553508,2026-05-12 02:38:28,1,19.0,83.97,18.68,44.83,329,747,461,428,614
1778553808,2026-05-12 02:43:28,1,19.0,82.95,18.74,39.55,329,738,458,399,615
1778554108,2026-05-12 02:48:28,1,19.0,82.88,19.57,42.62,328,742,466,413,616
1778554408,2026-05-12 02:53:28,1,19.0,83.29,19.61,40.03,330,744,463,398,617
1778554708,2026-05-12 02:58:28,1,19.0,83.82,19.42,41.1,326,749,467,408,618
1778555008,2026-05-12 03:03:28,1,19.0,82.52,19.57,39.16,328,737,468,393,619
1778555308,2026-05-12 03:08:28,1,19.0,83.7,19.36,38.87,327,748,465,395,620
1778555608,2026-05-12 03:13:28,1,19.0,82.51,19.9,42.7,328,737,468,417,621
1778555908,2026-05-12 03:18:28,1,19.0,82.36,19.96,44.12,329,736,469,425,622
1778556208,2026-05-12 03:23:28,1,19.0,81.55,20.17,41.67,329,729,470,408,623
1778556508,2026-05-12 03:28:28,1,19.0,82.62,19.33,40.66,328,738,462,405,624
1778556808,2026-05-12 03:33:28,1,19.0,83.14,19.47,41.17,328,743,468,407,625
1778557108,2026-05-12 03:38:28,1,19.0,82.85,19.82,42.64,325,742,467,414,626
1778557408,2026-05-12 03:43:28,1,19.0,83.85,19.71,42.84,327,745,469,417,627
1778557708,2026-05-12 03:48:28,1,19.0,82.53,19.99,40.6,326,738,470,400,628
1778558008,2026-05-12 03:53:28,1,19.0,82.92,20.04,40.7,327,742,469,404,629
1778558308,2026-05-12 03:58:28,1,19.0,81.4,20.0,40.55,328,731,468,399,630
1778558608,2026-05-12 04:03:28,1,19.0,82.67,20.08,42.51,329,742,469,414,631
1778558908,2026-05-12 04:08:28,1,19.0,81.94,21.15,43.9,329,734,480,422,632
1778559208,2026-05-12 04:13:28,1,19.0,82.01,20.05,39.06,327,732,471,393,633
1778559508,2026-05-12 04:18:28,1,19.0,81.75,20.49,40.85,330,731,474,404,634
1778559808,2026-05-12 04:23:28,1,19.0,82.87,20.5,41.43,330,742,472,408,635
1778560108,2026-05-12 04:28:28,1,19.0,82.34,20.94,41.2,330,736,477,407,636
1778560408,2026-05-12 04:33:28,1,19.0,81.04,20.4,41.32,328,726,473,406,637
1778560708,2026-05-12 04:38:28,1,19.0,81.51,20.82,40.38,329,733,477,401,638
1778561008,2026-05-12 04:43:28,1,19.0,80.93,20.6,41.08,327,724,472,407,639
1778561308,2026-05-12 04:48:28,1,19.0,80.97,21.13,39.13,327,728,479,396,640
1778561608,2026-05-12 04:53:28,1,19.0,81.07,21.01,40.4,328,730,473,405,641
1778561908,2026-05-12 04:58:28,1,19.0,81.15,20.99,36.11,326,727,478,375,642
1778562208,2026-05-12 05:03:28,1,19.0,80.77,21.17,39.73,330,729,481,396,643
1778562508,2026-05-12 05:08:28,1,19.0,81.09,21.14,39.41,328,728,478,397,644
1778562808,2026-05-12 05:13:28,1,19.0,81.01,20.61,38.37,327,727,475,391,645
1778563108,2026-05-12 05:18:28,1,19.0,81.45,21.78,38.38,328,732,485,387,646
1778563408,2026-05-12 05:23:28,1,19.0,80.65,20.74,38.16,326,725,474,388,647
1778563708,2026-05-12 05:28:28,1,19.0,81.24,22.2,36.96,330,731,487,383,648
1778564008,2026-05-12 05:33:28,1,19.0,79.71,21.99,38.69,325,713,484,390,649
1778564308,2026-05-12 05:38:28,1,19.0,80.73,22.18,38.42,328,725,487,390,650
1778564608,2026-05-12 05:43:28,1,19.0,80.16,21.52,37.64,328,722,482,386,651
1778564908,2026-05-12 05:48:28,1,19.0,79.33,22.7,37.71,326,716,490,388,652
1778565208,2026-05-12 05:53:28,1,19.0,79.92,22.03,36.03,330,720,487,375,653
1778565508,2026-05-12 05:58:28,1,19.0,79.71,22.52,34.1,326,716,492,362,654
1778565808,2026-05-12 06:03:28,1,19.0,79.19,22.6,34.77,329,718,492,368,655
1778566108,2026-05-12 06:08:28,1,19.0,79.24,21.94,37.86,328,714,486,389,656
1778566408,2026-05-12 06:13:28,1,19.0,78.8,22.12,36.57,326,710,485,378,657
1778566708,2026-05-12 06:18:28,1,19.0,79.51,22.76,33.44,330,718,492,361,658
1778567008,2026-05-12 06:23:28,1,19.0,79.53,22.1,35.41,330,719,486,372,659
1778567308,2026-05-12 06:28:28,1,19.0,78.31,21.94,35.32,327,708,487,372,660
1778567608,2026-05-12 06:33:28,1,19.0,78.5,22.45,32.23,327,704,491,352,661
1778567908,2026-05-12 06:38:28,1,19.0,78.53,22.04,34.36,326,706,485,365,662
1778568208,2026-05-12 06:43:28,1,19.0,78.57,22.15,34.39,329,710,486,368,663
1778568508,2026-05-12 06:48:28,1,19.0,79.34,23.02,34.39,329,716,495,367,664
1778568808,2026-05-12 06:53:28,1,19.0,79.12,23.14,32.25,328,711,495,352,665
1778569108,2026-05-12 06:58:28,1,19.0,77.74,22.15,32.08,328,702,484,353,666
1778569408,2026-05-12 07:03:28,1,19.0,78.11,22.84,30.81,328,704,491,345,667
1778569708,2026-05-12 07:08:28,1,19.0,77.7,22.73,33.68,330,707,492,363,668
1778570008,2026-05-12 07:13:28,1,19.0,79.32,23.6,32.3,330,716,499,354,669
1778570308,2026-05-12 07:18:28,1,19.0,78.34,23.08,30.81,329,710,496,345,670
1778570608,2026-05-12 07:23:28,1,19.0,77.85,23.08,31.14,328,703,492,348,671
1778570908,2026-05-12 07:28:28,1,19.0,77.89,22.86,28.95,326,703,493,332,672
1778571208,2026-05-12 07:33:28,1,19.0,78.15,23.38,27.16,326,707,497,320,673
1778571508,2026-05-12 07:38:28,1,19.0,78.31,23.69,31.97,329,709,499,353,674
1778571808,2026-05-12 07:43:28,1,19.0,77.96,23.69,27.78,329,706,499,325,675
1778572108,2026-05-12 07:48:28,1,19.0,79.12,23.76,25.46,329,713,500,312,676
1778572408,2026-05-12 07:53:28,1,19.0,77.95,24.14,27.12,327,703,502,321,677
1778572708,2026-05-12 07:58:28,1,19.0,77.59,23.24,26.52,328,700,495,316,678
1778573008,2026-05-12 08:03:28,1,19.0,77.68,23.49,29.17,325,698,496,335,679
1778573308,2026-05-12 08:08:28,1,19.0,77.18,23.19,28.55,327,698,497,331,680
1778573608,2026-05-12 08:13:28,1,19.0,77.16,23.88,28.62,327,699,500,330,681
1778573908,2026-05-12 08:18:28,1,19.0,76.53,24.56,26.31,328,695,505,316,682
1778574208,2026-05-12 08:23:28,1,19.0,78.52,24.0,24.96,329,712,500,309,683
1778574508,2026-05-12 08:28:28,1,19.0,77.59,23.84,26.86,330,704,502,319,684
1778574808,2026-05-12 08:33:28,1,19.0,77.08,24.04,25.53,328,696,503,314,685
1778575108,2026-05-12 08:38:28,1,19.0,77.06,24.6,27.44,326,699,506,325,686
1778575408,2026-05-12 08:43:28,1,19.0,77.34,23.41,25.83,327,699,496,312,687
1778575708,2026-05-12 08:48:28,1,19.0,77.47,24.66,22.85,332,700,507,298,688
1778576008,2026-05-12 08:53:28,1,19.0,77.32,24.16,24.32,329,702,502,303,689
1778576308,2026-05-12 08:58:28,1,19.0,78.5,24.57,22.71,328,706,507,298,690
1778576608,2026-05-12 09:03:28,1,19.0,76.68,23.95,25.88,329,695,502,316,691
1778576908,2026-05-12 09:08:28,1,19.0,78.49,24.21,23.22,328,707,503,299,692
1778577208,2026-05-12 09:13:28,1,19.0,76.88,24.62,22.82,332,694,508,297,693
1778577508,2026-05-12 09:18:28,1,19.0,78.41,24.8,20.61,326,707,509,284,694
1778577808,2026-05-12 09:23:28,1,19.0,77.61,24.52,20.48,327,704,509,285,695
1778578108,2026-05-12 09:28:28,1,19.0,78.12,24.06,23.0,329,709,503,295,696
1778578408,2026-05-12 09:33:28,1,19.0,78.28,24.65,20.87,327,706,506,283,697
1778578708,2026-05-12 09:38:28,1,19.0,77.88,24.63,21.69,329,704,510,294,698
1778579008,2026-05-12 09:43:28,1,19.0,77.94,24.03,19.05,325,706,501,274,699
1778579308,2026-05-12 09:48:28,1,19.0,78.55,24.37,21.11,328,703,505,287,700
1778579608,2026-05-12 09:53:28,1,19.0,77.64,24.38,19.59,329,699,504,275,701
1778579908,2026-05-12 09:58:28,1,19.0,78.18,23.79,20.84,328,709,499,287,702
1778580208,2026-05-12 10:03:28,1,19.0,78.65,24.56,20.45,328,709,505,282,703
1778580508,2026-05-12 10:08:28,1,19.0,78.13,24.85,22.81,328,705,506,298,704
1778580808,2026-05-12 10:13:28,1,19.0,78.62,25.1,21.23,330,709,509,287,705
1778581108,2026-05-12 10:18:28,1,19.0,79.88,25.01,21.33,329,717,509,289,706
1778581408,2026-05-12 10:23:28,1,19.0,78.29,24.55,18.0,329,706,508,268,707
1778581708,2026-05-12 10:28:28,1,19.0,79.13,25.38,18.0,328,710,514,266,708
1778582008,2026-05-12 10:33:28,1,19.0,78.97,24.85,18.12,328,712,510,271,709
1778582308,2026-05-12 10:38:28,1,19.0,78.08,24.72,20.17,326,704,509,283,710
1778582608,2026-05-12 10:43:28,1,19.0,78.61,24.81,18.08,325,707,509,269,711
1778582908,2026-05-12 10:48:28,1,19.0,79.93,24.63,19.35,329,717,508,275,712
1778583208,2026-05-12 10:53:28,1,19.0,78.86,24.61,20.28,329,714,505,280,713
1778583508,2026-05-12 10:58:28,1,19.0,79.65,24.57,18.0,326,715,505,269,714
1778583808,2026-05-12 11:03:28,1,19.0,79.35,24.73,18.0,329,715,509,268,715
1778584108,2026-05-12 11:08:28,1,19.0,80.47,25.9,18.49,325,719,517,270,716
1778584408,2026-05-12 11:13:28,1,19.0,78.25,25.16,18.0,327,709,510,268,717
1778584708,2026-05-12 11:18:28,1,19.0,78.97,24.6,18.0,326,710,507,267,718
1778585008,2026-05-12 11:23:28,1,19.0,78.7,25.52,19.08,328,706,511,272,719
1778585308,2026-05-12 11:28:28,1,19.0,78.58,24.81,18.0,328,709,510,266,720
1778585608,2026-05-12 11:33:28,1,19.0,79.37,24.87,18.0,328,714,510,268,721
1778585908,2026-05-12 11:38:28,1,19.0,79.86,24.59,20.75,327,718,507,280,722
1778586208,2026-05-12 11:43:28,1,19.0,80.64,24.7,18.0,329,724,506,267,723
1778586508,2026-05-12 11:48:28,1,19.0,80.16,24.85,19.2,328,723,507,273,724
1778586808,2026-05-12 11:53:28,1,19.0,79.85,24.84,20.09,330,718,507,277,725
1778587108,2026-05-12 11:58:28,1,19.0,79.67,24.97,18.0,329,715,510,268,726
1778587408,2026-05-12 12:03:28,1,19.0,80.84,24.91,18.0,330,725,510,265,727
1778587708,2026-05-12 12:08:28,1,19.0,80.95,24.68,20.33,330,726,507,281,728
1778588008,2026-05-12 12:13:28,1,19.0,80.54,24.89,18.0,328,724,508,266,729
1778588308,2026-05-12 12:18:28,1,19.0,79.99,25.31,19.05,332,725,513,275,730
1778588608,2026-05-12 12:23:28,1,19.0,80.88,24.82,18.0,327,725,509,267,731
1778588908,2026-05-12 12:28:28,1,19.0,81.29,25.17,19.63,330,725,511,277,732
1778589208,2026-05-12 12:33:28,1,19.0,80.89,24.73,20.78,326,727,508,284,733
1778589508,2026-05-12 12:38:28,1,19.0,81.34,24.55,18.0,332,731,507,270,734
1778589808,2026-05-12 12:43:28,1,19.0,80.62,24.83,18.15,330,724,507,270,735
1778590108,2026-05-12 12:48:28,1,19.0,82.0,24.2,18.52,327,733,503,271,736
1778590408,2026-05-12 12:53:28,1,19.0,81.81,25.2,19.74,329,732,514,277,737
1778590708,2026-05-12 12:58:28,1,19.0,81.69,25.42,18.27,326,736,512,269,738
1778591008,2026-05-12 13:03:28,1,19.0,82.7,25.26,22.4,329,741,513,295,739
1778591308,2026-05-12 13:08:28,1,19.0,81.06,24.7,19.86,329,725,505,281,740
1778591608,2026-05-12 13:13:28,1,19.0,80.98,24.14,19.02,329,725,504,275,741
1778591908,2026-05-12 13:18:28,1,19.0,81.6,24.22,21.22,329,731,503,288,742
1778592208,2026-05-12 13:23:28,1,19.0,82.75,24.59,19.44,327,743,508,276,743
1778592508,2026-05-12 13:28:28,1,19.0,81.12,24.49,21.35,328,728,506,288,744
1778592808,2026-05-12 13:33:28,1,19.0,81.68,24.24,20.23,328,731,506,278,745
1778593108,2026-05-12 13:38:28,1,19.0,80.91,24.58,21.67,327,723,506,290,746
1778593408,2026-05-12 13:43:28,1,19.0,82.56,24.15,19.94,330,739,502,279,747
1778593708,2026-05-12 13:48:28,1,19.0,81.88,25.1,20.62,327,730,510,283,748
1778594008,2026-05-12 13:53:28,1,19.0,81.58,24.43,21.67,327,731,504,290,749
1778594308,2026-05-12 13:58:28,1,19.0,82.37,24.07,20.28,327,735,502,281,750
1778594608,2026-05-12 14:03:28,1,19.0,82.34,24.07,21.23,328,738,501,288,751
1778594908,2026-05-12 14:08:28,1,19.0,82.25,24.6,23.66,328,737,505,300,752
1778595208,2026-05-12 14:13:28,1,19.0,81.81,24.23,25.64,328,733,503,314,753
1778595508,2026-05-12 14:18:28,1,19.0,82.21,24.07,22.16,328,738,505,292,754
1778595808,2026-05-12 14:23:28,1,19.0,81.73,24.24,25.3,328,732,502,309,755
1778596108,2026-05-12 14:28:28,1,19.0,81.69,23.68,24.19,328,731,499,304,756
1778596408,2026-05-12 14:33:28,1,19.0,81.32,23.82,24.4,327,728,498,306,757
1778596708,2026-05-12 14:38:28,1,19.0,82.0,23.74,23.49,327,734,499,300,758
1778597008,2026-05-12 14:43:28,1,19.0,81.9,23.49,26.09,329,736,497,316,759
1778597308,2026-05-12 14:48:28,1,19.0,81.56,23.34,26.09,327,728,499,316,760
1778597608,2026-05-12 14:53:28,1,19.0,82.54,23.31,27.12,327,739,497,326,761
1778597908,2026-05-12 14:58:28,1,19.0,81.95,23.69,27.65,329,735,500,324,762
1778598208,2026-05-12 15:03:28,1,19.0,82.31,23.98,29.31,329,740,501,335,763
1778598508,2026-05-12 15:08:28,1,19.0,81.53,23.32,28.62,329,729,498,330,764
1778598808,2026-05-12 15:13:28,1,19.0,81.34,23.14,27.78,331,728,496,326,765
1778599108,2026-05-12 15:18:28,1,19.0,81.84,23.41,28.64,330,736,501,329,766
1778599408,2026-05-12 15:23:28,1,19.0,82.37,23.55,31.76,327,736,498,350,767
1778599708,2026-05-12 15:28:28,1,19.0,81.75,23.85,29.58,326,734,501,338,768
1778600008,2026-05-12 15:33:28,1,19.0,81.38,23.04,30.4,327,733,494,343,769
1778600308,2026-05-12 15:38:28,1,19.0,81.89,23.21,31.01,328,733,497,343,770
1778600608,2026-05-12 15:43:28,1,19.0,81.61,22.77,30.15,326,733,490,341,771
1778600908,2026-05-12 15:48:28,1,19.0,82.59,22.65,32.93,330,741,490,361,772
1778601208,2026-05-12 15:53:28,1,19.0,82.03,23.11,31.93,330,735,495,350,773
1778601508,2026-05-12 15:58:28,1,19.0,80.94,22.24,31.9,326,726,485,351,774
1778601808,2026-05-12 16:03:28,1,19.0,80.12,22.67,33.58,327,722,491,362,775
1778602108,2026-05-12 16:08:28,1,19.0,81.73,22.52,32.88,329,731,489,358,776
1778602408,2026-05-12 16:13:28,1,19.0,81.32,22.47,33.02,331,726,488,358,777
1778602708,2026-05-12 16:18:28,1,19.0,80.2,22.57,32.78,327,722,490,355,778
1778603008,2026-05-12 16:23:28,1,19.0,80.6,23.27,35.54,327,723,498,372,779
1778603308,2026-05-12 16:28:28,1,19.0,80.68,22.81,33.43,327,723,491,360,780
1778603608,2026-05-12 16:33:28,1,19.0,79.42,22.08,33.54,325,717,487,359,781
1778603908,2026-05-12 16:38:28,1,19.0,80.57,22.72,35.25,329,723,490,375,782
1778604208,2026-05-12 16:43:28,1,19.0,80.16,22.41,37.3,328,718,487,384,783
1778604508,2026-05-12 16:48:28,1,19.0,80.82,22.13,33.89,326,725,488,363,784
1778604808,2026-05-12 16:53:28,1,19.0,80.53,22.07,37.49,327,728,485,383,785
1778605108,2026-05-12 16:58:28,1,19.0,80.33,21.87,35.02,329,724,483,369,786
1778605408,2026-05-12 17:03:28,1,19.0,80.56,21.96,41.25,333,725,487,408,787
1778605708,2026-05-12 17:08:28,1,19.0,79.26,21.62,34.08,327,713,482,361,788
1778606008,2026-05-12 17:13:28,1,19.0,79.53,22.27,36.42,330,716,488,378,789
1778606308,2026-05-12 17:18:28,1,19.0,79.7,21.69,38.61,326,714,483,391,790
1778606608,2026-05-12 17:23:28,1,19.0,78.49,21.75,38.73,331,709,484,391,791
1778606908,2026-05-12 17:28:28,1,19.0,79.97,21.7,39.21,331,722,482,395,792
1778607208,2026-05-12 17:33:28,1,19.0,78.99,21.65,37.9,327,712,480,387,793
1778607508,2026-05-12 17:38:28,1,19.0,79.78,21.6,37.42,326,717,481,384,794
1778607808,2026-05-12 17:43:28,1,19.0,79.53,21.17,37.64,329,716,481,386,795
1778608108,2026-05-12 17:48:28,1,19.0,78.52,21.18,38.98,328,708,479,392,796
1778608408,2026-05-12 17:53:28,1,19.0,78.8,22.03,43.44,329,709,489,422,797
1778608708,2026-05-12 17:58:28,1,19.0,78.86,21.14,35.94,332,709,480,374,798
1778609008,2026-05-12 18:03:28,1,19.0,76.96,21.27,39.3,327,692,478,396,799
1778609308,2026-05-12 18:08:28,1,19.0,79.03,21.87,38.55,329,714,483,390,800
1778609608,2026-05-12 18:13:28,1,19.0,78.65,20.12,38.96,327,710,469,390,801
1778609908,2026-05-12 18:18:28,1,19.0,78.48,20.84,41.09,328,705,477,406,802
1778610208,2026-05-12 18:23:28,1,19.0,77.8,21.06,39.61,328,701,479,399,803
1778610508,2026-05-12 18:28:28,1,19.0,77.22,20.73,40.65,330,699,476,401,804
1778610808,2026-05-12 18:33:28,1,19.0,77.58,19.99,39.29,327,701,470,397,805
1778611108,2026-05-12 18:38:28,1,19.0,77.86,20.14,40.45,329,705,472,403,806
1778611408,2026-05-12 18:43:28,1,19.0,77.38,20.08,42.52,328,701,472,414,807
1778611708,2026-05-12 18:48:28,1,19.0,77.48,20.23,39.4,328,699,471,396,808
1778612008,2026-05-12 18:53:28,1,19.0,77.83,20.47,39.98,328,702,474,398,809
1778612308,2026-05-12 18:58:28,1,19.0,78.02,20.18,42.12,327,707,469,412,810
1778612608,2026-05-12 19:03:28,1,19.0,77.22,19.94,43.65,329,699,472,422,811
1778612908,2026-05-12 19:08:28,1,19.0,78.0,19.97,44.61,326,704,469,427,812
1778613208,2026-05-12 19:13:28,1,19.0,76.46,19.86,40.65,324,696,469,404,813
1778613508,2026-05-12 19:18:28,1,19.0,76.97,19.73,41.86,327,695,467,409,814
1778613808,2026-05-12 19:23:28,1,19.0,76.72,19.41,39.93,326,696,462,398,815
1778614108,2026-05-12 19:28:28,1,19.0,77.35,19.45,41.92,329,701,463,411,816
1778614408,2026-05-12 19:33:28,1,19.0,75.97,19.8,43.87,327,692,470,422,817
1778614708,2026-05-12 19:38:28,1,19.0,76.39,20.27,43.0,331,695,473,418,818
1778615008,2026-05-12 19:43:28,1,19.0,76.15,19.46,40.85,331,690,465,403,819
1778615308,2026-05-12 19:48:28,1,19.0,76.48,19.68,44.29,326,693,467,427,820
1778615608,2026-05-12 19:53:28,1,19.0,77.18,19.97,42.57,328,697,469,415,821
1778615908,2026-05-12 19:58:28,1,19.0,76.56,19.72,43.68,328,693,467,420,822
1778616208,2026-05-12 20:03:28,1,19.0,77.1,19.36,41.1,326,699,465,406,823
1778616508,2026-05-12 20:08:28,1,19.0,76.36,19.44,40.18,328,694,464,400,824
1778616808,2026-05-12 20:13:28,1,19.0,76.07,19.58,43.65,327,689,465,419,825
1778617108,2026-05-12 20:18:28,1,19.0,76.2,17.89,41.07,329,690,454,405,826
1778617408,2026-05-12 20:23:28,1,19.0,76.34,18.84,40.5,326,693,460,404,827
1778617708,2026-05-12 20:28:28,1,19.0,75.98,19.46,40.89,326,687,466,406,828
1778618008,2026-05-12 20:33:28,1,19.0,76.09,19.16,39.92,326,693,463,399,829
1778618308,2026-05-12 20:38:28,1,19.0,77.53,19.07,41.82,329,699,463,410,830
1778618608,2026-05-12 20:43:28,1,19.0,77.08,18.64,41.01,326,698,462,404,831
1778618908,2026-05-12 20:48:28,1,19.0,75.98,19.57,41.11,328,688,467,406,832
1778619208,2026-05-12 20:53:28,1,19.0,75.33,18.74,40.84,333,688,462,404,833
1778619508,2026-05-12 20:58:28,1,19.0,76.44,18.61,37.72,330,691,458,386,834
1778619808,2026-05-12 21:03:28,1,19.0,76.71,19.17,40.83,328,694,462,407,835
1778620108,2026-05-12 21:08:28,1,19.0,77.27,18.43,40.8,328,701,457,405,836
1778620408,2026-05-12 21:13:28,1,19.0,75.87,18.89,39.58,328,689,459,396,837
1778620708,2026-05-12 21:18:28,1,19.0,76.93,19.02,40.37,330,696,461,401,838
1778621008,2026-05-12 21:23:28,1,19.0,76.62,18.39,40.74,329,694,457,406,839
1778621308,2026-05-12 21:28:28,1,19.0,76.4,18.62,36.42,328,695,457,377,840
1778621608,2026-05-12 21:33:28,1,19.0,76.19,18.92,39.02,329,691,461,393,841
1778621908,2026-05-12 21:38:28,1,19.0,76.04,18.23,39.45,324,691,455,395,842
1778622208,2026-05-12 21:43:28,1,19.0,76.15,18.28,39.87,327,690,454,398,843
1778622508,2026-05-12 21:48:28,1,19.0,76.28,18.51,37.03,328,689,458,381,844
1778622808,2026-05-12 21:53:28,1,19.0,76.23,18.27,38.5,327,695,454,388,845
1778623108,2026-05-12 21:58:28,1,19.0,77.91,18.31,38.37,329,702,456,390,846
1778623408,2026-05-12 22:03:28,1,19.0,77.42,18.33,37.65,328,701,453,383,847
1778623708,2026-05-12 22:08:28,1,19.0,77.11,17.72,37.33,325,701,452,381,848
1778624008,2026-05-12 22:13:28,1,19.0,76.82,17.24,32.8,330,699,447,357,849
1778624308,2026-05-12 22:18:28,1,19.0,77.2,18.76,35.04,329,699,457,369,850
1778624608,2026-05-12 22:23:28,1,19.0,78.11,17.75,35.05,332,703,450,371,851
1778624908,2026-05-12 22:28:28,1,19.0,76.53,18.25,35.14,330,692,457,371,852
1778625208,2026-05-12 22:33:28,1,19.0,77.4,18.33,33.02,329,698,458,357,853
1778625508,2026-05-12 22:38:28,1,19.0,78.51,18.45,34.4,326,710,458,366,854
1778625808,2026-05-12 22:43:28,1,19.0,78.27,18.11,33.43,326,704,456,361,855
1778626108,2026-05-12 22:48:28,1,19.0,78.65,18.06,36.37,331,714,458,375,856
1778626408,2026-05-12 22:53:28,1,19.0,77.91,17.74,31.4,328,703,452,346,857
1778626708,2026-05-12 22:58:28,1,19.0,77.67,17.9,28.91,329,703,452,333,858
1778627008,2026-05-12 23:03:28,1,19.0,78.07,18.38,31.84,326,703,458,350,859
1778627308,2026-05-12 23:08:28,1,19.0,78.27,18.09,32.33,330,706,454,354,860
1778627608,2026-05-12 23:13:28,1,19.0,77.37,17.65,31.78,330,699,448,352,861
1778627908,2026-05-12 23:18:28,1,19.0,78.36,18.41,30.52,326,708,457,342,862
1778628208,2026-05-12 23:23:28,1,19.0,78.29,17.68,30.56,330,706,449,345,863
1778628508,2026-05-12 23:28:28,1,19.0,78.56,18.58,31.65,326,709,459,347,864
1778628808,2026-05-12 23:33:28,1,19.0,78.01,18.94,31.53,328,704,459,348,865
1778629108,2026-05-12 23:38:28,1,19.0,78.52,18.11,28.25,327,707,457,329,866
1778629408,2026-05-12 23:43:28,1,19.0,78.73,17.3,27.84,327,708,448,327,867
1778629708,2026-05-12 23:48:28,1,19.0,79.44,18.1,28.13,330,715,455,329,868
1778630008,2026-05-12 23:53:28,1,19.0,79.39,18.45,27.38,327,715,457,324,869
1778630308,2026-05-12 23:58:28,1,19.0,79.08,18.75,25.36,327,715,461,309,870
1778630608,2026-05-13 00:03:28,1,19.0,78.17,17.96,26.13,327,707,452,315,871
1778630908,2026-05-13 00:08:28,1,19.0,79.17,18.64,28.62,329,716,459,330,872
1778631208,2026-05-13 00:13:28,1,19.0,80.56,18.11,24.68,330,725,453,307,873
1778631508,2026-05-13 00:18:28,1,19.0,79.35,17.97,26.56,328,715,455,318,874
1778631808,2026-05-13 00:23:28,1,19.0,78.76,17.47,25.95,330,710,450,315,875
1778632108,2026-05-13 00:28:28,1,19.0,79.89,17.82,27.87,329,716,450,326,876
1778632408,2026-05-13 00:33:28,1,19.0,79.59,18.15,26.63,330,716,455,323,877
1778632708,2026-05-13 00:38:28,1,19.0,79.85,18.91,26.6,330,721,459,317,878
1778633008,2026-05-13 00:43:28,1,19.0,79.43,18.19,22.76,327,713,455,295,879
1778633308,2026-05-13 00:48:28,1,19.0,80.52,18.26,24.25,326,721,455,305,880
1778633608,2026-05-13 00:53:28,1,19.0,79.66,17.6,23.85,331,715,447,303,881
1778633908,2026-05-13 00:58:28,1,19.0,79.55,18.24,24.21,327,718,453,305,882
1778634208,2026-05-13 01:03:28,1,19.0,80.49,18.69,23.72,327,725,460,301,883
1778634508,2026-05-13 01:08:28,1,19.0,79.67,18.95,25.27,329,715,461,312,884
1778634808,2026-05-13 01:13:28,1,19.0,79.96,18.63,23.56,328,719,460,300,885
1778635108,2026-05-13 01:18:28,1,19.0,80.53,18.93,23.37,329,721,459,299,886
1778635408,2026-05-13 01:23:28,1,19.0,79.59,17.75,21.85,329,715,451,290,887
1778635708,2026-05-13 01:28:28,1,19.0,80.68,18.65,21.42,326,722,459,290,888
1778636008,2026-05-13 01:33:28,1,19.0,79.97,17.78,22.23,327,722,450,291,889
1778636308,2026-05-13 01:38:28,1,19.0,79.67,17.76,18.49,330,718,452,270,890
1778636608,2026-05-13 01:43:28,1,19.0,80.93,18.75,20.54,330,727,457,281,891
1778636908,2026-05-13 01:48:28,1,19.0,81.53,18.95,19.18,329,735,460,274,892
1778637208,2026-05-13 01:53:28,1,19.0,80.1,18.57,20.75,327,722,459,284,893
1778637508,2026-05-13 01:58:28,1,19.0,80.52,18.97,21.71,326,725,460,289,894
1778637808,2026-05-13 02:03:28,1,19.0,80.12,18.3,19.78,330,720,455,279,895
1778638108,2026-05-13 02:08:28,1,19.0,80.74,19.7,19.01,328,728,466,275,896
1778638408,2026-05-13 02:13:28,1,19.0,80.98,19.13,21.1,328,724,463,283,897
1778638708,2026-05-13 02:18:28,1,19.0,80.3,19.36,21.01,327,720,466,286,898
1778639008,2026-05-13 02:23:28,1,19.0,79.8,18.52,21.02,328,719,459,285,899
1778639308,2026-05-13 02:28:28,1,19.0,79.68,19.04,19.28,328,717,461,274,900
1778639608,2026-05-13 02:33:28,1,19.0,82.05,18.89,18.95,327,732,460,273,901
1778639908,2026-05-13 02:38:28,1,19.0,80.77,19.51,18.7,328,728,467,273,902
1778640208,2026-05-13 02:43:28,1,19.0,80.79,19.06,18.0,329,724,463,264,903
1778640508,2026-05-13 02:48:28,1,19.0,81.24,19.15,18.0,328,730,462,264,904
1778640808,2026-05-13 02:53:28,1,19.0,81.59,20.1,18.0,328,731,469,268,905
1778641108,2026-05-13 02:58:28,1,19.0,80.44,19.38,18.0,327,719,465,267,906
1778641408,2026-05-13 03:03:28,1,19.0,79.7,18.92,18.0,331,715,462,268,907
1778641708,2026-05-13 03:08:28,1,19.0,79.92,19.49,18.0,328,720,466,267,908
1778642008,2026-05-13 03:13:28,1,19.0,80.84,20.15,18.1,328,723,472,272,909
1778642308,2026-05-13 03:18:28,1,19.0,80.4,19.1,18.0,328,722,465,268,910
1778642608,2026-05-13 03:23:28,1,19.0,80.37,19.31,18.0,329,722,465,269,911
1778642908,2026-05-13 03:28:28,1,19.0,79.9,19.35,18.0,328,718,464,267,912
1778643208,2026-05-13 03:33:28,1,19.0,80.12,19.56,18.0,328,718,465,269,913
1778643508,2026-05-13 03:38:28,1,19.0,80.09,19.74,18.0,328,722,467,269,914
1778643808,2026-05-13 03:43:28,1,19.0,80.6,19.77,19.55,326,722,468,278,915
1778644108,2026-05-13 03:48:28,1,19.0,79.41,19.98,19.7,328,716,470,276,916
1778644408,2026-05-13 03:53:28,1,19.0,79.89,20.73,20.05,330,716,474,279,917
1778644708,2026-05-13 03:58:28,1,19.0,79.38,20.22,18.0,327,714,470,269,918
1778645008,2026-05-13 04:03:28,1,19.0,80.35,20.39,18.0,330,724,474,268,919
1778645308,2026-05-13 04:08:28,1,19.0,78.67,20.82,18.8,330,709,472,275,920
1778645608,2026-05-13 04:13:28,1,19.0,79.94,20.75,19.74,327,719,472,278,921
1778645908,2026-05-13 04:18:28,1,19.0,79.31,20.79,18.0,331,717,479,269,922
1778646208,2026-05-13 04:23:28,1,19.0,78.62,20.92,18.0,328,710,477,270,923
1778646508,2026-05-13 04:28:28,1,19.0,78.98,20.41,18.0,328,714,474,269,924
1778646808,2026-05-13 04:33:28,1,19.0,79.73,20.43,19.84,328,716,473,280,925
1778647108,2026-05-13 04:38:28,1,19.0,78.81,20.65,18.0,328,708,471,270,926
1778647408,2026-05-13 04:43:28,1,19.0,78.67,20.69,20.66,327,716,475,284,927
1778647708,2026-05-13 04:48:28,1,19.0,78.75,20.27,18.72,326,710,470,272,928
1778648008,2026-05-13 04:53:28,1,19.0,78.42,20.91,19.34,327,704,477,276,929
1778648308,2026-05-13 04:58:28,1,19.0,78.35,21.27,21.36,329,710,480,288,930
1778648608,2026-05-13 05:03:28,1,19.0,78.51,20.94,19.28,329,708,479,275,931
1778648908,2026-05-13 05:08:28,1,19.0,77.89,20.77,24.08,327,709,474,303,932
1778649208,2026-05-13 05:13:28,1,19.0,77.21,20.3,20.1,327,698,472,283,933
1778649508,2026-05-13 05:18:28,1,19.0,77.53,21.32,18.6,326,702,479,273,934
1778649808,2026-05-13 05:23:28,1,19.0,76.56,21.6,19.17,328,696,481,271,935
1778650108,2026-05-13 05:28:28,1,19.0,78.39,21.63,20.44,329,706,484,282,936
1778650408,2026-05-13 05:33:28,1,19.0,78.36,21.61,22.04,331,708,484,292,937
1778650708,2026-05-13 05:38:28,1,19.0,76.85,21.18,21.22,330,694,478,288,938
1778651008,2026-05-13 05:43:28,1,19.0,76.52,21.92,21.11,330,694,485,287,939
1778651308,2026-05-13 05:48:28,1,19.0,76.74,20.96,24.62,326,696,475,305,940
1778651608,2026-05-13 05:53:28,1,19.0,77.3,21.29,21.36,327,703,480,286,941
1778651908,2026-05-13 05:58:28,1,19.0,77.11,21.65,23.56,326,701,484,299,942
1778652208,2026-05-13 06:03:28,1,19.0,76.85,22.07,25.07,327,693,482,311,943
1778652508,2026-05-13 06:08:28,1,19.0,75.53,22.22,25.83,327,686,489,315,944
1778652808,2026-05-13 06:13:28,1,19.0,77.53,22.36,25.25,331,700,488,307,945
1778653108,2026-05-13 06:18:28,1,19.0,77.29,21.76,26.38,329,700,485,318,946
1778653408,2026-05-13 06:23:28,1,19.0,75.84,22.03,26.88,328,686,487,318,947
1778653708,2026-05-13 06:28:28,1,19.0,75.77,21.85,25.9,328,690,487,317,948
1778654008,2026-05-13 06:33:28,1,19.0,76.38,22.14,25.65,327,693,487,314,949
1778654308,2026-05-13 06:38:28,1,19.0,75.67,22.24,26.54,328,687,487,319,950
1778654608,2026-05-13 06:43:28,1,19.0,75.61,22.94,27.21,328,690,492,322,951
1778654908,2026-05-13 06:48:28,1,19.0,75.02,22.67,24.61,328,683,491,309,952
1778655208,2026-05-13 06:53:28,1,19.0,75.14,22.98,25.49,325,684,493,313,953
1778655508,2026-05-13 06:58:28,1,19.0,75.92,22.72,28.12,329,695,491,328,954
1778655808,2026-05-13 07:03:28,1,19.0,76.24,23.14,30.19,328,691,494,343,955
1778656108,2026-05-13 07:08:28,1,19.0,74.7,23.22,26.37,327,676,496,316,956
1778656408,2026-05-13 07:13:28,1,19.0,76.0,22.43,31.33,330,690,491,349,957
1778656708,2026-05-13 07:18:28,1,19.0,75.32,23.12,31.12,326,686,492,345,958
1778657008,2026-05-13 07:23:28,1,19.0,76.25,22.82,30.01,329,690,490,341,959
1778657308,2026-05-13 07:28:28,1,19.0,75.82,23.03,29.99,329,690,494,339,960
1778657608,2026-05-13 07:33:28,1,19.0,76.03,22.78,32.88,329,686,491,358,961
1778657908,2026-05-13 07:38:28,1,19.0,75.7,22.9,27.64,327,689,491,326,962
1778658208,2026-05-13 07:43:28,1,19.0,75.86,23.72,30.59,327,687,500,341,963
1778658508,2026-05-13 07:48:28,1,19.0,75.17,23.8,34.56,331,685,500,367,964
1778658808,2026-05-13 07:53:28,1,19.0,74.1,24.35,30.66,328,675,508,346,965
1778659108,2026-05-13 07:58:28,1,19.0,74.4,23.74,30.14,329,676,498,341,966
1778659408,2026-05-13 08:03:28,1,19.0,75.07,23.23,34.18,328,681,495,363,967
1778659708,2026-05-13 08:08:28,1,19.0,75.17,23.44,32.16,327,684,497,350,968
1778660008,2026-05-13 08:13:28,1,19.0,74.58,24.45,33.17,327,676,503,360,969
1778660308,2026-05-13 08:18:28,1,19.0,74.61,23.98,35.48,327,678,502,372,970
1778660608,2026-05-13 08:23:28,1,19.0,74.5,23.15,32.43,328,677,494,353,971
1778660908,2026-05-13 08:28:28,1,19.0,74.47,24.42,35.32,331,677,504,370,972
1778661208,2026-05-13 08:33:28,1,19.0,74.88,24.38,35.32,328,681,505,373,973
1778661508,2026-05-13 08:38:28,1,19.0,74.0,23.84,35.34,328,674,500,375,974
1778661808,2026-05-13 08:43:28,1,19.0,74.48,23.65,34.4,330,679,497,364,975
1778662108,2026-05-13 08:48:28,1,19.0,74.96,24.03,35.05,326,681,500,370,976
1778662408,2026-05-13 08:53:28,1,19.0,74.94,24.35,36.84,329,683,506,381,977
1778662708,2026-05-13 08:58:28,1,19.0,75.09,24.63,34.07,328,678,507,362,978
1778663008,2026-05-13 09:03:28,1,19.0,73.94,24.01,38.15,325,675,502,386,979
1778663308,2026-05-13 09:08:28,1,19.0,74.6,23.91,37.81,328,680,501,385,980
1778663608,2026-05-13 09:13:28,1,19.0,74.81,24.73,37.58,330,680,508,385,981
1778663908,2026-05-13 09:18:28,1,19.0,73.86,23.62,37.42,328,675,499,387,982
1778664208,2026-05-13 09:23:28,1,19.0,74.05,24.94,37.4,327,676,511,384,983
1778664508,2026-05-13 09:28:28,1,19.0,74.1,24.44,39.5,329,674,505,397,984
1778664808,2026-05-13 09:33:28,1,19.0,75.29,24.68,38.6,328,687,507,387,985
1778665108,2026-05-13 09:38:28,1,19.0,74.72,24.86,38.43,331,682,509,391,986
1778665408,2026-05-13 09:43:28,1,19.0,75.45,25.48,39.19,327,687,515,396,987
1778665708,2026-05-13 09:48:28,1,19.0,75.81,24.48,42.12,324,685,506,413,988
1778666008,2026-05-13 09:53:28,1,19.0,75.4,24.85,39.05,329,685,509,394,989
1778666308,2026-05-13 09:58:28,1,19.0,75.72,24.65,40.21,330,689,508,400,990
1778666608,2026-05-13 10:03:28,1,19.0,75.9,24.2,38.45,327,691,503,395,991
1778666908,2026-05-13 10:08:28,1,19.0,74.64,24.38,41.47,329,678,504,409,992
1778667208,2026-05-13 10:13:28,1,19.0,75.87,23.45,40.63,327,689,498,404,993
1778667508,2026-05-13 10:18:28,1,19.0,75.47,24.67,41.8,327,686,508,411,994
1778667808,2026-05-13 10:23:28,1,19.0,75.96,25.16,39.38,328,693,512,395,995
1778668108,2026-05-13 10:28:28,1,19.0,75.12,25.04,42.78,330,683,508,415,996
1778668408,2026-05-13 10:33:28,1,19.0,75.18,24.96,40.53,327,685,509,402,997
1778668708,2026-05-13 10:38:28,1,19.0,76.49,24.04,42.45,329,697,502,412,998
1778669008,2026-05-13 10:43:28,1,19.0,74.52,25.08,41.01,327,680,510,405,999
1778669308,2026-05-13 10:48:28,1,19.0,75.47,24.66,42.76,329,686,503,416,1000
1778669608,2026-05-13 10:53:28,1,19.0,75.47,25.24,41.4,327,685,512,407,1001
1778669908,2026-05-13 10:58:28,1,19.0,76.62,24.25,40.82,326,693,503,405,1002
1778670208,2026-05-13 11:03:28,1,19.0,76.7,25.12,41.76,329,694,508,410,1003
1778670508,2026-05-13 11:08:28,1,19.0,76.71,24.38,42.51,327,697,503,413,1004
1778670808,2026-05-13 11:13:28,1,19.0,76.41,25.29,41.12,327,691,515,408,1005
1778671108,2026-05-13 11:18:28,1,19.0,76.18,25.24,42.78,325,690,509,418,1006
1778671408,2026-05-13 11:23:28,1,19.0,76.31,24.75,40.09,326,691,507,401,1007
1778671708,2026-05-13 11:28:28,1,19.0,76.07,24.67,44.18,329,689,507,424,1008
1778672008,2026-05-13 11:33:28,1,19.0,76.37,25.22,44.17,326,691,511,425,1009
1778672308,2026-05-13 11:38:28,1,19.0,77.5,25.46,42.53,325,702,513,417,1010
1778672608,2026-05-13 11:43:28,1,19.0,76.05,25.54,43.25,325,689,514,419,1011
1778672908,2026-05-13 11:48:28,1,19.0,77.56,25.53,44.15,325,698,514,425,1012
1778673208,2026-05-13 11:53:28,1,19.0,77.45,24.71,41.09,328,702,506,404,1013
1778673508,2026-05-13 11:58:28,1,19.0,76.3,24.79,41.58,329,688,508,410,1014
1778673808,2026-05-13 12:03:28,1,19.0,76.79,24.84,42.09,327,698,507,414,1015
1778674108,2026-05-13 12:08:28,1,19.0,76.67,24.78,42.88,329,692,506,417,1016
1778674408,2026-05-13 12:13:28,1,19.0,76.69,25.31,39.65,328,695,511,396,1017
1778674708,2026-05-13 12:18:28,1,19.0,76.13,25.01,39.17,330,689,509,392,1018
1778675008,2026-05-13 12:23:28,1,19.0,77.58,24.73,39.81,327,703,509,396,1019
1778675308,2026-05-13 12:28:28,1,19.0,76.61,24.76,42.97,326,696,509,420,1020
1778675608,2026-05-13 12:33:28,1,19.0,77.75,25.05,39.15,325,701,509,394,1021
1778675908,2026-05-13 12:38:28,1,19.0,77.42,24.97,40.3,327,705,509,401,1022
1778676208,2026-05-13 12:43:28,1,19.0,77.75,25.12,40.91,328,704,508,403,1023
1778676508,2026-05-13 12:48:28,1,19.0,77.37,24.91,41.89,327,701,509,409,1024
1778676808,2026-05-13 12:53:28,1,19.0,78.31,25.23,41.73,326,709,511,408,1025
1778677108,2026-05-13 12:58:28,1,19.0,78.62,24.3,39.26,331,708,502,394,1026
1778677408,2026-05-13 13:03:28,1,19.0,77.27,24.72,39.67,329,700,506,399,1027
1778677708,2026-05-13 13:08:28,1,19.0,77.91,24.53,40.32,327,699,506,402,1028
1778678008,2026-05-13 13:13:28,1,19.0,79.45,23.89,39.64,328,716,500,396,1029
1778678308,2026-05-13 13:18:28,1,19.0,78.68,24.15,41.16,331,711,504,405,1030
1778678608,2026-05-13 13:23:28,1,19.0,77.02,24.61,37.72,330,698,507,387,1031
1778678908,2026-05-13 13:28:28,1,19.0,79.1,24.95,37.69,328,711,511,385,1032
1778679208,2026-05-13 13:33:28,1,19.0,77.53,24.44,39.73,329,700,506,397,1033
1778679508,2026-05-13 13:38:28,1,19.0,78.29,24.31,36.75,329,707,505,381,1034
1778679808,2026-05-13 13:43:28,1,19.0,78.22,24.13,35.28,331,703,507,371,1035
1778680108,2026-05-13 13:48:28,1,19.0,77.95,24.54,37.11,328,704,503,385,1036
1778680408,2026-05-13 13:53:28,1,19.0,78.64,24.39,35.23,326,712,504,368,1037
1778680708,2026-05-13 13:58:28,1,19.0,79.16,24.24,36.72,329,714,503,379,1038
1778681008,2026-05-13 14:03:28,1,19.0,78.02,24.92,34.23,328,702,507,362,1039
1778681308,2026-05-13 14:08:28,1,19.0,78.33,24.06,36.07,328,707,502,375,1040
1778681608,2026-05-13 14:13:28,1,19.0,79.29,24.34,34.57,328,716,504,367,1041
1778681908,2026-05-13 14:18:28,1,19.0,78.38,23.9,37.06,331,707,503,382,1042
1778682208,2026-05-13 14:23:28,1,19.0,78.4,23.42,37.72,328,707,497,385,1043
1778682508,2026-05-13 14:28:28,1,19.0,78.73,23.44,34.72,327,714,494,369,1044
1778682808,2026-05-13 14:33:28,1,19.0,78.41,23.71,32.57,331,706,501,357,1045
1778683108,2026-05-13 14:38:28,1,19.0,78.23,24.06,33.59,326,709,501,359,1046
1778683408,2026-05-13 14:43:28,1,19.0,79.35,23.99,33.81,327,717,501,363,1047
1778683708,2026-05-13 14:48:28,1,19.0,79.9,23.91,33.94,328,717,501,365,1048
1778684008,2026-05-13 14:53:28,1,19.0,78.23,23.75,32.97,328,703,499,356,1049
1778684308,2026-05-13 14:58:28,1,19.0,78.86,23.82,31.96,327,717,501,353,1050
1778684608,2026-05-13 15:03:28,1,19.0,77.98,24.02,30.49,329,708,503,343,1051
1778684908,2026-05-13 15:08:28,1,19.0,78.78,23.3,30.89,328,713,499,346,1052
1778685208,2026-05-13 15:13:28,1,19.0,77.82,23.52,30.83,329,705,496,347,1053
1778685508,2026-05-13 15:18:28,1,19.0,78.22,22.75,31.95,326,705,491,353,1054
1778685808,2026-05-13 15:23:28,1,19.0,77.73,23.1,31.35,325,704,494,347,1055
1778686108,2026-05-13 15:28:28,1,19.0,77.82,23.18,29.96,329,706,492,339,1056
1778686408,2026-05-13 15:33:28,1,19.0,76.87,23.13,29.5,328,701,494,338,1057
1778686708,2026-05-13 15:38:28,1,19.0,78.03,23.89,29.99,326,702,500,337,1058
1778687008,2026-05-13 15:43:28,1,19.0,79.22,22.69,25.46,327,713,490,314,1059
1778687308,2026-05-13 15:48:28,1,19.0,77.87,23.0,27.53,330,707,493,323,1060
1778687608,2026-05-13 15:53:28,1,19.0,77.66,22.68,27.45,327,704,490,325,1061
1778687908,2026-05-13 15:58:28,1,19.0,77.2,23.59,28.5,327,702,496,331,1062
1778688208,2026-05-13 16:03:28,1,19.0,76.22,22.4,27.32,328,690,490,324,1063
1778688508,2026-05-13 16:08:28,1,19.0,77.76,22.19,26.24,330,700,486,318,1064
1778688808,2026-05-13 16:13:28,1,19.0,77.94,22.72,28.09,328,704,491,327,1065
1778689108,2026-05-13 16:18:28,1,19.0,77.53,22.5,26.72,329,704,488,323,1066
1778689408,2026-05-13 16:23:28,1,19.0,76.31,22.41,29.78,328,691,490,337,1067
1778689708,2026-05-13 16:28:28,1,19.0,77.72,22.95,24.93,330,704,492,309,1068
1778690008,2026-05-13 16:33:28,1,19.0,77.45,22.31,25.65,330,701,489,313,1069
1778690308,2026-05-13 16:38:28,1,19.0,78.34,22.84,23.77,330,706,491,302,1070
1778690608,2026-05-13 16:43:28,1,19.0,77.16,21.75,22.74,327,694,486,294,1071
1778690908,2026-05-13 16:48:28,1,19.0,76.31,22.0,27.23,328,694,485,324,1072
1778691208,2026-05-13 16:53:28,1,19.0,76.57,22.55,25.04,330,690,493,307,1073
1778691508,2026-05-13 16:58:28,1,19.0,76.53,22.31,24.23,330,694,487,305,1074
1778691808,2026-05-13 17:03:28,1,19.0,75.51,21.89,23.94,329,684,482,304,1075
1778692108,2026-05-13 17:08:28,1,19.0,75.75,21.64,22.89,329,689,481,299,1076
1778692408,2026-05-13 17:13:28,1,19.0,75.14,22.47,22.79,329,685,489,298,1077
1778692708,2026-05-13 17:18:28,1,19.0,76.78,21.98,21.66,328,696,486,288,1078
1778693008,2026-05-13 17:23:28,1,19.0,76.4,21.81,23.42,329,696,485,300,1079
1778693308,2026-05-13 17:28:28,1,19.0,75.08,21.83,22.66,328,683,484,293,1080
1778693608,2026-05-13 17:33:28,1,19.0,75.3,21.75,18.0,327,683,484,267,1081
1778693908,2026-05-13 17:38:28,1,19.0,75.58,21.51,19.58,330,683,480,279,1082
1778694208,2026-05-13 17:43:28,1,19.0,75.83,21.59,25.27,328,690,483,310,1083
1778694508,2026-05-13 17:48:28,1,19.0,74.3,21.46,21.94,327,678,482,291,1084
1778694808,2026-05-13 17:53:28,1,19.0,75.78,21.77,21.01,327,687,486,286,1085
1778695108,2026-05-13 17:58:28,1,19.0,74.35,21.14,18.0,329,676,478,267,1086
1778695408,2026-05-13 18:03:28,1,19.0,74.68,21.06,19.21,327,680,478,277,1087
1778695708,2026-05-13 18:08:28,1,19.0,74.25,20.86,19.94,329,675,476,277,1088
1778696008,2026-05-13 18:13:28,1,19.0,75.09,20.8,19.36,327,683,477,273,1089
1778696308,2026-05-13 18:18:28,1,19.0,74.47,20.35,18.0,329,683,473,268,1090
1778696608,2026-05-13 18:23:28,1,19.0,74.87,20.17,20.94,327,680,471,285,1091
1778696908,2026-05-13 18:28:28,1,19.0,74.49,21.0,18.34,324,680,477,268,1092
1778697208,2026-05-13 18:33:28,1,19.0,74.89,21.05,18.46,328,680,479,272,1093
1778697508,2026-05-13 18:38:28,1,19.0,73.99,20.43,18.0,328,674,475,267,1094
1778697808,2026-05-13 18:43:28,1,19.0,73.99,20.19,19.52,327,675,473,278,1095
1778698108,2026-05-13 18:48:28,1,19.0,73.17,20.68,18.0,327,672,475,268,1096
1778698408,2026-05-13 18:53:28,1,19.0,75.13,19.6,18.26,328,681,469,266,1097
1778698708,2026-05-13 18:58:28,1,19.0,72.69,20.33,18.0,332,668,471,265,1098
1778699008,2026-05-13 19:03:28,1,19.0,74.27,19.84,18.0,326,678,467,268,1099
1778699308,2026-05-13 19:08:28,1,19.0,72.48,19.42,18.84,327,663,465,272,1100
1778699608,2026-05-13 19:13:28,1,19.0,72.9,20.26,18.0,327,662,471,268,1101
1778699908,2026-05-13 19:18:28,1,19.0,73.9,20.34,18.0,328,672,473,267,1102
1778700208,2026-05-13 19:23:28,1,19.0,73.34,19.29,18.0,327,667,464,268,1103
1778700508,2026-05-13 19:28:28,1,19.0,73.02,20.05,20.49,326,666,467,281,1104
1778700808,2026-05-13 19:33:28,1,19.0,73.24,19.46,18.0,327,668,467,266,1105
1778701108,2026-05-13 19:38:28,1,19.0,73.06,19.7,18.0,330,666,466,267,1106
1778701408,2026-05-13 19:43:28,1,19.0,73.21,19.99,18.0,329,672,470,269,1107
1778701708,2026-05-13 19:48:28,1,19.0,73.05,19.9,18.0,327,670,469,270,1108
1778702008,2026-05-13 19:53:28,1,19.0,73.26,19.24,18.38,328,671,464,270,1109
1778702308,2026-05-13 19:58:28,1,19.0,73.77,19.77,20.58,328,672,469,285,1110
1778702608,2026-05-13 20:03:28,1,19.0,73.38,19.08,18.0,329,669,461,267,1111
1778702908,2026-05-13 20:08:28,1,19.0,72.95,19.26,20.81,328,667,462,286,1112
1778703208,2026-05-13 20:13:28,1,19.0,73.24,19.13,19.09,328,668,464,273,1113
1778703508,2026-05-13 20:18:28,1,19.0,73.4,18.7,18.0,326,667,457,267,1114
1778703808,2026-05-13 20:23:28,1,19.0,72.47,18.95,18.0,328,665,462,269,1115
1778704108,2026-05-13 20:28:28,1,19.0,72.14,18.84,18.0,327,661,462,267,1116
1778704408,2026-05-13 20:33:28,1,19.0,71.69,19.44,19.32,325,657,466,273,1117
1778704708,2026-05-13 20:38:28,1,19.0,73.2,18.54,20.09,327,671,455,280,1118
1778705008,2026-05-13 20:43:28,1,19.0,74.04,19.35,20.97,329,675,465,285,1119
1778705308,2026-05-13 20:48:28,1,19.0,73.01,18.26,18.5,327,668,453,273,1120
1778705608,2026-05-13 20:53:28,1,19.0,71.15,18.92,18.0,327,650,462,266,1121
1778705908,2026-05-13 20:58:28,1,19.0,71.69,18.44,19.77,328,656,456,281,1122
1778706208,2026-05-13 21:03:28,1,19.0,71.71,18.23,19.29,329,657,456,274,1123
1778706508,2026-05-13 21:08:28,1,19.0,72.96,18.93,20.79,330,670,460,281,1124
1778706808,2026-05-13 21:13:28,1,19.0,72.01,18.97,21.27,332,659,461,290,1125
1778707108,2026-05-13 21:18:28,1,19.0,72.56,19.39,21.06,330,669,465,287,1126
1778707408,2026-05-13 21:23:28,1,19.0,73.94,18.62,19.84,328,677,458,279,1127
1778707708,2026-05-13 21:28:28,1,19.0,72.61,18.35,22.11,328,666,458,291,1128
1778708008,2026-05-13 21:33:28,1,19.0,71.85,18.38,21.56,326,656,456,289,1129
1778708308,2026-05-13 21:38:28,1,19.0,71.57,18.49,23.61,328,653,457,303,1130
1778708608,2026-05-13 21:43:28,1,19.0,72.87,17.83,21.5,330,665,453,290,1131
1778708908,2026-05-13 21:48:28,1,19.0,71.91,18.74,24.56,327,658,459,308,1132
1778709208,2026-05-13 21:53:28,1,19.0,72.39,18.8,23.65,328,663,458,300,1133
1778709508,2026-05-13 21:58:28,1,19.0,72.83,17.44,24.1,328,666,453,304,1134
1778709808,2026-05-13 22:03:28,1,19.0,72.96,18.94,22.16,327,665,461,293,1135
1778710108,2026-05-13 22:08:28,1,19.0,72.63,18.67,25.92,327,667,460,315,1136
1778710408,2026-05-13 22:13:28,1,19.0,73.17,18.34,24.15,328,667,456,307,1137
1778710708,2026-05-13 22:18:28,1,19.0,73.44,17.73,25.33,327,675,450,308,1138
1778711008,2026-05-13 22:23:28,1,19.0,73.06,18.11,25.95,328,667,452,316,1139
1778711308,2026-05-13 22:28:28,1,19.0,73.37,18.69,26.61,327,669,457,318,1140
1778711608,2026-05-13 22:33:28,1,19.0,73.88,17.83,25.63,328,672,453,312,1141
1778711908,2026-05-13 22:38:28,1,19.0,73.48,18.69,24.89,327,668,458,308,1142
1778712208,2026-05-13 22:43:28,1,19.0,72.18,17.5,25.71,327,663,448,311,1143
1778712508,2026-05-13 22:48:28,1,19.0,74.02,18.19,27.62,327,678,451,326,1144
1778712808,2026-05-13 22:53:28,1,19.0,73.68,18.36,26.49,329,670,456,317,1145
1778713108,2026-05-13 22:58:28,1,19.0,74.32,18.79,27.35,330,676,460,327,1146
1778713408,2026-05-13 23:03:28,1,19.0,73.4,18.53,30.51,326,668,459,342,1147
1778713708,2026-05-13 23:08:28,1,19.0,74.01,17.93,29.45,325,674,453,334,1148
1778714008,2026-05-13 23:13:28,1,19.0,73.42,17.81,28.54,328,671,452,331,1149
1778714308,2026-05-13 23:18:28,1,19.0,74.88,17.99,26.62,327,685,454,319,1150
1778714608,2026-05-13 23:23:28,1,19.0,74.61,17.6,28.33,327,681,450,331,1151
1778714908,2026-05-13 23:28:28,1,19.0,74.85,18.03,29.05,328,680,451,335,1152
1778715208,2026-05-13 23:33:28,1,19.0,74.02,18.23,32.06,327,677,457,352,1153
1778715508,2026-05-13 23:38:28,1,19.0,75.38,18.45,32.35,329,682,460,354,1154
1778715808,2026-05-13 23:43:28,1,19.0,75.27,18.41,31.72,331,685,455,350,1155
1778716108,2026-05-13 23:48:28,1,19.0,74.89,18.23,32.14,328,680,458,353,1156
1778716408,2026-05-13 23:53:28,1,19.0,75.06,17.97,31.47,329,684,451,350,1157
1778716708,2026-05-13 23:58:28,1,19.0,75.78,18.04,32.86,328,685,453,355,1158
1778717008,2026-05-14 00:03:28,1,19.0,74.79,17.32,28.9,331,681,448,333,1159
1778717308,2026-05-14 00:08:28,1,19.0,74.47,17.76,31.35,333,677,452,347,1160
1778717608,2026-05-14 00:13:28,1,19.0,75.04,18.0,32.82,327,683,451,355,1161
1778717908,2026-05-14 00:18:28,1,19.0,74.46,18.2,31.23,328,676,457,347,1162
1778718208,2026-05-14 00:23:28,1,19.0,74.57,17.89,34.07,328,678,451,363,1163
1778718508,2026-05-14 00:28:28,1,19.0,75.05,17.98,35.0,325,681,450,368,1164
1778718808,2026-05-14 00:33:28,1,19.0,76.78,17.96,31.93,329,693,453,351,1165
1778719108,2026-05-14 00:38:28,1,19.0,74.83,18.19,36.4,325,681,456,377,1166
1778719408,2026-05-14 00:43:28,1,19.0,74.7,18.52,32.78,327,681,456,356,1167
1778719708,2026-05-14 00:48:28,1,19.0,74.79,18.12,31.73,326,679,457,352,1168
1778720008,2026-05-14 00:53:28,1,19.0,75.72,17.58,35.59,327,686,448,377,1169
1778720308,2026-05-14 00:58:28,1,19.0,76.36,18.12,36.15,329,692,455,376,1170
1778720608,2026-05-14 01:03:28,1,19.0,75.51,18.06,37.57,331,686,453,384,1171
1778720908,2026-05-14 01:08:28,1,19.0,76.22,18.96,37.56,326,688,462,384,1172
1778721208,2026-05-14 01:13:28,1,19.0,75.02,18.34,39.82,328,683,457,397,1173
1778721508,2026-05-14 01:18:28,1,19.0,76.75,18.09,38.74,326,699,455,390,1174
1778721808,2026-05-14 01:23:28,1,19.0,76.42,18.33,38.16,329,698,456,389,1175
1778722108,2026-05-14 01:28:28,1,19.0,76.6,18.14,37.07,330,694,457,383,1176
1778722408,2026-05-14 01:33:28,1,19.0,76.76,18.14,36.61,328,697,454,383,1177
1778722708,2026-05-14 01:38:28,1,19.0,75.72,18.73,36.6,329,687,458,379,1178
1778723008,2026-05-14 01:43:28,1,19.0,76.85,17.92,38.06,326,696,450,390,1179
1778723308,2026-05-14 01:48:28,1,19.0,76.7,18.04,36.14,327,697,454,378,1180
1778723608,2026-05-14 01:53:28,1,19.0,75.74,19.02,39.11,327,688,462,392,1181
1778723908,2026-05-14 01:58:28,1,19.0,75.01,18.73,41.17,331,683,459,407,1182
1778724208,2026-05-14 02:03:28,1,19.0,76.28,18.27,41.77,327,691,457,411,1183
1778724508,2026-05-14 02:08:28,1,19.0,75.82,18.36,38.28,328,689,458,387,1184
1778724808,2026-05-14 02:13:28,1,19.0,76.05,18.99,39.48,326,690,464,397,1185
1778725108,2026-05-14 02:18:28,1,19.0,76.25,19.35,40.45,330,691,464,402,1186
1778725408,2026-05-14 02:23:28,1,19.0,77.42,18.75,41.01,329,700,458,404,1187
1778725708,2026-05-14 02:28:28,1,19.0,75.74,18.29,39.79,328,686,455,399,1188
1778726008,2026-05-14 02:33:28,1,19.0,75.74,19.29,41.53,326,688,465,408,1189
1778726308,2026-05-14 02:38:28,1,19.0,77.01,19.84,41.64,331,697,468,408,1190
1778726608,2026-05-14 02:43:28,1,19.0,76.98,19.96,38.27,330,698,466,388,1191
1778726908,2026-05-14 02:48:28,1,19.0,77.87,19.38,41.94,330,704,467,412,1192
1778727208,2026-05-14 02:53:28,1,19.0,76.74,20.1,41.87,326,693,470,411,1193
1778727508,2026-05-14 02:58:28,1,19.0,76.36,19.83,42.16,328,692,469,412,1194
1778727808,2026-05-14 03:03:28,1,19.0,76.64,19.06,41.76,330,691,462,413,1195
1778728108,2026-05-14 03:08:28,1,19.0,75.8,19.7,40.28,328,687,469,402,1196
1778728408,2026-05-14 03:13:28,1,19.0,75.83,19.94,42.69,327,690,472,414,1197
1778728708,2026-05-14 03:18:28,1,19.0,75.9,19.09,43.05,330,689,461,419,1198
1778729008,2026-05-14 03:23:28,1,19.0,76.62,19.37,40.97,325,694,465,405,1199
1778729308,2026-05-14 03:28:28,1,19.0,74.75,19.4,43.29,329,678,465,419,1200
1778729608,2026-05-14 03:33:28,1,19.0,75.67,20.01,40.98,327,687,468,407,1201
1778729908,2026-05-14 03:38:28,1,19.0,76.84,19.93,42.28,329,694,467,415,1202
1778730208,2026-05-14 03:43:28,1,19.0,74.29,19.58,43.9,328,678,465,425,1203
1778730508,2026-05-14 03:48:28,1,19.0,75.47,19.9,41.04,328,685,468,405,1204
1778730808,2026-05-14 03:53:28,1,19.0,75.32,20.14,41.2,329,684,471,409,1205
1778731108,2026-05-14 03:58:28,1,19.0,74.83,20.84,43.13,331,677,478,419,1206
1778731408,2026-05-14 04:03:28,1,19.0,74.89,20.57,42.59,327,681,475,417,1207
1778731708,2026-05-14 04:08:28,1,19.0,74.9,19.58,42.04,331,681,466,410,1208
1778732008,2026-05-14 04:13:28,1,19.0,75.38,20.71,40.06,327,685,474,400,1209
1778732308,2026-05-14 04:18:28,1,19.0,74.81,19.8,41.82,328,681,469,411,1210
1778732608,2026-05-14 04:23:28,1,19.0,73.93,20.21,41.64,325,673,472,411,1211
1778732908,2026-05-14 04:28:28,1,19.0,75.27,20.17,43.49,326,686,470,421,1212
1778733208,2026-05-14 04:33:28,1,19.0,74.73,21.07,41.87,330,681,476,410,1213
1778733508,2026-05-14 04:38:28,1,19.0,75.3,20.7,42.86,330,684,474,418,1214
1778733808,2026-05-14 04:43:28,1,19.0,74.92,21.42,42.17,328,682,480,413,1215
1778734108,2026-05-14 04:48:28,1,19.0,73.83,21.46,39.68,329,674,480,395,1216
1778734408,2026-05-14 04:53:28,1,19.0,73.94,20.8,41.75,327,673,475,408,1217
1778734708,2026-05-14 04:58:28,1,19.0,74.7,21.63,38.15,328,679,483,388,1218
1778735008,2026-05-14 05:03:28,1,19.18,73.85,21.1,39.88,329,672,478,399,1219
1778735308,2026-05-14 05:08:28,1,19.0,74.21,20.94,41.37,328,679,476,407,1220
1778735608,2026-05-14 05:13:28,1,19.0,74.47,21.51,38.01,329,683,482,389,1221
1778735908,2026-05-14 05:18:28,1,19.0,72.81,20.98,41.02,330,667,477,409,1222
1778736208,2026-05-14 05:23:28,1,19.0,73.45,21.14,40.56,327,673,477,404,1223
1778736508,2026-05-14 05:28:28,1,19.31,73.03,20.69,37.91,330,665,474,388,1224
1778736808,2026-05-14 05:33:28,1,19.57,72.42,21.58,37.59,331,665,482,383,1225
1778737108,2026-05-14 05:38:28,1,19.34,73.13,21.92,35.93,332,666,484,376,1226
1778737408,2026-05-14 05:43:28,1,19.44,74.12,22.22,37.9,335,670,487,386,1227
1778737708,2026-05-14 05:48:28,1,19.48,72.58,21.42,38.65,332,664,482,391,1228
1778738008,2026-05-14 05:53:28,1,19.5,71.89,22.03,38.1,332,657,486,387,1229
1778738308,2026-05-14 05:58:28,1,19.82,71.83,22.25,34.62,330,659,487,367,1230
1778738608,2026-05-14 06:03:28,1,19.57,71.96,22.27,36.88,335,658,487,381,1231
1778738908,2026-05-14 06:08:28,1,19.73,72.7,21.66,37.87,332,663,482,387,1232
1778739208,2026-05-14 06:13:28,1,19.92,73.02,21.77,34.09,335,669,485,363,1233
1778739508,2026-05-14 06:18:28,1,19.93,72.11,22.53,35.78,335,659,489,374,1234
1778739808,2026-05-14 06:23:28,1,19.75,71.86,22.17,33.67,333,659,486,362,1235
1778740108,2026-05-14 06:28:28,1,19.99,71.05,23.12,34.55,332,653,493,368,1236
1778740408,2026-05-14 06:33:28,1,20.1,72.83,22.74,33.81,333,664,488,363,1237
1778740708,2026-05-14 06:38:28,1,20.4,71.21,22.16,33.95,339,654,488,367,1238
1778741008,2026-05-14 06:43:28,1,20.42,71.45,23.15,33.95,336,656,495,363,1239
1778741308,2026-05-14 06:48:28,1,20.74,71.28,22.59,32.21,334,656,488,353,1240
1778741608,2026-05-14 06:53:28,1,20.48,71.8,22.85,35.15,335,657,490,370,1241
1778741908,2026-05-14 06:58:28,1,20.57,72.44,23.12,29.23,338,661,497,334,1242
1778742208,2026-05-14 07:03:28,1,20.78,71.35,23.56,35.57,337,654,497,375,1243
1778742508,2026-05-14 07:08:28,1,20.75,71.25,23.01,33.06,337,653,493,359,1244
1778742808,2026-05-14 07:13:28,1,20.72,70.81,22.75,30.43,338,649,490,344,1245
1778743108,2026-05-14 07:18:28,1,21.25,71.48,23.64,26.57,339,658,498,320,1246
1778743408,2026-05-14 07:23:28,1,20.84,71.33,23.55,31.53,340,655,498,344,1247
1778743708,2026-05-14 07:28:28,1,20.7,70.81,23.36,29.94,337,653,498,338,1248
1778744008,2026-05-14 07:33:28,1,21.55,70.64,22.82,26.68,346,650,490,323,1249
1778744308,2026-05-14 07:38:28,1,21.03,70.8,22.73,29.86,339,651,492,339,1250
1778744608,2026-05-14 07:43:28,1,21.16,70.88,22.81,28.74,341,655,492,330,1251
1778744908,2026-05-14 07:48:28,1,20.98,70.3,23.65,28.98,339,648,496,334,1252
1778745208,2026-05-14 07:53:28,1,21.06,70.26,23.89,28.83,340,646,499,331,1253
1778745508,2026-05-14 07:58:28,1,21.54,68.55,23.91,25.13,342,635,502,310,1254
1778745808,2026-05-14 08:03:28,1,21.41,70.02,23.65,29.92,339,647,496,338,1255
1778746108,2026-05-14 08:08:28,1,21.71,69.44,22.78,28.59,342,639,490,332,1256
1778746408,2026-05-14 08:13:28,1,21.39,70.12,24.0,25.56,343,647,503,317,1257
1778746708,2026-05-14 08:18:28,1,21.32,70.97,24.23,25.48,343,652,508,314,1258
1778747008,2026-05-14 08:23:28,1,21.63,70.72,23.79,25.2,344,645,501,308,1259
1778747308,2026-05-14 08:28:28,1,21.86,69.97,23.79,28.21,343,643,499,329,1260
1778747608,2026-05-14 08:33:28,1,21.44,71.49,23.36,24.99,340,659,497,310,1261
1778747908,2026-05-14 08:38:28,1,21.97,70.56,24.67,26.95,346,647,507,319,1262
1778748208,2026-05-14 08:43:28,1,22.29,69.6,24.36,25.55,349,640,506,313,1263
1778748508,2026-05-14 08:48:28,1,22.2,71.12,23.6,22.99,347,655,497,296,1264
1778748808,2026-05-14 08:53:28,1,22.11,70.83,23.77,23.9,348,651,501,304,1265
1778749108,2026-05-14 08:58:28,1,22.41,69.67,24.19,23.2,349,641,503,299,1266
1778749408,2026-05-14 09:03:28,1,22.01,70.26,24.08,25.01,344,647,502,310,1267
1778749708,2026-05-14 09:08:28,1,22.46,70.34,24.48,23.68,348,646,505,303,1268
1778750008,2026-05-14 09:13:28,1,22.29,69.82,23.85,21.73,346,644,499,290,1269
1778750308,2026-05-14 09:18:28,1,22.47,70.7,24.41,24.44,349,652,505,306,1270
1778750608,2026-05-14 09:23:28,1,22.62,69.89,24.58,21.26,351,642,506,288,1271
1778750908,2026-05-14 09:28:28,1,22.38,70.76,24.3,24.33,348,653,504,304,1272
1778751208,2026-05-14 09:33:28,1,23.08,70.42,24.32,22.84,352,647,505,296,1273
1778751508,2026-05-14 09:38:28,1,22.89,70.69,24.03,23.02,352,651,503,296,1274
1778751808,2026-05-14 09:43:28,1,22.59,71.0,24.44,19.98,351,654,508,279,1275
1778752108,2026-05-14 09:48:28,1,22.44,70.91,24.96,20.99,347,650,511,283,1276
1778752408,2026-05-14 09:53:28,1,23.0,70.47,25.15,18.6,349,648,511,273,1277
1778752708,2026-05-14 09:58:28,1,22.76,70.88,24.47,19.05,351,652,505,271,1278
1778753008,2026-05-14 10:03:28,1,23.54,70.22,24.67,19.5,356,645,506,277,1279
1778753308,2026-05-14 10:08:28,1,23.22,71.42,24.44,21.81,351,652,506,289,1280
1778753608,2026-05-14 10:13:28,1,23.08,71.51,25.2,20.49,350,657,510,284,1281
1778753908,2026-05-14 10:18:28,1,22.85,71.79,25.42,19.07,350,663,514,275,1282
1778754208,2026-05-14 10:23:28,1,23.24,70.53,24.04,21.31,351,652,502,288,1283
1778754508,2026-05-14 10:28:28,1,23.88,71.88,24.32,19.91,356,660,504,277,1284
1778754808,2026-05-14 10:33:28,1,23.48,71.0,24.25,18.24,353,653,502,269,1285
1778755108,2026-05-14 10:38:28,1,23.75,71.1,24.35,18.0,354,655,502,266,1286
1778755408,2026-05-14 10:43:28,1,23.35,71.61,25.03,20.03,355,658,509,277,1287
1778755708,2026-05-14 10:48:28,1,24.03,71.59,25.33,19.68,357,651,514,279,1288
1778756008,2026-05-14 10:53:28,1,23.19,71.16,25.09,18.52,352,653,513,270,1289
1778756308,2026-05-14 10:58:28,1,23.22,71.48,24.54,19.54,351,651,505,276,1290
1778756608,2026-05-14 11:03:28,1,23.62,72.41,24.99,18.62,357,666,509,270,1291
1778756908,2026-05-14 11:08:28,1,23.74,71.73,24.55,19.16,355,655,506,274,1292
1778757208,2026-05-14 11:13:28,1,23.47,71.37,25.6,22.36,353,657,516,292,1293
1778757508,2026-05-14 11:18:28,1,23.61,71.82,24.92,20.17,353,662,510,281,1294
1778757808,2026-05-14 11:23:28,1,23.76,72.51,25.16,18.0,357,665,512,267,1295
1778758108,2026-05-14 11:28:28,1,23.81,71.36,25.34,18.0,356,651,511,266,1296
1778758408,2026-05-14 11:33:28,1,24.02,73.69,24.87,18.0,355,672,509,266,1297
1778758708,2026-05-14 11:38:28,1,23.54,72.72,24.26,18.67,355,663,504,272,1298
1778759008,2026-05-14 11:43:28,1,23.63,73.03,24.72,18.0,355,664,507,266,1299
1778759308,2026-05-14 11:48:28,1,23.86,71.77,24.89,19.99,357,657,508,279,1300
1778759608,2026-05-14 11:53:28,1,23.29,72.91,24.75,20.02,354,668,507,280,1301
1778759908,2026-05-14 11:58:28,1,23.92,73.62,24.15,18.0,356,676,503,268,1302
1778760208,2026-05-14 12:03:28,1,24.08,73.06,24.76,19.22,355,668,507,276,1303
1778760508,2026-05-14 12:08:28,1,23.55,72.88,24.57,20.99,354,667,506,285,1304
1778760808,2026-05-14 12:13:28,1,23.94,72.81,24.55,19.95,357,666,506,280,1305
1778761108,2026-05-14 12:18:28,1,23.96,73.83,25.03,18.74,358,673,510,271,1306
1778761408,2026-05-14 12:23:28,1,24.32,73.47,25.12,18.0,355,674,511,269,1307
1778761708,2026-05-14 12:28:28,1,24.02,73.56,24.81,18.31,357,672,507,272,1308
1778762008,2026-05-14 12:33:28,1,24.64,73.86,24.85,19.03,361,672,508,273,1309
1778762308,2026-05-14 12:38:28,1,24.2,73.55,25.03,18.0,360,669,507,267,1310
1778762608,2026-05-14 12:43:28,1,24.15,73.62,24.8,19.31,357,673,506,275,1311
1778762908,2026-05-14 12:48:28,1,24.5,74.86,24.72,23.12,360,686,508,298,1312
1778763208,2026-05-14 12:53:28,1,24.32,73.7,24.78,20.17,359,670,506,282,1313
1778763508,2026-05-14 12:58:28,1,24.71,73.77,25.32,21.84,362,670,510,289,1314
1778763808,2026-05-14 13:03:28,1,24.56,73.0,24.21,21.57,360,669,503,287,1315
1778764108,2026-05-14 13:08:28,1,24.24,73.76,25.29,21.25,358,673,513,286,1316
1778764408,2026-05-14 13:13:28,1,24.54,73.16,24.6,19.11,359,670,507,274,1317
1778764708,2026-05-14 13:18:28,1,24.2,73.36,23.98,20.42,357,670,500,281,1318
1778765008,2026-05-14 13:23:28,1,24.29,74.74,24.23,22.54,360,679,501,294,1319
1778765308,2026-05-14 13:28:28,1,24.31,73.97,25.15,22.74,356,677,512,297,1320
1778765608,2026-05-14 13:33:28,1,24.57,73.72,24.59,19.72,359,668,505,279,1321
1778765908,2026-05-14 13:38:28,1,24.58,74.09,24.38,19.22,360,675,506,272,1322
1778766208,2026-05-14 13:43:28,1,24.53,74.91,23.74,23.22,360,681,501,301,1323
1778766508,2026-05-14 13:48:28,1,24.09,74.51,24.64,21.81,356,678,506,291,1324
1778766808,2026-05-14 13:53:28,1,24.52,74.41,24.87,21.97,359,676,506,293,1325
1778767108,2026-05-14 13:58:28,1,24.21,74.43,24.44,23.56,358,675,505,300,1326
1778767408,2026-05-14 14:03:28,1,24.52,74.36,24.24,24.87,358,678,505,308,1327
1778767708,2026-05-14 14:08:28,1,24.84,74.78,24.21,22.0,365,680,502,291,1328
1778768008,2026-05-14 14:13:28,1,24.25,74.92,24.74,25.35,356,683,508,314,1329
1778768308,2026-05-14 14:18:28,1,24.61,74.0,23.74,24.82,361,671,498,307,1330
1778768608,2026-05-14 14:23:28,1,24.33,74.55,24.7,24.71,357,682,511,310,1331
1778768908,2026-05-14 14:28:28,1,24.84,74.76,24.08,26.74,361,677,502,321,1332
1778769208,2026-05-14 14:33:28,1,24.61,73.97,23.82,29.43,360,673,503,336,1333
1778769508,2026-05-14 14:38:28,1,24.35,73.74,24.15,24.67,360,673,504,307,1334
1778769808,2026-05-14 14:43:28,1,24.69,75.57,24.1,25.82,361,686,501,313,1335
1778770108,2026-05-14 14:48:28,1,24.31,74.76,24.16,29.51,356,679,505,336,1336
1778770408,2026-05-14 14:53:28,1,24.42,74.26,23.51,29.89,360,676,498,338,1337
1778770708,2026-05-14 14:58:28,1,24.48,74.92,24.33,28.46,361,680,505,330,1338
1778771008,2026-05-14 15:03:28,1,24.55,74.61,24.57,24.66,359,681,508,308,1339
1778771308,2026-05-14 15:08:28,1,25.0,74.15,23.23,30.6,361,674,495,344,1340
1778771608,2026-05-14 15:13:28,1,24.27,73.48,23.33,27.73,360,672,498,329,1341
1778771908,2026-05-14 15:18:28,1,24.43,73.38,23.71,29.0,360,670,497,337,1342
1778772208,2026-05-14 15:23:28,1,24.35,73.67,23.77,30.44,362,677,500,341,1343
1778772508,2026-05-14 15:28:28,1,24.17,72.88,23.32,30.43,356,666,496,340,1344
1778772808,2026-05-14 15:33:28,1,24.3,73.29,23.36,28.91,360,668,496,332,1345
1778773108,2026-05-14 15:38:28,1,24.67,74.01,23.15,30.97,361,678,498,346,1346
1778773408,2026-05-14 15:43:28,1,25.21,73.88,22.82,30.8,364,672,490,345,1347
1778773708,2026-05-14 15:48:28,1,24.46,73.77,23.08,30.38,358,671,495,343,1348
1778774008,2026-05-14 15:53:28,1,24.68,74.54,23.85,32.89,363,681,499,357,1349
1778774308,2026-05-14 15:58:28,1,24.14,73.84,23.33,30.33,358,672,495,341,1350
1778774608,2026-05-14 16:03:28,1,24.61,72.56,22.67,30.12,361,664,492,340,1351
1778774908,2026-05-14 16:08:28,1,24.36,73.03,22.77,34.1,359,672,491,365,1352
1778775208,2026-05-14 16:13:28,1,24.51,72.87,22.81,31.3,361,664,493,348,1353
1778775508,2026-05-14 16:18:28,1,24.52,72.73,22.95,35.77,361,667,495,374,1354
1778775808,2026-05-14 16:23:28,1,24.69,72.32,22.75,32.71,359,663,494,354,1355
1778776108,2026-05-14 16:28:28,1,24.47,72.77,22.28,32.16,358,666,487,355,1356
1778776408,2026-05-14 16:33:28,1,24.74,73.17,22.76,35.87,359,663,493,373,1357
1778776708,2026-05-14 16:38:28,1,24.65,72.86,22.34,34.96,362,667,488,366,1358
1778777008,2026-05-14 16:43:28,1,24.48,71.54,21.96,36.46,359,655,486,381,1359
1778777308,2026-05-14 16:48:28,1,24.69,71.93,21.95,35.18,362,656,486,372,1360
1778777608,2026-05-14 16:53:28,1,24.86,71.9,21.49,33.44,363,659,483,361,1361
1778777908,2026-05-14 16:58:28,1,23.9,72.69,21.75,33.47,357,666,484,357,1362
1778778208,2026-05-14 17:03:28,1,24.08,71.7,22.28,37.25,355,658,486,383,1363
1778778508,2026-05-14 17:08:28,1,24.59,72.21,22.06,37.04,357,660,485,382,1364
1778778808,2026-05-14 17:13:28,1,24.62,71.15,21.49,38.9,360,652,479,392,1365
1778779108,2026-05-14 17:18:28,1,24.24,71.87,21.36,38.28,357,661,480,390,1366
1778779408,2026-05-14 17:23:28,1,24.64,71.3,21.62,35.81,363,655,483,373,1367
1778779708,2026-05-14 17:28:28,1,24.37,69.98,21.78,36.95,360,647,483,382,1368
1778780008,2026-05-14 17:33:28,1,24.79,71.95,22.77,37.53,362,657,491,385,1369
1778780308,2026-05-14 17:38:28,1,24.66,71.27,21.77,39.28,361,655,483,395,1370
1778780608,2026-05-14 17:43:28,1,24.48,69.81,21.21,41.54,358,641,481,408,1371
1778780908,2026-05-14 17:48:28,1,24.35,70.75,20.9,37.86,359,650,478,386,1372
1778781208,2026-05-14 17:53:28,1,24.78,71.14,20.81,37.97,360,654,475,387,1373
1778781508,2026-05-14 17:58:28,1,24.81,71.04,21.09,39.34,360,655,478,393,1374
1778781808,2026-05-14 18:03:28,1,24.7,69.82,21.08,40.53,361,640,480,400,1375
1778782108,2026-05-14 18:08:28,1,24.6,71.19,21.47,41.1,359,652,481,404,1376
1778782408,2026-05-14 18:13:28,1,24.34,69.96,20.69,39.86,360,641,478,400,1377
1778782708,2026-05-14 18:18:28,1,24.19,70.08,20.34,40.59,357,645,473,403,1378
1778783008,2026-05-14 18:23:28,1,24.7,70.21,20.9,39.85,361,647,479,400,1379
1778783308,2026-05-14 18:28:28,1,24.54,70.43,20.63,40.21,359,645,478,400,1380
1778783608,2026-05-14 18:33:28,1,24.07,70.44,20.45,43.2,359,648,474,417,1381
1778783908,2026-05-14 18:38:28,1,24.79,70.39,21.15,40.96,360,650,479,405,1382
1778784208,2026-05-14 18:43:28,1,24.77,69.14,19.69,39.43,361,639,469,396,1383
1778784508,2026-05-14 18:48:28,1,24.77,69.94,20.25,42.69,362,645,472,416,1384
1778784808,2026-05-14 18:53:28,1,24.35,69.58,19.87,42.58,360,641,471,413,1385
1778785108,2026-05-14 18:58:28,1,24.3,69.71,19.95,40.58,358,641,469,403,1386
1778785408,2026-05-14 19:03:28,1,23.91,68.93,19.7,42.19,354,637,465,416,1387
1778785708,2026-05-14 19:08:28,1,24.73,69.12,20.56,41.38,360,638,473,407,1388
1778786008,2026-05-14 19:13:28,1,24.37,68.76,19.87,40.86,360,633,468,407,1389
1778786308,2026-05-14 19:18:28,1,24.76,68.83,20.0,39.15,360,634,469,392,1390
1778786608,2026-05-14 19:23:28,1,24.47,68.66,19.67,41.34,359,637,468,406,1391
1778786908,2026-05-14 19:28:28,1,24.51,69.56,19.69,42.05,357,643,467,410,1392
1778787208,2026-05-14 19:33:28,1,24.57,68.62,20.04,43.12,360,634,469,421,1393
1778787508,2026-05-14 19:38:28,1,24.5,68.33,19.35,39.17,360,632,465,395,1394
1778787808,2026-05-14 19:43:28,1,24.22,68.13,19.54,40.04,359,630,467,400,1395
1778788108,2026-05-14 19:48:28,1,24.31,68.7,19.79,42.72,357,635,468,416,1396
1778788408,2026-05-14 19:53:28,1,24.65,68.01,18.77,40.75,360,628,461,405,1397
1778788708,2026-05-14 19:58:28,1,24.1,68.4,19.48,40.65,359,634,470,402,1398
1778789008,2026-05-14 20:03:28,1,24.12,68.49,18.6,39.3,356,633,457,395,1399
1778789308,2026-05-14 20:08:28,1,24.47,67.38,19.05,40.87,360,625,463,405,1400
1778789608,2026-05-14 20:13:28,1,24.69,68.68,18.58,41.69,361,634,457,412,1401
1778789908,2026-05-14 20:18:28,1,24.18,69.76,19.33,40.16,359,644,464,400,1402
1778790208,2026-05-14 20:23:28,1,24.6,69.23,18.79,41.22,362,639,459,407,1403
1778790508,2026-05-14 20:28:28,1,24.4,68.47,18.55,41.92,361,636,455,413,1404
1778790808,2026-05-14 20:33:28,1,24.18,68.58,18.94,39.46,359,633,461,392,1405
1778791108,2026-05-14 20:38:28,1,23.81,67.35,18.71,44.57,357,623,456,428,1406
1778791408,2026-05-14 20:43:28,1,23.85,68.37,18.6,36.96,354,632,460,382,1407
1778791708,2026-05-14 20:48:28,1,24.43,69.01,18.78,40.71,359,633,462,404,1408
1778792008,2026-05-14 20:53:28,1,24.38,67.81,18.36,42.11,360,625,455,411,1409
1778792308,2026-05-14 20:58:28,1,24.3,69.15,18.3,39.58,359,640,458,398,1410
1778792608,2026-05-14 21:03:28,1,24.5,69.51,18.49,40.18,358,640,458,401,1411
1778792908,2026-05-14 21:08:28,1,24.05,68.17,18.09,41.53,357,633,451,408,1412
1778793208,2026-05-14 21:13:28,1,24.3,68.45,18.77,40.24,357,631,457,400,1413
1778793508,2026-05-14 21:18:28,1,24.1,68.38,19.35,38.88,357,634,460,394,1414
1778793808,2026-05-14 21:23:28,1,24.45,68.65,18.78,38.84,358,633,461,394,1415
1778794108,2026-05-14 21:28:28,1,24.36,69.5,18.4,37.55,360,640,457,384,1416
1778794408,2026-05-14 21:33:28,1,24.34,68.24,18.75,37.6,360,633,461,385,1417
1778794708,2026-05-14 21:38:28,1,24.29,67.89,18.4,39.06,359,628,458,396,1418
1778795008,2026-05-14 21:43:28,1,24.61,67.95,18.32,37.94,361,628,458,385,1419
1778795308,2026-05-14 21:48:28,1,24.04,68.47,18.46,37.57,356,634,458,383,1420
1778795608,2026-05-14 21:53:28,1,23.96,68.7,18.21,34.99,356,634,457,370,1421
1778795908,2026-05-14 21:58:28,1,24.15,68.56,18.7,36.1,360,635,458,376,1422
1778796208,2026-05-14 22:03:28,1,24.49,69.47,18.32,33.35,359,640,453,357,1423
1778796508,2026-05-14 22:08:28,1,24.56,69.37,18.04,35.59,361,642,453,373,1424
1778796808,2026-05-14 22:13:28,1,24.53,68.84,18.09,32.15,359,636,454,355,1425
1778797108,2026-05-14 22:18:28,1,24.28,69.83,17.8,34.51,358,637,452,367,1426
1778797408,2026-05-14 22:23:28,1,24.36,69.04,18.2,38.2,359,640,454,389,1427
1778797708,2026-05-14 22:28:28,1,24.12,69.16,18.19,34.88,356,643,454,367,1428
1778798008,2026-05-14 22:33:28,1,25.07,69.83,17.95,33.66,362,644,453,364,1429
1778798308,2026-05-14 22:38:28,1,24.26,69.85,18.33,34.37,361,645,457,366,1430
1778798608,2026-05-14 22:43:28,1,24.9,69.26,17.6,35.16,364,639,450,370,1431
1778798908,2026-05-14 22:48:28,1,24.46,69.02,18.32,36.14,361,634,452,377,1432
1778799208,2026-05-14 22:53:28,1,24.72,69.86,17.7,31.76,362,643,450,351,1433
1778799508,2026-05-14 22:58:28,1,24.61,70.18,18.1,32.33,361,643,453,355,1434
1778799808,2026-05-14 23:03:28,1,24.31,69.27,18.16,32.26,357,639,454,355,1435
1778800108,2026-05-14 23:08:28,1,24.83,70.7,18.15,30.93,360,648,457,345,1436
1778800408,2026-05-14 23:13:28,1,24.56,70.06,17.78,29.86,358,646,451,338,1437
1778800708,2026-05-14 23:18:28,1,24.65,71.09,17.8,33.65,363,653,453,362,1438
1778801008,2026-05-14 23:23:28,1,24.49,68.75,18.61,31.41,361,634,460,347,1439
1778801308,2026-05-14 23:28:28,1,24.71,69.61,18.96,30.16,362,638,462,341,1440
1778801608,2026-05-14 23:33:28,1,24.25,69.85,17.92,31.43,359,646,452,349,1441
1778801908,2026-05-14 23:38:28,1,24.72,70.08,17.97,30.4,362,643,452,342,1442
1778802208,2026-05-14 23:43:28,1,24.94,70.69,17.97,29.97,361,651,453,342,1443
1778802508,2026-05-14 23:48:28,1,24.47,70.68,17.68,27.2,360,646,453,322,1444
1778802808,2026-05-14 23:53:28,1,24.74,70.23,18.28,27.71,359,647,453,325,1445
1778803108,2026-05-14 23:58:28,1,24.69,71.11,17.98,24.11,361,658,453,304,1446
1778803408,2026-05-15 00:03:28,1,24.67,71.45,17.88,26.53,358,656,453,318,1447
1778803708,2026-05-15 00:08:28,1,24.95,71.52,17.21,27.2,365,658,449,321,1448
1778804008,2026-05-15 00:13:28,1,24.73,71.19,18.4,25.59,362,652,456,314,1449
1778804308,2026-05-15 00:18:28,1,24.94,71.71,18.07,25.88,360,658,453,313,1450
1778804608,2026-05-15 00:23:28,1,24.82,70.67,17.35,28.94,364,651,445,332,1451
1778804908,2026-05-15 00:28:28,1,24.7,72.31,18.44,24.11,362,660,460,302,1452
1778805208,2026-05-15 00:33:28,1,25.26,72.39,18.45,23.97,365,664,457,307,1453
1778805508,2026-05-15 00:38:28,1,25.13,72.87,18.12,26.58,358,667,456,318,1454
1778805808,2026-05-15 00:43:28,1,24.71,71.64,17.89,25.43,359,656,453,311,1455
1778806108,2026-05-15 00:48:28,1,24.44,72.7,18.25,22.82,361,667,455,298,1456
1778806408,2026-05-15 00:53:28,1,24.95,71.15,18.74,24.38,360,653,459,304,1457
1778806708,2026-05-15 00:58:28,1,25.32,71.3,18.41,21.45,366,654,456,290,1458
1778807008,2026-05-15 01:03:28,1,25.53,71.76,17.68,22.6,365,662,450,294,1459
1778807308,2026-05-15 01:08:28,1,25.14,73.33,18.37,23.7,363,673,457,302,1460
1778807608,2026-05-15 01:13:28,1,25.41,72.31,18.43,22.17,364,661,457,293,1461
1778807908,2026-05-15 01:18:28,1,25.36,72.44,19.02,21.35,367,661,462,287,1462
1778808208,2026-05-15 01:23:28,1,25.07,71.43,18.47,21.36,362,653,458,289,1463
1778808508,2026-05-15 01:28:28,1,24.93,73.62,18.41,21.85,360,675,457,293,1464
1778808808,2026-05-15 01:33:28,1,25.32,71.86,18.49,21.48,364,659,456,290,1465
1778809108,2026-05-15 01:38:28,1,24.95,73.23,18.82,22.55,365,663,459,295,1466
1778809408,2026-05-15 01:43:28,1,25.65,72.55,18.16,20.1,365,668,454,283,1467
1778809708,2026-05-15 01:48:28,1,25.18,73.05,18.72,23.08,365,671,459,297,1468
1778810008,2026-05-15 01:53:28,1,25.37,72.46,18.45,20.42,362,660,458,284,1469
1778810308,2026-05-15 01:58:28,1,25.52,71.88,18.08,21.35,366,658,455,284,1470
1778810608,2026-05-15 02:03:28,1,25.53,73.49,19.43,19.44,364,673,466,276,1471
1778810908,2026-05-15 02:08:28,1,25.28,72.77,18.51,20.71,363,664,460,287,1472
1778811208,2026-05-15 02:13:28,1,25.4,73.16,19.17,18.18,366,671,464,269,1473
1778811508,2026-05-15 02:18:28,1,25.88,71.07,18.73,19.01,363,647,458,275,1474
1778811808,2026-05-15 02:23:28,1,25.56,73.58,19.08,18.38,368,675,464,271,1475
1778812108,2026-05-15 02:28:28,1,25.49,72.24,18.65,22.46,363,663,455,294,1476
1778812408,2026-05-15 02:33:28,1,25.46,73.16,18.49,18.0,366,669,458,268,1477
1778812708,2026-05-15 02:38:28,1,25.55,71.24,19.33,21.24,366,654,463,285,1478
1778813008,2026-05-15 02:43:28,1,25.83,73.19,19.12,19.62,365,667,463,278,1479
1778813308,2026-05-15 02:48:28,1,25.74,73.27,18.58,18.0,367,666,458,270,1480
1778813608,2026-05-15 02:53:28,1,26.13,72.44,18.27,18.18,370,661,454,270,1481
1778813908,2026-05-15 02:58:28,1,26.07,71.9,19.51,18.38,367,661,466,266,1482
1778814208,2026-05-15 03:03:28,1,26.01,72.47,19.31,18.0,368,662,464,268,1483
1778814508,2026-05-15 03:08:28,1,26.21,72.81,18.89,19.44,369,664,463,276,1484
1778814808,2026-05-15 03:13:28,1,26.29,73.06,19.86,18.0,370,668,468,266,1485
1778815108,2026-05-15 03:18:28,1,26.27,72.49,19.59,19.26,369,665,465,275,1486
1778815408,2026-05-15 03:23:28,1,26.45,71.9,19.3,18.0,372,661,463,271,1487
1778815708,2026-05-15 03:28:28,1,26.48,72.72,19.19,19.12,373,664,465,271,1488
1778816008,2026-05-15 03:33:28,1,25.96,72.39,19.68,18.0,367,663,464,268,1489
1778816308,2026-05-15 03:38:28,1,26.22,72.35,19.32,20.17,368,664,465,280,1490
1778816608,2026-05-15 03:43:28,1,26.46,72.45,19.17,18.0,371,666,464,267,1491
1778816908,2026-05-15 03:48:28,1,26.9,71.37,19.9,20.25,372,653,470,279,1492
1778817208,2026-05-15 03:53:28,1,26.06,72.75,19.28,19.7,368,666,462,277,1493
1778817508,2026-05-15 03:58:28,1,26.65,71.69,20.32,19.83,375,659,474,279,1494
1778817808,2026-05-15 04:03:28,1,26.51,71.1,19.9,19.55,371,652,472,279,1495
1778818108,2026-05-15 04:08:28,1,26.81,72.58,20.28,18.27,373,662,471,269,1496
1778818408,2026-05-15 04:13:28,1,26.56,72.1,20.15,20.19,369,660,470,282,1497
1778818708,2026-05-15 04:18:28,1,26.62,71.98,20.81,18.0,373,661,477,265,1498
1778819008,2026-05-15 04:23:28,1,26.96,72.2,20.48,18.0,373,661,472,266,1499
1778819308,2026-05-15 04:28:28,1,26.73,70.71,19.71,18.05,374,650,469,268,1500
1778819608,2026-05-15 04:33:28,1,27.52,71.72,20.05,20.53,377,659,469,283,1501
1778819908,2026-05-15 04:38:28,1,27.25,71.47,20.66,19.48,375,657,473,276,1502
1778820208,2026-05-15 04:43:28,1,26.51,71.12,20.83,18.38,372,654,477,267,1503
1778820508,2026-05-15 04:48:28,1,26.95,71.45,20.83,20.07,374,656,476,279,1504
1778820808,2026-05-15 04:53:28,1,27.02,71.98,20.88,20.99,374,660,478,286,1505
1778821108,2026-05-15 04:58:28,1,26.89,69.64,21.14,22.75,375,641,480,296,1506
1778821408,2026-05-15 05:03:28,1,26.55,70.42,21.13,19.49,373,649,479,273,1507
1778821708,2026-05-15 05:08:28,1,27.36,71.3,20.92,21.02,376,654,476,283,1508
1778822008,2026-05-15 05:13:28,1,27.15,71.3,21.93,22.69,373,653,485,297,1509
1778822308,2026-05-15 05:18:28,1,27.06,69.57,20.99,23.59,374,639,477,302,1510
1778822608,2026-05-15 05:23:28,1,27.31,70.69,22.26,22.93,375,646,489,296,1511
1778822908,2026-05-15 05:28:28,1,27.25,68.72,20.77,21.04,376,634,474,286,1512
1778823208,2026-05-15 05:33:28,1,27.72,70.19,21.49,22.88,375,644,482,296,1513
1778823508,2026-05-15 05:38:28,1,27.27,69.49,20.66,23.08,375,640,474,300,1514
1778823808,2026-05-15 05:43:28,1,27.6,70.25,21.06,24.98,375,645,478,310,1515
1778824108,2026-05-15 05:48:28,1,27.19,69.4,22.52,22.28,375,638,489,291,1516
1778824408,2026-05-15 05:53:28,1,27.79,68.54,22.13,22.7,377,635,483,297,1517
1778824708,2026-05-15 05:58:28,1,27.43,68.53,22.46,20.51,373,634,489,282,1518
1778825008,2026-05-15 06:03:28,1,28.01,68.25,21.3,23.72,382,632,481,304,1519
1778825308,2026-05-15 06:08:28,1,27.35,69.32,22.05,22.63,378,643,485,295,1520
1778825608,2026-05-15 06:13:28,1,27.76,69.06,21.92,23.57,377,635,484,301,1521
1778825908,2026-05-15 06:18:28,1,27.5,69.09,22.62,24.72,375,636,490,308,1522
1778826208,2026-05-15 06:23:28,1,28.08,67.24,22.65,24.31,380,624,489,305,1523
1778826508,2026-05-15 06:28:28,1,27.99,68.13,21.81,24.79,380,630,483,308,1524
1778826808,2026-05-15 06:33:28,1,28.42,68.66,21.87,22.27,380,637,484,293,1525
1778827108,2026-05-15 06:38:28,1,28.32,68.63,22.19,26.11,383,633,491,316,1526
1778827408,2026-05-15 06:43:28,1,27.97,69.0,22.38,25.86,379,637,490,312,1527
1778827708,2026-05-15 06:48:28,1,28.12,67.26,21.71,23.24,381,626,482,299,1528
1778828008,2026-05-15 06:53:28,1,27.99,68.05,22.4,25.91,378,629,489,316,1529
1778828308,2026-05-15 06:58:28,1,28.16,67.03,23.37,26.53,381,622,496,320,1530
1778828608,2026-05-15 07:03:28,1,28.12,67.6,22.54,28.5,382,629,489,330,1531
1778828908,2026-05-15 07:08:28,1,28.17,68.68,23.29,25.02,382,632,494,311,1532
1778829208,2026-05-15 07:13:28,1,28.52,67.23,23.26,28.69,383,625,495,331,1533
1778829508,2026-05-15 07:18:28,1,28.81,67.57,23.04,29.41,385,625,495,335,1534
1778829808,2026-05-15 07:23:28,1,28.29,67.87,22.04,27.96,381,628,483,327,1535
1778830108,2026-05-15 07:28:28,1,28.78,67.26,23.06,31.03,383,624,492,344,1536
1778830408,2026-05-15 07:33:28,1,28.67,67.54,23.23,28.55,381,627,495,329,1537
1778830708,2026-05-15 07:38:28,1,28.21,67.29,22.98,29.58,380,622,489,337,1538
1778831008,2026-05-15 07:43:28,1,28.82,68.82,23.42,31.11,383,634,496,344,1539
1778831308,2026-05-15 07:48:28,1,28.59,66.47,23.35,32.05,383,617,495,352,1540
1778831608,2026-05-15 07:53:28,1,28.54,67.06,23.16,32.67,382,621,495,356,1541
1778831908,2026-05-15 07:58:28,1,29.05,66.54,23.61,31.71,388,617,498,352,1542
1778832208,2026-05-15 08:03:28,1,28.95,67.17,23.95,32.16,384,625,500,352,1543
1778832508,2026-05-15 08:08:28,1,28.81,67.36,24.15,32.57,383,626,501,354,1544
1778832808,2026-05-15 08:13:28,1,28.98,66.84,24.56,34.95,384,620,505,370,1545
1778833108,2026-05-15 08:18:28,1,28.98,67.59,24.18,34.81,386,627,506,367,1546
1778833408,2026-05-15 08:23:28,1,28.79,67.01,24.12,33.11,381,618,500,358,1547
1778833708,2026-05-15 08:28:28,1,29.4,67.88,24.18,36.69,388,631,504,381,1548
1778834008,2026-05-15 08:33:28,1,29.05,67.5,23.86,33.66,386,626,501,362,1549
1778834308,2026-05-15 08:38:28,1,28.86,67.18,24.58,35.99,380,623,502,377,1550
1778834608,2026-05-15 08:43:28,1,29.21,67.21,23.57,37.35,385,622,496,386,1551
1778834908,2026-05-15 08:48:28,1,29.13,67.17,24.82,36.16,386,624,508,376,1552
1778835208,2026-05-15 08:53:28,1,28.53,66.62,24.15,35.2,384,617,501,371,1553
1778835508,2026-05-15 08:58:28,1,28.59,67.58,24.11,33.56,383,627,503,358,1554
1778835808,2026-05-15 09:03:28,1,29.26,67.32,24.23,34.63,387,625,503,365,1555
1778836108,2026-05-15 09:08:28,1,29.34,68.05,24.12,37.31,388,627,502,385,1556
1778836408,2026-05-15 09:13:28,1,29.36,66.23,24.56,38.31,387,613,508,391,1557
1778836708,2026-05-15 09:18:28,1,28.75,67.6,23.68,39.37,384,624,501,395,1558
1778837008,2026-05-15 09:23:28,1,29.47,66.22,24.38,36.42,387,616,500,379,1559
1778837308,2026-05-15 09:28:28,1,29.35,68.04,24.15,37.74,389,630,501,386,1560
1778837608,2026-05-15 09:33:28,1,29.0,67.62,24.84,40.54,386,627,507,406,1561
1778837908,2026-05-15 09:38:28,1,29.4,68.7,24.02,40.54,390,638,501,404,1562
1778838208,2026-05-15 09:43:28,1,29.74,66.68,24.9,39.71,389,620,511,394,1563
1778838508,2026-05-15 09:48:28,1,29.11,67.42,24.43,38.73,387,619,503,390,1564
1778838808,2026-05-15 09:53:28,1,29.56,67.43,24.21,37.95,388,625,505,388,1565
1778839108,2026-05-15 09:58:28,1,29.49,67.82,25.09,41.33,385,630,512,408,1566
1778839408,2026-05-15 10:03:28,1,29.77,67.06,24.39,42.79,390,624,507,417,1567
1778839708,2026-05-15 10:08:28,1,29.3,67.85,24.43,42.5,390,628,504,413,1568
1778840008,2026-05-15 10:13:28,1,29.61,66.82,25.7,40.56,388,618,515,401,1569
1778840308,2026-05-15 10:18:28,1,29.77,67.72,25.05,41.15,388,628,511,410,1570
1778840608,2026-05-15 10:23:28,1,29.44,68.33,24.88,40.76,387,632,508,402,1571
1778840908,2026-05-15 10:28:28,1,30.01,68.65,25.37,42.23,392,632,512,412,1572
1778841208,2026-05-15 10:33:28,1,29.64,68.16,24.28,41.44,389,628,502,409,1573
1778841508,2026-05-15 10:38:28,1,29.87,67.76,25.01,39.68,389,625,509,398,1574
1778841808,2026-05-15 10:43:28,1,30.12,67.79,24.2,44.22,390,627,505,426,1575
1778842108,2026-05-15 10:48:28,1,29.98,68.68,25.1,41.72,390,637,512,410,1576
1778842408,2026-05-15 10:53:28,1,29.6,67.57,24.76,42.25,389,626,506,412,1577
1778842708,2026-05-15 10:58:28,1,29.97,68.62,24.86,41.9,390,635,508,412,1578
1778843008,2026-05-15 11:03:28,1,29.96,69.03,25.69,40.28,393,635,514,402,1579
1778843308,2026-05-15 11:08:28,1,30.23,68.16,25.39,41.18,392,633,512,408,1580
1778843608,2026-05-15 11:13:28,1,29.9,69.04,24.8,42.75,389,637,508,414,1581
1778843908,2026-05-15 11:18:28,1,29.77,69.02,24.55,43.08,390,636,507,418,1582
1778844208,2026-05-15 11:23:28,1,30.19,68.92,25.23,43.22,391,636,511,419,1583
1778844508,2026-05-15 11:28:28,1,30.21,69.8,24.68,44.45,395,639,506,426,1584
1778844808,2026-05-15 11:33:28,1,30.23,68.82,24.97,41.59,392,636,508,409,1585
1778845108,2026-05-15 11:38:28,1,29.77,68.47,24.5,43.36,392,632,503,421,1586
1778845408,2026-05-15 11:43:28,1,29.99,69.73,24.72,44.16,392,643,507,423,1587
1778845708,2026-05-15 11:48:28,1,30.06,69.98,24.56,41.73,393,647,506,407,1588
1778846008,2026-05-15 11:53:28,1,29.78,69.7,24.46,41.59,390,641,507,408,1589
1778846308,2026-05-15 11:58:28,1,30.11,70.06,24.77,45.69,393,644,508,435,1590
1778846608,2026-05-15 12:03:28,1,29.93,69.71,25.19,41.77,390,640,515,409,1591
1778846908,2026-05-15 12:08:28,1,30.13,69.54,25.37,41.32,391,643,511,407,1592
1778847208,2026-05-15 12:13:28,1,30.07,69.84,24.74,44.43,393,642,509,427,1593
1778847508,2026-05-15 12:18:28,1,30.41,69.95,25.38,44.51,391,642,513,429,1594
1778847808,2026-05-15 12:23:28,1,30.07,69.76,24.38,40.85,391,645,505,402,1595
1778848108,2026-05-15 12:28:28,1,30.2,70.08,24.67,41.83,390,645,506,410,1596
1778848408,2026-05-15 12:33:28,1,30.08,69.34,24.89,41.23,391,638,509,406,1597
1778848708,2026-05-15 12:38:28,1,30.21,70.85,25.24,41.41,391,651,512,406,1598
1778849008,2026-05-15 12:43:28,1,29.79,69.85,24.6,39.76,391,642,505,398,1599
1778849308,2026-05-15 12:48:28,1,30.24,70.08,24.58,40.37,391,646,506,402,1600
1778849608,2026-05-15 12:53:28,1,30.18,71.26,24.99,40.83,395,658,508,404,1601
1778849908,2026-05-15 12:58:28,1,30.16,69.78,24.53,39.25,393,643,505,396,1602
1778850208,2026-05-15 13:03:28,1,30.15,70.75,25.4,40.05,392,649,512,399,1603
1778850508,2026-05-15 13:08:28,1,30.06,71.88,24.23,38.99,390,662,505,391,1604
1778850808,2026-05-15 13:13:28,1,30.07,70.39,24.26,42.83,391,647,501,417,1605
1778851108,2026-05-15 13:18:28,1,30.01,71.62,24.64,39.1,391,660,508,392,1606
1778851408,2026-05-15 13:23:28,1,29.99,70.14,24.78,40.52,389,644,508,401,1607
1778851708,2026-05-15 13:28:28,1,29.98,70.79,24.17,37.31,388,650,506,382,1608
1778852008,2026-05-15 13:33:28,1,30.28,70.94,25.18,38.89,392,650,510,393,1609
1778852308,2026-05-15 13:38:28,1,30.34,70.97,24.61,37.0,394,654,505,381,1610
1778852608,2026-05-15 13:43:28,1,29.82,71.93,24.62,37.05,392,655,509,384,1611
1778852908,2026-05-15 13:48:28,1,30.16,71.18,24.28,38.23,391,656,502,387,1612
1778853208,2026-05-15 13:53:28,1,29.99,70.9,24.35,36.95,392,650,502,382,1613
1778853508,2026-05-15 13:58:28,1,30.39,71.89,24.01,35.63,395,659,499,375,1614
1778853808,2026-05-15 14:03:28,1,30.11,72.17,24.79,38.04,391,659,507,388,1615
1778854108,2026-05-15 14:08:28,1,30.32,71.59,24.48,36.48,391,658,506,379,1616
1778854408,2026-05-15 14:13:28,1,29.97,70.73,24.08,36.24,391,649,505,378,1617
1778854708,2026-05-15 14:18:28,1,29.55,71.57,23.54,33.91,390,657,498,365,1618
1778855008,2026-05-15 14:23:28,1,29.94,71.98,23.71,32.11,392,656,500,351,1619
1778855308,2026-05-15 14:28:28,1,29.9,71.09,24.1,33.01,389,651,500,355,1620
1778855608,2026-05-15 14:33:28,1,30.08,70.55,24.22,33.47,393,649,501,360,1621
1778855908,2026-05-15 14:38:28,1,29.76,72.17,24.26,35.75,389,661,504,374,1622
1778856208,2026-05-15 14:43:28,1,30.07,71.73,23.27,33.01,391,656,497,358,1623
1778856508,2026-05-15 14:48:28,1,30.1,71.35,23.81,33.43,389,655,500,360,1624
1778856808,2026-05-15 14:53:28,1,29.98,71.06,24.05,33.35,391,652,503,359,1625
1778857108,2026-05-15 14:58:28,1,30.59,72.62,23.89,33.84,394,660,501,364,1626
1778857408,2026-05-15 15:03:28,1,29.78,71.09,24.01,32.78,391,658,498,356,1627
1778857708,2026-05-15 15:08:28,1,30.21,71.13,24.41,34.34,391,654,507,364,1628
1778858008,2026-05-15 15:13:28,1,29.74,71.77,23.25,29.16,388,658,495,333,1629
1778858308,2026-05-15 15:18:28,1,30.41,70.38,24.22,27.67,394,647,504,328,1630
1778858608,2026-05-15 15:23:28,1,29.89,71.54,23.73,31.49,391,653,500,349,1631
1778858908,2026-05-15 15:28:28,1,30.04,70.78,23.49,30.8,391,650,498,346,1632
1778859208,2026-05-15 15:33:28,1,29.46,71.69,23.49,29.44,386,657,495,338,1633
1778859508,2026-05-15 15:38:28,1,29.79,70.6,23.5,30.46,387,647,498,345,1634
1778859808,2026-05-15 15:43:28,1,29.6,70.81,22.91,32.22,391,652,490,354,1635
1778860108,2026-05-15 15:48:28,1,29.77,69.77,23.19,29.72,391,643,497,336,1636
1778860408,2026-05-15 15:53:28,1,29.63,70.82,22.53,28.2,389,648,490,328,1637
1778860708,2026-05-15 15:58:28,1,30.08,71.31,22.92,28.43,388,656,492,328,1638
1778861008,2026-05-15 16:03:28,1,29.99,70.55,23.09,28.2,388,650,497,328,1639
1778861308,2026-05-15 16:08:28,1,29.91,70.23,22.65,26.04,391,651,489,314,1640
1778861608,2026-05-15 16:13:28,1,29.72,69.64,22.67,25.86,387,638,493,313,1641
1778861908,2026-05-15 16:18:28,1,29.87,71.17,22.55,26.39,392,653,491,321,1642
1778862208,2026-05-15 16:23:28,1,29.71,70.92,22.02,26.96,390,652,484,320,1643
1778862508,2026-05-15 16:28:28,1,30.25,69.49,22.69,24.57,393,639,493,306,1644
1778862808,2026-05-15 16:33:28,1,29.59,70.88,21.87,27.82,389,652,482,328,1645
1778863108,2026-05-15 16:38:28,1,29.77,69.16,22.62,27.2,391,634,491,323,1646
1778863408,2026-05-15 16:43:28,1,29.59,68.76,22.17,25.8,387,632,484,315,1647
1778863708,2026-05-15 16:48:28,1,29.94,68.8,21.91,22.58,392,633,484,294,1648
1778864008,2026-05-15 16:53:28,1,29.94,69.66,22.31,24.37,389,641,488,306,1649
1778864308,2026-05-15 16:58:28,1,29.58,70.19,21.59,21.24,389,643,481,285,1650
1778864608,2026-05-15 17:03:28,1,29.89,68.96,22.51,21.28,389,638,490,285,1651
1778864908,2026-05-15 17:08:28,1,29.35,69.54,21.47,22.66,385,641,479,293,1652
1778865208,2026-05-15 17:13:28,1,29.26,68.12,21.56,20.93,385,630,482,282,1653
1778865508,2026-05-15 17:18:28,1,29.72,69.88,22.38,21.37,389,644,489,289,1654
1778865808,2026-05-15 17:23:28,1,29.84,68.08,20.96,23.47,392,633,477,300,1655
1778866108,2026-05-15 17:28:28,1,29.82,68.14,21.34,22.18,389,632,479,293,1656
1778866408,2026-05-15 17:33:28,1,29.42,69.34,21.67,23.47,387,636,482,299,1657
1778866708,2026-05-15 17:38:28,1,29.07,69.55,21.44,23.91,384,639,479,306,1658
1778867008,2026-05-15 17:43:28,1,29.51,68.4,21.63,21.65,389,634,483,290,1659
1778867308,2026-05-15 17:48:28,1,29.66,68.26,21.4,21.45,392,628,480,289,1660
1778867608,2026-05-15 17:53:28,1,29.28,68.61,21.59,18.93,387,633,482,275,1661
1778867908,2026-05-15 17:58:28,1,29.08,67.29,21.0,20.32,386,623,478,285,1662
1778868208,2026-05-15 18:03:28,1,29.39,68.03,21.2,19.68,389,633,479,276,1663
1778868508,2026-05-15 18:08:28,1,29.43,66.81,20.52,18.15,387,622,473,270,1664
1778868808,2026-05-15 18:13:28,1,29.21,67.35,21.11,18.0,386,626,480,267,1665
1778869108,2026-05-15 18:18:28,1,29.48,67.53,20.7,20.0,387,628,477,279,1666
1778869408,2026-05-15 18:23:28,1,29.37,67.35,20.8,18.32,387,623,475,271,1667
1778869708,2026-05-15 18:28:28,1,28.85,67.53,19.75,18.72,384,623,471,272,1668
1778870008,2026-05-15 18:33:28,1,29.45,67.09,20.66,19.16,390,621,476,280,1669
1778870308,2026-05-15 18:38:28,1,29.0,67.65,21.11,18.0,385,628,479,267,1670
1778870608,2026-05-15 18:43:28,1,29.08,65.79,20.36,18.0,384,612,473,268,1671
1778870908,2026-05-15 18:48:28,1,29.71,66.05,20.15,18.0,394,618,467,269,1672
1778871208,2026-05-15 18:53:28,1,28.79,67.89,19.6,20.43,384,629,467,281,1673
1778871508,2026-05-15 18:58:28,1,28.67,67.34,20.25,18.25,384,621,471,271,1674
1778871808,2026-05-15 19:03:28,1,29.22,66.95,20.53,18.0,384,621,478,266,1675
1778872108,2026-05-15 19:08:28,1,28.85,67.49,19.9,18.02,385,626,469,269,1676
1778872408,2026-05-15 19:13:28,1,29.3,66.89,19.94,18.79,386,620,468,271,1677
1778872708,2026-05-15 19:18:28,1,29.12,67.07,19.34,18.0,387,624,464,268,1678
1778873008,2026-05-15 19:23:28,1,29.24,67.34,20.04,18.0,388,625,471,268,1679
1778873308,2026-05-15 19:28:28,1,28.83,67.41,20.29,19.25,385,625,469,275,1680
1778873608,2026-05-15 19:33:28,1,29.2,65.73,20.32,18.0,387,614,474,267,1681
1778873908,2026-05-15 19:38:28,1,29.04,66.17,19.7,18.0,385,612,471,267,1682
1778874208,2026-05-15 19:43:28,1,28.84,66.57,19.69,18.0,385,620,468,266,1683
1778874508,2026-05-15 19:48:28,1,28.69,65.95,19.13,18.0,384,611,461,269,1684
1778874808,2026-05-15 19:53:28,1,29.09,66.71,18.96,18.0,386,622,461,267,1685
1778875108,2026-05-15 19:58:28,1,28.79,65.86,19.61,18.0,381,614,463,266,1686
1778875408,2026-05-15 20:03:28,1,28.62,65.7,19.21,18.29,383,612,464,271,1687
1778875708,2026-05-15 20:08:28,1,28.87,65.34,19.82,18.0,386,609,467,266,1688
1778876008,2026-05-15 20:13:28,1,28.5,66.33,19.14,19.99,381,615,462,280,1689
1778876308,2026-05-15 20:18:28,1,29.08,66.62,19.33,18.0,386,618,464,266,1690
1778876608,2026-05-15 20:23:28,1,28.75,66.32,19.22,19.53,384,620,465,276,1691
1778876908,2026-05-15 20:28:28,1,28.48,65.5,19.22,20.65,384,608,463,284,1692
1778877208,2026-05-15 20:33:28,1,28.99,65.37,19.06,19.8,383,608,464,278,1693
1778877508,2026-05-15 20:38:28,1,28.73,66.05,18.28,20.81,384,612,459,285,1694
1778877808,2026-05-15 20:43:28,1,28.94,66.41,18.88,18.1,382,619,461,268,1695
1778878108,2026-05-15 20:48:28,1,28.7,66.23,19.09,18.02,381,615,464,267,1696
1778878408,2026-05-15 20:53:28,1,28.61,66.43,18.09,22.73,384,618,455,297,1697
1778878708,2026-05-15 20:58:28,1,28.62,64.92,18.52,20.36,382,604,456,281,1698
1778879008,2026-05-15 21:03:28,1,28.62,66.94,18.31,18.0,384,620,454,269,1699
1778879308,2026-05-15 21:08:28,1,28.78,65.15,19.26,18.0,386,611,462,267,1700
1778879608,2026-05-15 21:13:28,1,28.74,65.45,18.12,22.26,385,612,453,294,1701
1778879908,2026-05-15 21:18:28,1,28.99,66.09,18.8,19.95,387,613,459,280,1702
1778880208,2026-05-15 21:23:28,1,28.84,66.18,19.15,21.51,384,617,463,287,1703
1778880508,2026-05-15 21:28:28,1,28.59,64.74,17.43,21.54,382,606,448,288,1704
1778880808,2026-05-15 21:33:28,1,28.52,65.02,18.78,20.68,384,601,460,284,1705
1778881108,2026-05-15 21:38:28,1,28.92,66.4,18.79,18.0,385,617,458,268,1706
1778881408,2026-05-15 21:43:28,1,28.49,66.04,18.9,20.12,382,614,464,281,1707
1778881708,2026-05-15 21:48:28,1,28.92,65.62,18.06,22.18,385,611,453,293,1708
1778882008,2026-05-15 21:53:28,1,28.48,65.96,17.56,21.3,383,614,450,287,1709
1778882308,2026-05-15 21:58:28,1,28.41,66.68,18.41,22.14,382,620,459,292,1710
1778882608,2026-05-15 22:03:28,1,28.86,66.6,17.63,20.96,381,620,450,286,1711
1778882908,2026-05-15 22:08:28,1,28.67,66.51,17.89,24.22,384,622,452,305,1712
1778883208,2026-05-15 22:13:28,1,28.8,66.29,17.73,25.29,385,620,453,309,1713
1778883508,2026-05-15 22:18:28,1,28.76,66.79,17.91,25.0,385,623,450,309,1714
1778883808,2026-05-15 22:23:28,1,28.87,66.41,17.36,25.18,383,617,448,310,1715
1778884108,2026-05-15 22:28:28,1,28.6,67.16,17.93,23.39,382,626,453,299,1716
1778884408,2026-05-15 22:33:28,1,28.57,67.26,18.42,26.26,383,624,458,315,1717
1778884708,2026-05-15 22:38:28,1,28.48,67.78,18.35,24.41,384,633,457,309,1718
1778885008,2026-05-15 22:43:28,1,28.37,67.3,17.96,24.15,380,624,455,302,1719
1778885308,2026-05-15 22:48:28,1,28.89,67.32,18.55,28.49,385,624,458,333,1720
1778885608,2026-05-15 22:53:28,1,28.81,66.74,17.8,26.02,385,619,450,317,1721
1778885908,2026-05-15 22:58:28,1,28.77,67.17,17.97,28.85,385,622,453,333,1722
1778886208,2026-05-15 23:03:28,1,28.55,67.84,17.52,30.14,381,626,451,341,1723
1778886508,2026-05-15 23:08:28,1,28.56,67.76,17.99,26.62,385,629,452,318,1724
1778886808,2026-05-15 23:13:28,1,28.88,67.84,18.05,28.03,385,630,453,324,1725
1778887108,2026-05-15 23:18:28,1,28.65,67.6,17.88,30.39,383,626,452,339,1726
1778887408,2026-05-15 23:23:28,1,29.21,67.78,17.9,27.57,384,629,452,325,1727
1778887708,2026-05-15 23:28:28,1,29.34,67.52,18.0,28.86,388,628,455,332,1728
1778888008,2026-05-15 23:33:28,1,28.64,68.3,17.99,29.91,381,629,451,340,1729
1778888308,2026-05-15 23:38:28,1,29.04,68.04,17.6,30.61,386,632,452,344,1730
1778888608,2026-05-15 23:43:28,1,28.87,67.8,18.43,31.86,384,627,458,353,1731
1778888908,2026-05-15 23:48:28,1,28.86,67.38,18.38,30.36,385,626,458,339,1732
1778889208,2026-05-15 23:53:28,1,29.06,69.12,18.29,31.32,387,639,454,348,1733
1778889508,2026-05-15 23:58:28,1,28.99,69.44,17.99,32.53,386,640,454,355,1734
1778889808,2026-05-16 00:03:28,1,28.71,69.23,17.21,31.91,384,641,446,351,1735
1778890108,2026-05-16 00:08:28,1,29.14,69.27,18.26,30.65,388,636,456,344,1736
1778890408,2026-05-16 00:13:28,1,28.92,68.45,18.09,32.71,386,636,457,357,1737
1778890708,2026-05-16 00:18:28,1,28.6,69.14,17.71,32.43,384,639,452,354,1738
1778891008,2026-05-16 00:23:28,1,28.62,69.65,18.01,34.66,383,645,455,369,1739
1778891308,2026-05-16 00:28:28,1,28.5,68.94,18.03,32.76,384,637,453,356,1740
1778891608,2026-05-16 00:33:28,1,28.45,70.03,18.27,33.18,382,645,456,360,1741
1778891908,2026-05-16 00:38:28,1,28.7,69.06,18.75,35.59,386,638,457,372,1742
1778892208,2026-05-16 00:43:28,1,29.47,69.26,18.54,37.81,389,638,459,387,1743
1778892508,2026-05-16 00:48:28,1,28.86,69.94,18.35,37.56,384,644,454,383,1744
1778892808,2026-05-16 00:53:28,1,28.77,69.45,18.39,37.76,386,640,458,386,1745
1778893108,2026-05-16 00:58:28,1,29.23,69.87,18.97,36.09,387,643,461,376,1746
1778893408,2026-05-16 01:03:28,1,29.29,70.46,18.13,38.72,388,646,454,392,1747
1778893708,2026-05-16 01:08:28,1,29.39,70.26,18.57,37.31,387,647,458,385,1748
1778894008,2026-05-16 01:13:28,1,28.73,70.83,18.94,39.12,384,650,459,391,1749
1778894308,2026-05-16 01:18:28,1,29.53,70.51,17.86,36.93,385,646,455,378,1750
1778894608,2026-05-16 01:23:28,1,28.75,71.04,17.62,36.88,384,652,452,382,1751
1778894908,2026-05-16 01:28:28,1,29.1,70.69,17.8,39.51,386,650,452,396,1752
1778895208,2026-05-16 01:33:28,1,29.38,70.13,18.81,40.94,387,643,457,406,1753
1778895508,2026-05-16 01:38:28,1,29.59,70.78,18.35,39.43,389,650,456,397,1754
1778895808,2026-05-16 01:43:28,1,29.96,69.26,18.85,42.45,389,643,458,413,1755
1778896108,2026-05-16 01:48:28,1,29.71,69.8,18.17,39.73,390,643,457,398,1756
1778896408,2026-05-16 01:53:28,1,29.56,70.77,19.07,42.17,387,651,462,412,1757
1778896708,2026-05-16 01:58:28,1,29.0,71.04,18.37,42.07,384,653,456,415,1758
1778897008,2026-05-16 02:03:28,1,29.6,70.71,18.45,41.12,390,649,458,406,1759
1778897308,2026-05-16 02:08:28,1,29.19,70.14,18.97,39.47,385,645,465,392,1760
1778897608,2026-05-16 02:13:28,1,29.23,71.24,18.91,41.26,387,656,461,408,1761
1778897908,2026-05-16 02:18:28,1,29.68,71.04,19.18,38.45,389,651,464,393,1762
1778898208,2026-05-16 02:23:28,1,29.48,70.51,18.3,38.96,390,648,455,395,1763
1778898508,2026-05-16 02:28:28,1,29.53,70.14,19.45,39.88,388,648,466,400,1764
1778898808,2026-05-16 02:33:28,1,29.93,70.69,19.55,42.69,392,645,466,417,1765
1778899108,2026-05-16 02:38:28,1,29.2,71.17,18.27,40.63,386,649,457,403,1766
1778899408,2026-05-16 02:43:28,1,29.99,70.94,19.01,42.87,389,655,463,416,1767
1778899708,2026-05-16 02:48:28,1,29.24,72.09,19.27,41.82,386,659,464,410,1768
1778900008,2026-05-16 02:53:28,1,29.84,70.31,19.27,40.58,391,650,461,402,1769
1778900308,2026-05-16 02:58:28,1,29.78,71.0,19.06,41.82,388,655,463,412,1770
1778900608,2026-05-16 03:03:28,1,29.76,69.75,19.62,39.89,384,645,465,402,1771
1778900908,2026-05-16 03:08:28,1,29.73,70.01,19.88,42.35,390,646,468,411,1772
1778901208,2026-05-16 03:13:28,1,30.33,70.17,20.08,39.95,394,646,470,399,1773
1778901508,2026-05-16 03:18:28,1,30.17,70.02,19.74,43.09,391,641,469,416,1774
1778901808,2026-05-16 03:23:28,1,30.0,69.72,19.6,41.48,392,645,465,408,1775
1778902108,2026-05-16 03:28:28,1,30.39,71.14,18.91,43.43,393,653,459,416,1776
1778902408,2026-05-16 03:33:28,1,30.27,70.04,19.55,41.63,390,646,465,412,1777
1778902708,2026-05-16 03:38:28,1,30.16,70.82,19.92,43.2,393,652,470,419,1778
1778903008,2026-05-16 03:43:28,1,30.14,70.69,20.11,39.43,394,651,470,398,1779
1778903308,2026-05-16 03:48:28,1,30.62,69.55,19.55,43.84,393,641,467,424,1780
1778903608,2026-05-16 03:53:28,1,31.06,70.56,19.46,41.36,399,652,465,411,1781
1778903908,2026-05-16 03:58:28,1,30.55,70.07,19.86,41.7,393,646,469,410,1782
1778904208,2026-05-16 04:03:28,1,30.6,70.87,19.53,41.34,395,653,467,407,1783
1778904508,2026-05-16 04:08:28,1,29.8,70.13,19.49,42.37,389,644,464,414,1784
1778904808,2026-05-16 04:13:28,1,30.3,69.24,20.62,38.99,393,636,474,394,1785
1778905108,2026-05-16 04:18:28,1,30.54,69.33,20.02,41.04,396,640,470,406,1786
1778905408,2026-05-16 04:23:28,1,30.29,68.88,20.62,39.94,393,634,475,400,1787
1778905708,2026-05-16 04:28:28,1,30.25,69.37,20.87,42.47,393,636,479,413,1788
1778906008,2026-05-16 04:33:28,1,30.31,69.29,20.63,39.5,393,639,472,394,1789
1778906308,2026-05-16 04:38:28,1,30.45,69.25,21.38,40.47,393,636,480,402,1790
1778906608,2026-05-16 04:43:28,1,31.17,69.03,20.44,40.74,397,639,474,404,1791
1778906908,2026-05-16 04:48:28,1,30.83,68.87,20.49,38.05,399,637,473,387,1792
1778907208,2026-05-16 04:53:28,1,30.54,69.6,21.47,39.07,393,641,481,392,1793
1778907508,2026-05-16 04:58:28,1,30.22,67.7,21.36,40.89,395,627,480,403,1794
1778907808,2026-05-16 05:03:28,1,30.7,69.14,20.93,42.0,397,639,478,411,1795
1778908108,2026-05-16 05:08:28,1,30.67,69.01,21.11,37.94,396,641,478,386,1796
1778908408,2026-05-16 05:13:28,1,30.61,67.48,21.51,40.59,395,622,481,402,1797
1778908708,2026-05-16 05:18:28,1,31.22,68.84,21.35,36.49,400,637,481,378,1798
1778909008,2026-05-16 05:23:28,1,31.27,67.58,20.68,40.42,396,624,475,405,1799
1778909308,2026-05-16 05:28:28,1,30.64,67.95,20.76,41.99,391,626,476,411,1800
1778909608,2026-05-16 05:33:28,1,31.58,67.33,21.39,38.69,398,624,479,392,1801
1778909908,2026-05-16 05:38:28,1,31.11,68.58,21.17,39.64,396,636,479,399,1802
1778910208,2026-05-16 05:43:28,1,30.44,67.87,21.48,38.01,394,628,480,388,1803
1778910508,2026-05-16 05:48:28,1,31.6,68.01,21.24,35.17,402,628,478,373,1804
1778910808,2026-05-16 05:53:28,1,31.2,67.31,22.2,38.1,399,626,486,390,1805
1778911108,2026-05-16 05:58:28,1,31.47,68.22,22.34,37.33,398,632,489,384,1806
1778911408,2026-05-16 06:03:28,1,31.38,68.71,21.93,35.35,397,637,487,371,1807
1778911708,2026-05-16 06:08:28,1,30.78,68.53,21.66,37.19,396,632,485,381,1808
1778912008,2026-05-16 06:13:28,1,31.02,66.82,22.67,39.85,396,621,489,398,1809
1778912308,2026-05-16 06:18:28,1,31.65,65.93,22.17,34.87,401,615,485,369,1810
1778912608,2026-05-16 06:23:28,1,31.54,67.41,22.57,36.17,397,627,487,375,1811
1778912908,2026-05-16 06:28:28,1,31.69,67.49,22.55,35.18,401,630,488,369,1812
1778913208,2026-05-16 06:33:28,1,31.68,67.56,22.34,33.79,398,624,488,358,1813
1778913508,2026-05-16 06:38:28,1,31.96,66.57,22.62,33.83,402,617,492,362,1814
1778913808,2026-05-16 06:43:28,1,31.67,67.82,22.83,32.69,400,630,491,356,1815
1778914108,2026-05-16 06:48:28,1,31.84,66.19,22.79,33.9,404,613,493,363,1816
1778914408,2026-05-16 06:53:28,1,31.81,65.61,22.89,31.62,399,611,494,349,1817
1778914708,2026-05-16 06:58:28,1,32.33,66.26,22.79,33.2,403,614,492,360,1818
1778915008,2026-05-16 07:03:28,1,31.61,65.58,22.68,33.82,399,610,490,363,1819
1778915308,2026-05-16 07:08:28,1,31.95,65.82,22.74,34.66,404,612,491,364,1820
1778915608,2026-05-16 07:13:28,1,31.87,64.28,22.43,31.23,399,602,487,349,1821
1778915908,2026-05-16 07:18:28,1,31.59,66.07,22.79,29.15,398,614,492,337,1822
1778916208,2026-05-16 07:23:28,1,32.05,65.75,23.32,28.61,401,613,499,333,1823
1778916508,2026-05-16 07:28:28,1,32.07,65.71,23.16,29.47,402,611,496,337,1824
1778916808,2026-05-16 07:33:28,1,32.27,64.77,22.31,32.43,405,606,489,355,1825
1778917108,2026-05-16 07:38:28,1,31.91,65.87,23.93,28.9,401,617,501,334,1826
1778917408,2026-05-16 07:43:28,1,32.05,65.87,23.71,30.82,403,614,495,344,1827
1778917708,2026-05-16 07:48:28,1,32.25,65.37,23.66,30.58,401,610,498,346,1828
1778918008,2026-05-16 07:53:28,1,32.47,65.32,23.47,26.13,402,610,500,314,1829
1778918308,2026-05-16 07:58:28,1,31.87,65.57,23.96,31.77,401,612,501,351,1830
1778918608,2026-05-16 08:03:28,1,32.44,64.79,23.64,29.03,409,606,501,332,1831
1778918908,2026-05-16 08:08:28,1,32.65,65.48,23.39,29.81,405,605,495,340,1832
1778919208,2026-05-16 08:13:28,1,32.14,65.97,23.38,27.67,406,611,493,326,1833
1778919508,2026-05-16 08:18:28,1,32.46,65.08,23.8,27.95,406,606,500,328,1834
1778919808,2026-05-16 08:23:28,1,32.38,64.54,24.1,26.46,402,601,501,320,1835
1778920108,2026-05-16 08:28:28,1,32.19,65.08,24.83,25.56,403,607,506,315,1836
1778920408,2026-05-16 08:33:28,1,32.22,65.19,23.89,24.56,405,608,500,306,1837
1778920708,2026-05-16 08:38:28,1,32.61,65.02,24.6,26.24,408,607,509,316,1838
1778921008,2026-05-16 08:43:28,1,32.33,66.08,23.77,25.1,403,613,501,311,1839
1778921308,2026-05-16 08:48:28,1,32.4,64.54,24.2,23.46,404,606,503,305,1840
1778921608,2026-05-16 08:53:28,1,32.45,64.67,24.78,23.34,403,605,505,298,1841
1778921908,2026-05-16 08:58:28,1,33.1,65.03,24.78,23.52,409,608,507,301,1842
1778922208,2026-05-16 09:03:28,1,33.02,64.52,24.34,22.93,409,604,505,294,1843
1778922508,2026-05-16 09:08:28,1,32.73,65.21,23.73,22.87,406,607,500,296,1844
1778922808,2026-05-16 09:13:28,1,32.4,65.63,24.38,24.47,404,612,507,305,1845
1778923108,2026-05-16 09:18:28,1,32.81,65.71,25.37,19.46,404,613,511,278,1846
1778923408,2026-05-16 09:23:28,1,33.38,65.52,24.75,24.47,410,613,508,305,1847
1778923708,2026-05-16 09:28:28,1,33.05,64.47,23.95,21.33,413,602,502,289,1848
1778924008,2026-05-16 09:33:28,1,32.94,65.56,24.34,21.76,407,615,502,290,1849
1778924308,2026-05-16 09:38:28,1,33.22,65.31,24.58,22.47,413,609,507,294,1850
1778924608,2026-05-16 09:43:28,1,32.89,65.66,24.73,21.14,407,610,509,287,1851
1778924908,2026-05-16 09:48:28,1,33.27,64.75,24.09,20.41,410,607,502,280,1852
1778925208,2026-05-16 09:53:28,1,33.37,65.57,25.07,20.43,409,610,510,283,1853
1778925508,2026-05-16 09:58:28,1,33.48,66.38,25.04,22.7,410,616,511,296,1854
1778925808,2026-05-16 10:03:28,1,33.22,67.37,24.36,23.44,407,621,504,300,1855
1778926108,2026-05-16 10:08:28,1,32.92,66.17,25.36,21.04,408,616,512,287,1856
1778926408,2026-05-16 10:13:28,1,33.19,66.48,24.9,19.27,408,616,508,276,1857
1778926708,2026-05-16 10:18:28,1,33.15,66.65,24.63,18.54,408,620,508,267,1858
1778927008,2026-05-16 10:23:28,1,33.39,66.05,24.34,19.96,410,612,504,280,1859
1778927308,2026-05-16 10:28:28,1,33.1,66.66,25.26,21.0,408,620,511,286,1860
1778927608,2026-05-16 10:33:28,1,32.63,65.12,25.36,18.0,407,610,514,268,1861
1778927908,2026-05-16 10:38:28,1,33.31,65.74,25.16,18.63,409,614,512,271,1862
1778928208,2026-05-16 10:43:28,1,33.64,65.81,25.37,19.97,410,614,511,277,1863
1778928508,2026-05-16 10:48:28,1,33.15,67.56,25.32,18.0,409,625,510,268,1864
1778928808,2026-05-16 10:53:28,1,33.03,66.68,24.42,18.0,410,620,505,267,1865
1778929108,2026-05-16 10:58:28,1,33.46,67.6,24.55,18.0,411,629,509,268,1866
1778929408,2026-05-16 11:03:28,1,33.19,66.92,24.92,22.01,411,622,508,291,1867
1778929708,2026-05-16 11:08:28,1,33.65,67.11,24.89,18.0,411,624,508,267,1868
1778930008,2026-05-16 11:13:28,1,33.47,68.15,24.79,18.08,414,628,508,269,1869
1778930308,2026-05-16 11:18:28,1,33.27,66.96,25.4,19.04,410,622,512,274,1870
1778930608,2026-05-16 11:23:28,1,33.35,68.05,25.15,18.0,409,627,510,266,1871
1778930908,2026-05-16 11:28:28,1,33.02,68.27,24.89,18.34,409,632,507,271,1872
1778931208,2026-05-16 11:33:28,1,33.59,68.51,24.97,18.03,414,635,512,267,1873
1778931508,2026-05-16 11:38:28,1,33.43,67.61,25.21,18.0,409,627,513,268,1874
1778931808,2026-05-16 11:43:28,1,33.77,68.0,25.19,18.0,411,629,511,268,1875
1778932108,2026-05-16 11:48:28,1,33.71,67.88,25.21,21.96,415,629,509,292,1876
1778932408,2026-05-16 11:53:28,1,33.22,68.97,25.23,18.0,409,638,509,267,1877
1778932708,2026-05-16 11:58:28,1,33.22,68.46,25.57,20.71,408,635,514,284,1878
1778933008,2026-05-16 12:03:28,1,33.62,69.01,24.88,18.23,410,636,510,271,1879
1778933308,2026-05-16 12:08:28,1,33.77,68.8,24.68,21.03,411,636,510,285,1880
1778933608,2026-05-16 12:13:28,1,33.34,69.73,25.68,19.61,411,644,514,278,1881
1778933908,2026-05-16 12:18:28,1,33.24,68.68,24.61,18.0,411,635,507,268,1882
1778934208,2026-05-16 12:23:28,1,33.4,69.01,24.84,18.0,412,638,507,267,1883
1778934508,2026-05-16 12:28:28,1,33.97,69.36,25.17,18.0,413,639,510,267,1884
1778934808,2026-05-16 12:33:28,1,33.73,69.68,25.37,18.81,412,642,513,272,1885
1778935108,2026-05-16 12:38:28,1,33.86,69.74,25.46,19.82,413,643,513,279,1886
1778935408,2026-05-16 12:43:28,1,33.65,70.07,24.15,18.0,409,646,502,267,1887
1778935708,2026-05-16 12:48:28,1,33.23,68.9,25.31,19.75,409,637,515,280,1888
1778936008,2026-05-16 12:53:28,1,33.31,70.04,25.0,21.5,410,647,509,291,1889
1778936308,2026-05-16 12:58:28,1,33.03,70.6,24.8,19.35,409,649,507,276,1890
1778936608,2026-05-16 13:03:28,1,33.51,69.21,24.35,20.18,413,641,504,281,1891
1778936908,2026-05-16 13:08:28,1,33.27,69.45,24.85,19.91,410,637,508,277,1892
1778937208,2026-05-16 13:13:28,1,33.29,69.75,24.73,19.36,411,644,508,278,1893
1778937508,2026-05-16 13:18:28,1,33.42,69.93,24.78,19.57,412,641,505,278,1894
1778937808,2026-05-16 13:23:28,1,33.19,70.67,24.31,21.84,409,652,501,292,1895
1778938108,2026-05-16 13:28:28,1,33.62,69.32,24.91,21.28,410,640,509,287,1896
1778938408,2026-05-16 13:33:28,1,33.56,69.71,23.78,21.77,410,646,498,291,1897
1778938708,2026-05-16 13:38:28,1,33.59,70.41,24.65,22.05,410,647,509,294,1898
1778939008,2026-05-16 13:43:28,1,32.85,69.51,25.02,23.12,406,642,511,298,1899
1778939308,2026-05-16 13:48:28,1,33.77,69.14,24.45,21.84,414,636,504,291,1900
1778939608,2026-05-16 13:53:28,1,33.73,70.78,23.96,21.83,413,651,502,289,1901
1778939908,2026-05-16 13:58:28,1,33.29,69.56,23.83,24.37,411,637,499,306,1902
1778940208,2026-05-16 14:03:28,1,33.34,70.15,24.72,21.85,409,646,508,291,1903
1778940508,2026-05-16 14:08:28,1,33.03,69.42,24.33,23.1,410,640,504,300,1904
1778940808,2026-05-16 14:13:28,1,33.15,69.87,24.22,22.67,410,645,504,300,1905
1778941108,2026-05-16 14:18:28,1,33.31,70.19,23.99,24.92,409,648,501,310,1906
1778941408,2026-05-16 14:23:28,1,33.22,70.84,23.92,22.72,407,648,500,296,1907
1778941708,2026-05-16 14:28:28,1,33.17,70.56,23.76,23.7,410,648,497,301,1908
1778942008,2026-05-16 14:33:28,1,33.3,69.64,23.76,24.28,413,643,499,306,1909
1778942308,2026-05-16 14:38:28,1,33.0,70.72,24.28,26.3,409,654,504,320,1910
1778942608,2026-05-16 14:43:28,1,33.59,69.85,24.17,27.87,414,647,505,328,1911
1778942908,2026-05-16 14:48:28,1,33.36,70.77,23.92,24.77,410,651,500,308,1912
1778943208,2026-05-16 14:53:28,1,33.59,70.28,24.17,28.76,412,646,505,329,1913
1778943508,2026-05-16 14:58:28,1,32.93,70.62,23.28,28.06,407,646,496,329,1914
1778943808,2026-05-16 15:03:28,1,33.31,71.04,23.36,30.78,408,653,495,342,1915
1778944108,2026-05-16 15:08:28,1,33.32,69.24,23.83,26.57,409,640,499,319,1916
1778944408,2026-05-16 15:13:28,1,33.21,69.05,23.37,28.7,409,639,496,332,1917
1778944708,2026-05-16 15:18:28,1,33.17,69.47,22.52,29.17,409,643,490,334,1918
1778945008,2026-05-16 15:23:28,1,32.98,69.26,23.23,29.93,408,641,496,336,1919
1778945308,2026-05-16 15:28:28,1,32.96,68.87,22.99,28.3,406,638,493,328,1920
1778945608,2026-05-16 15:33:28,1,33.33,70.54,23.32,27.84,410,650,498,326,1921
1778945908,2026-05-16 15:38:28,1,33.23,70.57,23.16,30.96,411,651,494,344,1922
1778946208,2026-05-16 15:43:28,1,33.4,70.4,23.62,31.41,408,643,498,349,1923
1778946508,2026-05-16 15:48:28,1,33.23,70.0,22.47,32.58,408,648,490,357,1924
1778946808,2026-05-16 15:53:28,1,33.45,69.22,22.66,34.44,409,635,490,366,1925
1778947108,2026-05-16 15:58:28,1,33.42,69.18,22.96,34.91,412,637,493,371,1926
1778947408,2026-05-16 16:03:28,1,32.85,69.9,22.79,33.0,405,644,491,358,1927
1778947708,2026-05-16 16:08:28,1,33.16,69.61,22.75,32.57,408,641,493,355,1928
1778948008,2026-05-16 16:13:28,1,33.26,69.65,22.71,34.21,410,646,489,365,1929
1778948308,2026-05-16 16:18:28,1,33.35,68.91,22.72,34.5,410,637,490,366,1930
1778948608,2026-05-16 16:23:28,1,32.67,69.74,22.85,34.35,407,642,492,366,1931
1778948908,2026-05-16 16:28:28,1,32.99,68.57,22.52,33.01,407,636,489,357,1932
1778949208,2026-05-16 16:33:28,1,33.18,69.07,21.9,35.08,409,640,485,372,1933
1778949508,2026-05-16 16:38:28,1,33.32,69.04,22.19,34.2,409,640,488,364,1934
1778949808,2026-05-16 16:43:28,1,32.86,69.02,22.57,34.49,408,638,491,368,1935
1778950108,2026-05-16 16:48:28,1,33.17,68.71,22.75,36.34,409,635,491,376,1936
1778950408,2026-05-16 16:53:28,1,32.95,69.29,22.58,35.8,408,638,490,371,1937
1778950708,2026-05-16 16:58:28,1,32.82,68.47,22.37,35.85,406,634,488,373,1938
1778951008,2026-05-16 17:03:28,1,33.01,68.07,21.94,37.52,407,632,487,385,1939
1778951308,2026-05-16 17:08:28,1,32.44,68.23,21.99,38.84,403,631,487,392,1940
1778951608,2026-05-16 17:13:28,1,32.86,67.1,21.36,35.99,406,622,479,374,1941
1778951908,2026-05-16 17:18:28,1,32.71,68.05,21.57,37.37,406,630,480,385,1942
1778952208,2026-05-16 17:23:28,1,33.48,67.68,21.49,36.47,409,630,482,378,1943
1778952508,2026-05-16 17:28:28,1,32.19,67.72,21.81,38.08,405,631,482,387,1944
1778952808,2026-05-16 17:33:28,1,32.34,65.94,21.57,40.32,407,612,482,402,1945
1778953108,2026-05-16 17:38:28,1,32.8,67.81,21.65,39.58,408,631,480,395,1946
1778953408,2026-05-16 17:43:28,1,32.72,67.34,20.97,40.21,409,622,477,400,1947
1778953708,2026-05-16 17:48:28,1,32.45,65.6,21.28,40.18,404,609,480,400,1948
1778954008,2026-05-16 17:53:28,1,32.36,66.91,21.18,38.87,406,621,477,393,1949
1778954308,2026-05-16 17:58:28,1,32.79,68.34,21.48,38.77,409,635,480,392,1950
1778954608,2026-05-16 18:03:28,1,33.08,66.72,20.51,40.48,408,622,475,402,1951
1778954908,2026-05-16 18:08:28,1,32.67,67.12,20.59,38.61,404,623,475,390,1952
1778955208,2026-05-16 18:13:28,1,32.42,67.0,21.57,40.8,406,626,482,404,1953
1778955508,2026-05-16 18:18:28,1,32.38,66.34,21.02,39.26,408,616,478,396,1954
1778955808,2026-05-16 18:23:28,1,32.6,66.17,20.41,42.29,409,620,471,413,1955
1778956108,2026-05-16 18:28:28,1,32.42,67.85,20.62,40.27,404,626,474,399,1956
1778956408,2026-05-16 18:33:28,1,32.18,66.35,20.86,40.72,403,617,476,403,1957
1778956708,2026-05-16 18:38:28,1,32.29,66.55,20.35,43.08,405,619,473,418,1958
1778957008,2026-05-16 18:43:28,1,32.74,65.43,20.11,41.63,406,612,472,410,1959
1778957308,2026-05-16 18:48:28,1,32.18,66.64,20.38,41.58,405,621,471,406,1960
1778957608,2026-05-16 18:53:28,1,32.7,66.07,19.72,42.06,407,616,467,411,1961
1778957908,2026-05-16 18:58:28,1,32.51,66.2,20.65,41.0,406,618,475,406,1962
1778958208,2026-05-16 19:03:28,1,32.15,65.91,19.73,41.61,404,613,463,412,1963
1778958508,2026-05-16 19:08:28,1,31.87,66.93,20.65,42.51,403,621,471,414,1964
1778958808,2026-05-16 19:13:28,1,32.23,64.86,19.61,42.66,404,609,467,416,1965
1778959108,2026-05-16 19:18:28,1,32.31,65.25,20.53,45.89,407,610,473,436,1966
1778959408,2026-05-16 19:23:28,1,32.55,65.45,19.68,41.98,407,613,467,415,1967
1778959708,2026-05-16 19:28:28,1,32.18,65.39,19.94,40.76,402,608,471,403,1968
1778960008,2026-05-16 19:33:28,1,32.15,65.81,20.07,41.95,404,614,468,410,1969
1778960308,2026-05-16 19:38:28,1,32.64,66.08,19.73,42.06,406,615,469,413,1970
1778960608,2026-05-16 19:43:28,1,32.7,65.61,19.74,44.4,406,612,464,423,1971
1778960908,2026-05-16 19:48:28,1,32.2,65.21,19.22,44.1,404,613,465,426,1972
1778961208,2026-05-16 19:53:28,1,32.09,65.3,19.14,41.79,404,610,462,409,1973
1778961508,2026-05-16 19:58:28,1,32.36,65.51,19.44,43.35,405,612,464,422,1974
1778961808,2026-05-16 20:03:28,1,32.68,65.67,19.5,43.24,407,613,466,418,1975
1778962108,2026-05-16 20:08:28,1,31.87,65.12,19.27,43.7,400,607,463,424,1976
1778962408,2026-05-16 20:13:28,1,32.4,64.92,19.32,41.21,406,611,465,402,1977
1778962708,2026-05-16 20:18:28,1,32.46,64.53,18.95,41.76,404,604,462,410,1978
1778963008,2026-05-16 20:23:28,1,31.87,65.12,19.09,41.52,403,605,460,409,1979
1778963308,2026-05-16 20:28:28,1,32.19,65.07,19.23,43.29,402,607,462,417,1980
1778963608,2026-05-16 20:33:28,1,32.19,64.48,18.99,41.42,403,603,460,406,1981
1778963908,2026-05-16 20:38:28,1,32.62,65.33,18.95,41.9,406,611,459,412,1982
1778964208,2026-05-16 20:43:28,1,32.54,64.96,18.7,37.73,407,605,457,385,1983
1778964508,2026-05-16 20:48:28,1,31.92,65.44,19.32,39.78,401,610,465,397,1984
1778964808,2026-05-16 20:53:28,1,31.82,65.45,19.12,40.03,400,611,464,400,1985
1778965108,2026-05-16 20:58:28,1,32.11,65.31,18.33,38.72,403,607,455,392,1986
1778965408,2026-05-16 21:03:28,1,31.72,64.87,18.74,38.67,399,603,459,394,1987
1778965708,2026-05-16 21:08:28,1,32.06,65.13,18.95,40.12,401,612,462,401,1988
1778966008,2026-05-16 21:13:28,1,32.34,66.06,18.61,38.74,406,615,457,392,1989
1778966308,2026-05-16 21:18:28,1,31.97,65.95,17.93,40.53,404,615,453,401,1990
1778966608,2026-05-16 21:23:28,1,32.24,65.74,18.6,40.11,406,616,457,400,1991
1778966908,2026-05-16 21:28:28,1,31.73,64.47,18.41,38.4,400,603,457,390,1992
1778967208,2026-05-16 21:33:28,1,32.33,65.35,18.59,37.41,405,609,457,383,1993
1778967508,2026-05-16 21:38:28,1,32.21,65.67,18.0,40.13,404,611,455,402,1994
1778967808,2026-05-16 21:43:28,1,31.47,65.37,19.02,37.84,399,607,465,386,1995
1778968108,2026-05-16 21:48:28,1,32.28,65.51,18.24,37.67,405,613,456,386,1996
1778968408,2026-05-16 21:53:28,1,32.07,66.29,18.37,37.54,405,613,457,383,1997
1778968708,2026-05-16 21:58:28,1,32.19,65.5,18.99,36.23,402,607,461,375,1998
1778969008,2026-05-16 22:03:28,1,31.96,65.67,18.4,36.86,402,613,455,380,1999
1778969308,2026-05-16 22:08:28,1,32.1,66.12,18.27,34.63,401,612,457,368,2000
1778969608,2026-05-16 22:13:28,1,32.02,65.6,18.58,32.88,400,611,457,358,2001
1778969908,2026-05-16 22:18:28,1,31.69,64.9,18.34,34.2,402,611,457,366,2002
1778970208,2026-05-16 22:23:28,1,32.08,66.27,17.97,35.66,404,618,453,374,2003
1778970508,2026-05-16 22:28:28,1,31.73,65.94,18.37,35.08,403,616,457,371,2004
1778970808,2026-05-16 22:33:28,1,32.27,64.98,17.82,37.06,406,606,449,384,2005
1778971108,2026-05-16 22:38:28,1,32.35,65.32,18.35,32.28,406,613,457,355,2006
1778971408,2026-05-16 22:43:28,1,31.55,65.59,17.78,34.25,401,611,453,366,2007
1778971708,2026-05-16 22:48:28,1,31.91,66.89,18.04,35.1,401,621,455,370,2008
1778972008,2026-05-16 22:53:28,1,32.28,66.6,18.47,33.75,404,621,459,363,2009
1778972308,2026-05-16 22:58:28,1,31.94,66.77,17.83,35.34,398,620,453,372,2010
1778972608,2026-05-16 23:03:28,1,32.17,66.98,17.69,32.26,404,624,451,353,2011
1778972908,2026-05-16 23:08:28,1,31.65,66.97,18.04,32.1,399,624,452,353,2012
1778973208,2026-05-16 23:13:28,1,31.79,66.95,18.36,31.03,402,623,455,346,2013
1778973508,2026-05-16 23:18:28,1,32.34,66.96,17.88,31.53,403,620,453,349,2014
1778973808,2026-05-16 23:23:28,1,31.84,66.74,17.96,29.09,399,620,454,336,2015
1778974108,2026-05-16 23:28:28,1,32.24,67.53,18.67,28.27,402,627,459,328,2016
1778974408,2026-05-16 23:33:28,1,32.03,67.1,17.75,28.22,402,627,450,331,2017
1778974708,2026-05-16 23:38:28,1,32.04,67.31,18.0,28.29,400,623,456,328,2018
1778975008,2026-05-16 23:43:28,1,32.01,68.71,17.93,27.4,404,632,455,322,2019
1778975308,2026-05-16 23:48:28,1,31.63,68.41,17.7,28.71,399,633,450,328,2020
1778975608,2026-05-16 23:53:28,1,31.74,67.75,17.56,25.23,401,626,449,312,2021
1778975908,2026-05-16 23:58:28,1,32.1,68.26,18.48,24.6,405,631,457,308,2022
1778976208,2026-05-17 00:03:28,1,31.88,68.9,18.79,28.93,403,633,463,333,2023
1778976508,2026-05-17 00:08:28,1,32.06,69.49,18.05,27.51,402,641,454,327,2024
1778976808,2026-05-17 00:13:28,1,32.46,68.01,17.86,27.18,403,629,455,322,2025
1778977108,2026-05-17 00:18:28,1,32.49,68.86,18.53,25.09,407,637,458,310,2026
1778977408,2026-05-17 00:23:28,1,32.35,69.1,18.23,25.16,403,635,455,309,2027
1778977708,2026-05-17 00:28:28,1,32.22,68.44,18.03,25.37,404,634,455,312,2028
1778978008,2026-05-17 00:33:28,1,32.08,68.65,17.5,22.53,401,634,449,293,2029
1778978308,2026-05-17 00:38:28,1,32.25,69.66,18.48,25.64,407,640,457,315,2030
1778978608,2026-05-17 00:43:28,1,32.65,68.73,18.19,22.09,407,636,456,292,2031
1778978908,2026-05-17 00:48:28,1,32.2,69.25,18.34,23.73,403,638,456,303,2032
1778979208,2026-05-17 00:53:28,1,32.44,69.05,18.34,23.97,406,639,454,305,2033
1778979508,2026-05-17 00:58:28,1,32.59,69.53,18.53,23.23,407,639,460,300,2034
1778979808,2026-05-17 01:03:28,1,32.67,68.53,18.27,22.16,408,636,459,293,2035
1778980108,2026-05-17 01:08:28,1,32.4,69.91,17.96,24.35,406,646,454,307,2036
1778980408,2026-05-17 01:13:28,1,32.65,68.75,18.56,21.47,408,637,457,289,2037
1778980708,2026-05-17 01:18:28,1,32.56,69.83,18.2,20.06,402,641,454,279,2038
1778981008,2026-05-17 01:23:28,1,32.39,69.14,17.94,21.59,405,637,452,288,2039
1778981308,2026-05-17 01:28:28,1,32.8,70.06,19.04,21.44,408,642,463,288,2040
1778981608,2026-05-17 01:33:28,1,32.03,69.42,18.02,19.49,400,641,453,275,2041
1778981908,2026-05-17 01:38:28,1,32.51,69.88,18.73,19.37,406,642,460,274,2042
1778982208,2026-05-17 01:43:28,1,32.7,69.12,18.34,21.61,405,641,456,288,2043
1778982508,2026-05-17 01:48:28,1,32.51,69.91,18.72,21.99,406,643,460,293,2044
1778982808,2026-05-17 01:53:28,1,32.71,69.56,18.11,20.71,407,642,456,286,2045
1778983108,2026-05-17 01:58:28,1,32.45,69.94,18.44,19.43,406,645,458,278,2046
1778983408,2026-05-17 02:03:28,1,32.87,69.54,19.05,18.31,406,643,461,269,2047
1778983708,2026-05-17 02:08:28,1,33.01,69.88,19.72,18.31,407,645,466,271,2048
1778984008,2026-05-17 02:13:28,1,32.92,70.87,18.87,18.0,409,653,464,269,2049
1778984308,2026-05-17 02:18:28,1,32.97,69.97,19.16,18.38,409,645,462,269,2050
1778984608,2026-05-17 02:23:28,1,32.99,69.45,19.26,21.71,408,642,463,289,2051
1778984908,2026-05-17 02:28:28,1,33.01,69.99,18.89,18.89,409,642,459,273,2052
1778985208,2026-05-17 02:33:28,1,33.09,69.77,19.5,18.0,409,645,465,265,2053
1778985508,2026-05-17 02:38:28,1,32.95,69.07,19.1,18.0,407,634,461,267,2054
1778985808,2026-05-17 02:43:28,1,33.03,69.17,18.67,20.14,409,638,459,279,2055
1778986108,2026-05-17 02:48:28,1,33.25,69.29,19.0,19.21,409,641,461,277,2056
1778986408,2026-05-17 02:53:28,1,33.34,69.27,19.78,18.0,411,637,466,267,2057
1778986708,2026-05-17 02:58:28,1,33.07,70.27,19.63,18.0,407,645,467,269,2058
1778987008,2026-05-17 03:03:28,1,32.79,69.27,19.26,19.11,407,639,466,273,2059
1778987308,2026-05-17 03:08:28,1,33.05,69.31,20.48,18.0,410,639,473,268,2060
1778987608,2026-05-17 03:13:28,1,33.73,70.19,20.05,18.0,411,646,470,267,2061
1778987908,2026-05-17 03:18:28,1,33.35,69.86,19.63,18.0,411,645,467,268,2062
1778988208,2026-05-17 03:23:28,1,32.97,69.43,20.01,18.0,409,639,471,268,2063
1778988508,2026-05-17 03:28:28,1,32.93,69.61,19.51,20.62,408,642,466,281,2064
1778988808,2026-05-17 03:33:28,1,33.28,68.99,20.17,18.0,411,636,469,268,2065
1778989108,2026-05-17 03:38:28,1,33.72,68.73,19.9,18.24,411,632,471,266,2066
1778989408,2026-05-17 03:43:28,1,33.06,69.93,20.02,18.0,405,646,471,269,2067
1778989708,2026-05-17 03:48:28,1,33.53,69.24,19.11,18.95,411,638,464,273,2068
1778990008,2026-05-17 03:53:28,1,33.47,68.91,20.9,18.0,409,635,479,269,2069
1778990308,2026-05-17 03:58:28,1,34.07,67.76,19.62,20.04,411,629,468,279,2070
1778990608,2026-05-17 04:03:28,1,33.35,69.32,19.84,18.0,411,636,468,269,2071
1778990908,2026-05-17 04:08:28,1,33.82,68.98,20.24,18.17,415,636,471,268,2072
1778991208,2026-05-17 04:13:28,1,33.59,70.34,19.76,18.57,411,648,468,272,2073
1778991508,2026-05-17 04:18:28,1,33.76,69.11,20.4,18.07,412,638,472,270,2074
1778991808,2026-05-17 04:23:28,1,33.69,68.65,19.98,18.75,413,634,470,272,2075
1778992108,2026-05-17 04:28:28,1,33.46,68.32,20.05,19.15,412,634,472,274,2076
1778992408,2026-05-17 04:33:28,1,33.56,68.32,20.48,20.51,411,630,474,283,2077
1778992708,2026-05-17 04:38:28,1,33.6,68.78,20.71,18.79,410,636,476,271,2078
1778993008,2026-05-17 04:43:28,1,33.68,68.27,21.06,18.0,414,627,477,267,2079
1778993308,2026-05-17 04:48:28,1,34.32,68.12,20.9,18.0,419,630,477,267,2080
1778993608,2026-05-17 04:53:28,1,33.68,68.61,21.47,19.4,412,637,482,274,2081
1778993908,2026-05-17 04:58:28,1,34.37,68.32,20.94,20.88,418,634,475,286,2082
1778994208,2026-05-17 05:03:28,1,34.47,68.51,21.76,19.9,418,634,484,277,2083
1778994508,2026-05-17 05:08:28,1,34.31,68.06,21.37,19.96,414,629,481,280,2084
1778994808,2026-05-17 05:13:28,1,34.56,67.02,21.76,20.54,416,620,484,284,2085
1778995108,2026-05-17 05:18:28,1,33.84,67.4,21.1,25.8,414,625,478,315,2086
1778995408,2026-05-17 05:23:28,1,34.31,68.2,20.99,21.59,416,631,479,288,2087
1778995708,2026-05-17 05:28:28,1,34.23,68.68,21.87,21.89,416,636,486,289,2088
1778996008,2026-05-17 05:33:28,1,34.61,66.62,21.13,23.17,417,620,483,300,2089
1778996308,2026-05-17 05:38:28,1,34.67,66.79,21.75,22.57,420,622,483,296,2090
1778996608,2026-05-17 05:43:28,1,34.58,66.92,21.28,20.86,415,623,480,287,2091
1778996908,2026-05-17 05:48:28,1,34.53,66.84,21.59,23.16,416,619,485,297,2092
1778997208,2026-05-17 05:53:28,1,34.61,67.25,21.92,23.68,417,619,484,302,2093
1778997508,2026-05-17 05:58:28,1,34.6,67.45,21.85,23.18,418,622,483,297,2094
1778997808,2026-05-17 06:03:28,1,34.74,67.09,22.56,24.99,417,621,491,310,2095
1778998108,2026-05-17 06:08:28,1,35.15,65.74,22.04,24.8,422,611,485,307,2096
1778998408,2026-05-17 06:13:28,1,34.77,66.75,22.06,25.83,417,621,487,314,2097
1778998708,2026-05-17 06:18:28,1,34.74,66.81,22.43,24.62,419,617,489,309,2098
1778999008,2026-05-17 06:23:28,1,34.77,65.86,22.5,23.99,417,612,489,304,2099
1778999308,2026-05-17 06:28:28,1,34.47,64.95,22.03,24.19,415,608,483,307,2100
1778999608,2026-05-17 06:33:28,1,35.12,65.83,22.1,26.1,421,610,485,315,2101
1778999908,2026-05-17 06:38:28,1,34.67,66.21,22.9,25.56,417,613,494,309,2102
1779000208,2026-05-17 06:43:28,1,34.84,66.91,22.36,25.29,418,621,487,310,2103
1779000508,2026-05-17 06:48:28,1,34.7,64.79,22.45,27.95,420,605,488,329,2104
1779000808,2026-05-17 06:53:28,1,35.19,65.13,21.69,26.17,418,608,482,317,2105
1779001108,2026-05-17 06:58:28,1,34.97,65.19,22.36,27.81,421,609,486,325,2106
1779001408,2026-05-17 07:03:28,1,35.19,65.29,22.78,24.34,422,609,491,304,2107
1779001708,2026-05-17 07:08:28,1,35.41,64.86,22.97,28.72,423,606,494,333,2108
1779002008,2026-05-17 07:13:28,1,35.29,66.17,22.52,27.15,423,618,491,324,2109
1779002308,2026-05-17 07:18:28,1,35.43,64.33,22.93,30.31,424,604,493,343,2110
1779002608,2026-05-17 07:23:28,1,35.34,65.89,23.42,29.94,419,616,500,339,2111
1779002908,2026-05-17 07:28:28,1,35.33,64.79,22.98,30.7,423,604,494,343,2112
1779003208,2026-05-17 07:33:28,1,35.54,64.62,23.87,29.28,423,602,497,335,2113
1779003508,2026-05-17 07:38:28,1,35.32,64.03,23.13,32.94,421,599,493,356,2114
1779003808,2026-05-17 07:43:28,1,34.98,65.5,23.32,31.16,418,611,496,346,2115
1779004108,2026-05-17 07:48:28,1,35.69,63.59,23.1,29.46,424,597,495,338,2116
1779004408,2026-05-17 07:53:28,1,35.73,66.02,23.13,31.43,421,615,494,348,2117
1779004708,2026-05-17 07:58:28,1,35.84,65.16,23.02,30.84,426,606,494,346,2118
1779005008,2026-05-17 08:03:28,1,35.78,65.3,23.98,32.02,424,609,501,350,2119
1779005308,2026-05-17 08:08:28,1,35.89,64.07,24.12,34.73,422,599,504,367,2120
1779005608,2026-05-17 08:13:28,1,36.02,65.34,23.93,32.72,424,609,501,355,2121
1779005908,2026-05-17 08:18:28,1,35.82,65.42,23.91,33.7,424,610,503,360,2122
1779006208,2026-05-17 08:23:28,1,35.77,64.52,23.88,32.41,423,605,498,354,2123
1779006508,2026-05-17 08:28:28,1,35.63,65.31,23.96,34.38,423,611,498,365,2124
1779006808,2026-05-17 08:33:28,1,35.57,64.82,23.38,38.39,423,605,499,390,2125
1779007108,2026-05-17 08:38:28,1,35.91,64.44,24.1,35.23,423,604,502,370,2126
1779007408,2026-05-17 08:43:28,1,35.79,64.2,23.91,34.47,424,604,501,365,2127
1779007708,2026-05-17 08:48:28,1,35.82,65.36,24.41,34.94,425,610,505,369,2128
1779008008,2026-05-17 08:53:28,1,35.74,64.91,23.11,35.55,425,606,496,375,2129
1779008308,2026-05-17 08:58:28,1,36.61,65.3,24.58,35.78,429,610,506,376,2130
1779008608,2026-05-17 09:03:28,1,36.21,64.44,24.7,37.99,426,600,507,389,2131
1779008908,2026-05-17 09:08:28,1,36.22,65.39,24.62,38.5,428,608,506,392,2132
1779009208,2026-05-17 09:13:28,1,36.47,65.06,23.81,37.88,431,607,501,385,2133
1779009508,2026-05-17 09:18:28,1,36.14,64.12,25.22,40.29,427,600,511,399,2134
1779009808,2026-05-17 09:23:28,1,36.03,64.99,24.73,39.93,426,605,504,401,2135
1779010108,2026-05-17 09:28:28,1,36.42,65.81,23.88,36.65,430,612,498,381,2136
1779010408,2026-05-17 09:33:28,1,35.94,65.31,24.21,39.36,424,610,504,398,2137
1779010708,2026-05-17 09:38:28,1,36.63,65.41,24.37,40.22,430,608,506,400,2138
1779011008,2026-05-17 09:43:28,1,36.84,65.14,24.42,40.05,428,605,505,401,2139
1779011308,2026-05-17 09:48:28,1,36.25,64.82,24.32,41.25,429,602,501,407,2140
1779011608,2026-05-17 09:53:28,1,36.42,65.57,25.22,38.97,431,615,512,396,2141
1779011908,2026-05-17 09:58:28,1,36.58,66.59,24.79,40.21,426,624,509,400,2142
1779012208,2026-05-17 10:03:28,1,36.08,66.62,24.57,41.63,424,617,507,410,2143
1779012508,2026-05-17 10:08:28,1,36.51,65.06,24.56,40.93,426,608,505,406,2144
1779012808,2026-05-17 10:13:28,1,36.7,64.92,24.56,40.57,427,606,508,405,2145
1779013108,2026-05-17 10:18:28,1,36.74,65.12,24.74,39.51,431,609,507,397,2146
1779013408,2026-05-17 10:23:28,1,36.68,65.59,24.74,40.14,429,612,508,403,2147
1779013708,2026-05-17 10:28:28,1,36.05,65.24,25.48,40.33,426,611,513,401,2148
1779014008,2026-05-17 10:33:28,1,36.67,67.1,24.56,40.26,431,622,507,400,2149
1779014308,2026-05-17 10:38:28,1,36.09,66.54,25.86,41.51,427,617,516,407,2150
1779014608,2026-05-17 10:43:28,1,36.45,65.39,24.45,42.18,428,613,505,413,2151
1779014908,2026-05-17 10:48:28,1,36.41,66.99,25.32,41.51,427,624,513,409,2152
1779015208,2026-05-17 10:53:28,1,36.62,66.59,24.42,40.38,427,617,505,402,2153
1779015508,2026-05-17 10:58:28,1,36.34,67.25,24.33,41.78,427,623,504,411,2154
1779015808,2026-05-17 11:03:28,1,36.66,66.77,24.76,42.92,425,620,506,416,2155
1779016108,2026-05-17 11:08:28,1,36.51,66.31,25.0,40.88,429,616,508,404,2156
1779016408,2026-05-17 11:13:28,1,36.58,66.25,24.89,38.2,427,619,509,387,2157
1779016708,2026-05-17 11:18:28,1,37.1,66.6,25.35,42.32,430,620,511,412,2158
1779017008,2026-05-17 11:23:28,1,36.5,66.68,24.54,40.0,427,618,504,400,2159
1779017308,2026-05-17 11:28:28,1,36.82,66.76,24.97,40.95,430,623,512,405,2160
1779017608,2026-05-17 11:33:28,1,36.74,66.75,25.07,40.91,429,621,511,407,2161
1779017908,2026-05-17 11:38:28,1,36.63,67.17,24.59,43.24,428,624,509,419,2162
1779018208,2026-05-17 11:43:28,1,36.12,67.84,24.78,43.54,424,629,510,421,2163
1779018508,2026-05-17 11:48:28,1,36.64,67.88,25.27,45.09,431,630,511,432,2164
1779018808,2026-05-17 11:53:28,1,36.54,66.96,24.98,41.67,426,622,509,410,2165
1779019108,2026-05-17 11:58:28,1,36.86,68.04,25.11,44.14,431,632,509,425,2166
1779019408,2026-05-17 12:03:28,1,36.88,68.23,25.31,41.81,430,631,516,411,2167
1779019708,2026-05-17 12:08:28,1,36.67,67.49,24.38,40.75,430,628,503,404,2168
1779020008,2026-05-17 12:13:28,1,36.71,67.68,25.3,43.54,429,630,510,421,2169
1779020308,2026-05-17 12:18:28,1,36.71,68.17,24.95,43.07,430,632,508,419,2170
1779020608,2026-05-17 12:23:28,1,37.0,68.23,24.91,38.43,431,630,509,391,2171
1779020908,2026-05-17 12:28:28,1,37.1,67.4,25.12,39.7,432,622,512,397,2172
1779021208,2026-05-17 12:33:28,1,36.92,69.19,24.09,44.98,429,638,503,432,2173
1779021508,2026-05-17 12:38:28,1,37.29,68.2,25.21,41.16,433,629,513,407,2174
1779021808,2026-05-17 12:43:28,1,37.04,68.55,24.6,42.22,431,634,505,413,2175
1779022108,2026-05-17 12:48:28,1,36.81,69.34,25.29,42.61,431,643,509,417,2176
1779022408,2026-05-17 12:53:28,1,37.03,68.22,25.47,40.18,431,634,515,403,2177
1779022708,2026-05-17 12:58:28,1,37.09,68.97,24.59,41.33,433,636,506,407,2178
1779023008,2026-05-17 13:03:28,1,36.71,68.57,25.24,36.96,428,633,511,379,2179
1779023308,2026-05-17 13:08:28,1,36.34,68.29,23.92,37.45,426,632,498,385,2180
1779023608,2026-05-17 13:13:28,1,36.99,68.35,24.06,39.3,432,631,501,393,2181
1779023908,2026-05-17 13:18:28,1,37.19,69.71,24.25,39.12,433,642,502,392,2182
1779024208,2026-05-17 13:23:28,1,36.93,69.16,24.74,41.1,432,637,512,404,2183
1779024508,2026-05-17 13:28:28,1,37.22,69.56,24.55,39.82,430,639,505,399,2184
1779024808,2026-05-17 13:33:28,1,36.7,69.22,24.02,38.8,431,636,500,393,2185
1779025108,2026-05-17 13:38:28,1,36.49,69.27,24.59,38.06,428,641,505,389,2186
1779025408,2026-05-17 13:43:28,1,36.81,69.04,24.76,34.71,430,637,508,370,2187
1779025708,2026-05-17 13:48:28,1,37.21,69.22,25.15,37.53,434,638,512,385,2188
1779026008,2026-05-17 13:53:28,1,36.81,70.06,24.05,37.8,432,643,500,387,2189
1779026308,2026-05-17 13:58:28,1,36.76,68.79,24.69,39.51,429,634,507,398,2190
1779026608,2026-05-17 14:03:28,1,36.38,69.21,23.53,37.25,426,637,498,385,2191
1779026908,2026-05-17 14:08:28,1,36.71,69.88,23.79,39.64,429,643,502,395,2192
1779027208,2026-05-17 14:13:28,1,36.86,69.43,23.97,36.82,433,640,501,381,2193
1779027508,2026-05-17 14:18:28,1,36.62,69.73,23.76,33.8,431,639,499,360,2194
1779027808,2026-05-17 14:23:28,1,36.84,68.68,24.24,34.06,430,632,503,365,2195
1779028108,2026-05-17 14:28:28,1,36.73,70.47,24.02,35.39,432,647,505,373,2196
1779028408,2026-05-17 14:33:28,1,36.78,70.1,24.05,36.42,433,648,502,377,2197
1779028708,2026-05-17 14:38:28,1,36.63,68.92,23.79,34.74,430,634,498,367,2198
1779029008,2026-05-17 14:43:28,1,36.28,69.09,23.64,33.51,427,635,501,363,2199
1779029308,2026-05-17 14:48:28,1,36.64,68.4,23.78,33.65,428,632,502,362,2200
1779029608,2026-05-17 14:53:28,1,36.41,69.37,24.4,33.35,428,639,506,362,2201
1779029908,2026-05-17 14:58:28,1,36.61,69.52,23.08,34.95,428,641,494,368,2202
1779030208,2026-05-17 15:03:28,1,36.34,69.43,23.36,32.8,429,640,498,354,2203
1779030508,2026-05-17 15:08:28,1,36.53,69.48,23.58,33.58,429,641,501,361,2204
1779030808,2026-05-17 15:13:28,1,36.51,68.95,23.71,30.04,430,638,498,339,2205
1779031108,2026-05-17 15:18:28,1,36.34,70.74,23.44,29.45,426,648,497,337,2206
1779031408,2026-05-17 15:23:28,1,36.58,70.51,23.68,31.93,432,648,499,353,2207
1779031708,2026-05-17 15:28:28,1,36.56,68.79,23.05,32.7,426,635,495,356,2208
1779032008,2026-05-17 15:33:28,1,36.73,68.87,22.97,30.53,430,635,493,343,2209
1779032308,2026-05-17 15:38:28,1,36.45,69.01,23.36,29.45,427,639,499,333,2210
1779032608,2026-05-17 15:43:28,1,36.77,69.74,23.21,30.59,430,644,495,344,2211
1779032908,2026-05-17 15:48:28,1,36.27,69.37,23.56,28.38,429,637,500,331,2212
1779033208,2026-05-17 15:53:28,1,36.3,69.53,23.35,27.52,427,643,496,324,2213
1779033508,2026-05-17 15:58:28,1,36.32,68.84,22.3,28.01,427,638,489,325,2214
1779033808,2026-05-17 16:03:28,1,36.44,68.29,23.17,25.3,429,633,496,312,2215
1779034108,2026-05-17 16:08:28,1,36.16,69.02,22.89,27.33,427,638,493,324,2216
1779034408,2026-05-17 16:13:28,1,36.39,69.37,23.24,25.53,427,640,493,315,2217
1779034708,2026-05-17 16:18:28,1,36.46,68.66,22.79,26.27,428,635,493,317,2218
1779035008,2026-05-17 16:23:28,1,36.42,67.23,23.03,26.83,428,622,495,323,2219
1779035308,2026-05-17 16:28:28,1,36.15,68.2,23.04,25.98,426,634,496,315,2220
1779035608,2026-05-17 16:33:28,1,36.12,67.96,22.06,26.22,426,628,486,312,2221
1779035908,2026-05-17 16:38:28,1,36.32,68.85,22.27,25.22,427,637,491,310,2222
1779036208,2026-05-17 16:43:28,1,35.8,69.34,22.09,24.72,423,638,485,306,2223
1779036508,2026-05-17 16:48:28,1,36.08,68.81,21.78,24.22,425,635,483,305,2224
1779036808,2026-05-17 16:53:28,1,36.54,67.86,21.99,24.5,425,629,485,310,2225
1779037108,2026-05-17 16:58:28,1,35.88,67.24,22.36,23.62,427,624,491,299,2226
1779037408,2026-05-17 17:03:28,1,35.96,67.86,21.53,20.61,424,628,482,283,2227
1779037708,2026-05-17 17:08:28,1,36.23,68.46,21.46,20.94,423,632,480,286,2228
1779038008,2026-05-17 17:13:28,1,36.36,68.93,21.72,21.01,429,637,482,286,2229
1779038308,2026-05-17 17:18:28,1,36.05,66.53,21.7,22.56,424,617,482,298,2230
1779038608,2026-05-17 17:23:28,1,35.83,67.79,21.89,22.04,425,627,485,294,2231
1779038908,2026-05-17 17:28:28,1,36.01,66.79,21.64,22.41,425,621,483,297,2232
1779039208,2026-05-17 17:33:28,1,35.92,66.71,20.64,21.9,426,621,477,290,2233
1779039508,2026-05-17 17:38:28,1,35.67,67.1,21.24,20.62,423,621,479,284,2234
1779039808,2026-05-17 17:43:28,1,35.89,66.45,22.08,22.07,425,616,488,293,2235
1779040108,2026-05-17 17:48:28,1,36.03,66.9,20.7,21.37,427,622,474,287,2236
1779040408,2026-05-17 17:53:28,1,35.65,66.47,21.15,20.56,423,619,480,283,2237
1779040708,2026-05-17 17:58:28,1,35.84,65.84,21.11,21.11,424,613,478,286,2238
1779041008,2026-05-17 18:03:28,1,35.63,66.73,20.7,18.84,425,619,476,271,2239
1779041308,2026-05-17 18:08:28,1,35.65,66.81,21.28,19.29,422,621,480,276,2240
1779041608,2026-05-17 18:13:28,1,35.73,66.8,21.04,22.63,423,623,480,293,2241
1779041908,2026-05-17 18:18:28,1,35.7,65.85,20.61,18.0,425,616,475,267,2242
1779042208,2026-05-17 18:23:28,1,35.65,66.65,20.64,19.1,420,619,475,276,2243
1779042508,2026-05-17 18:28:28,1,35.88,65.99,20.62,18.82,423,613,473,271,2244
1779042808,2026-05-17 18:33:28,1,35.29,66.02,20.99,18.0,420,615,477,269,2245
1779043108,2026-05-17 18:38:28,1,35.59,66.61,20.55,18.0,422,620,474,268,2246
1779043408,2026-05-17 18:43:28,1,35.92,65.12,20.51,18.36,424,608,473,267,2247
1779043708,2026-05-17 18:48:28,1,35.53,65.26,20.06,18.0,421,607,470,267,2248
1779044008,2026-05-17 18:53:28,1,35.82,65.22,19.82,18.0,423,607,467,266,2249
1779044308,2026-05-17 18:58:28,1,35.43,64.29,20.41,18.0,422,600,474,266,2250
1779044608,2026-05-17 19:03:28,1,35.77,64.83,20.25,18.0,423,607,473,266,2251
1779044908,2026-05-17 19:08:28,1,35.53,64.93,20.1,18.18,419,608,472,267,2252
1779045208,2026-05-17 19:13:28,1,35.79,64.95,19.55,18.0,423,605,468,265,2253
1779045508,2026-05-17 19:18:28,1,35.36,65.34,19.34,19.11,423,609,464,275,2254
1779045808,2026-05-17 19:23:28,1,35.85,64.25,19.6,19.09,423,604,467,273,2255
1779046108,2026-05-17 19:28:28,1,35.78,66.15,19.97,18.0,425,616,471,266,2256
1779046408,2026-05-17 19:33:28,1,35.36,64.73,19.44,22.25,421,610,464,293,2257
1779046708,2026-05-17 19:38:28,1,35.05,64.79,19.6,18.65,419,604,466,271,2258
1779047008,2026-05-17 19:43:28,1,35.1,64.76,19.85,18.0,420,604,468,266,2259
1779047308,2026-05-17 19:48:28,1,35.36,65.63,20.55,21.14,421,612,474,286,2260
1779047608,2026-05-17 19:53:28,1,35.57,63.82,19.4,18.0,422,601,465,266,2261
1779047908,2026-05-17 19:58:28,1,35.22,65.2,19.71,18.0,421,606,469,268,2262
1779048208,2026-05-17 20:03:28,1,35.42,64.75,20.35,18.0,421,603,472,269,2263
1779048508,2026-05-17 20:08:28,1,35.32,64.14,19.13,18.58,423,600,464,270,2264
1779048808,2026-05-17 20:13:28,1,35.8,64.61,19.61,19.49,425,604,468,278,2265
1779049108,2026-05-17 20:18:28,1,35.34,65.03,19.43,18.32,420,607,465,271,2266
1779049408,2026-05-17 20:23:28,1,34.9,63.85,18.76,18.0,420,601,459,268,2267
1779049708,2026-05-17 20:28:28,1,35.48,64.61,19.45,18.35,422,605,466,271,2268
1779050008,2026-05-17 20:33:28,1,35.12,63.97,19.06,18.99,420,598,463,274,2269
1779050308,2026-05-17 20:38:28,1,35.77,65.23,19.4,19.26,426,608,464,275,2270
1779050608,2026-05-17 20:43:28,1,34.95,64.92,19.0,19.27,422,606,463,277,2271
1779050908,2026-05-17 20:48:28,1,35.46,64.72,18.61,19.11,426,603,458,271,2272
1779051208,2026-05-17 20:53:28,1,35.35,64.72,19.12,20.26,422,604,462,282,2273
1779051508,2026-05-17 20:58:28,1,35.34,64.09,18.07,20.3,423,599,455,280,2274
1779051808,2026-05-17 21:03:28,1,35.72,65.27,18.99,20.21,424,608,462,282,2275
1779052108,2026-05-17 21:08:28,1,35.29,64.73,18.18,20.99,422,608,456,286,2276
1779052408,2026-05-17 21:13:28,1,35.55,64.13,18.67,20.75,423,603,459,283,2277
1779052708,2026-05-17 21:18:28,1,34.99,65.28,18.54,21.32,418,609,458,289,2278
1779053008,2026-05-17 21:23:28,1,35.84,63.53,19.71,19.83,422,598,466,277,2279
1779053308,2026-05-17 21:28:28,1,35.78,65.09,18.79,20.88,425,610,460,282,2280
1779053608,2026-05-17 21:33:28,1,35.25,64.4,18.44,21.0,423,602,459,283,2281
1779053908,2026-05-17 21:38:28,1,35.17,64.32,18.46,21.42,420,603,458,286,2282
1779054208,2026-05-17 21:43:28,1,35.63,65.44,18.06,21.15,425,611,453,285,2283
1779054508,2026-05-17 21:48:28,1,34.9,65.7,18.5,19.39,419,613,456,274,2284
1779054808,2026-05-17 21:53:28,1,35.05,65.57,17.44,24.35,421,611,449,305,2285
1779055108,2026-05-17 21:58:28,1,35.35,64.81,18.66,24.45,420,607,458,305,2286
1779055408,2026-05-17 22:03:28,1,35.02,65.5,18.29,19.99,422,610,456,278,2287
1779055708,2026-05-17 22:08:28,1,35.04,66.09,18.79,24.86,418,612,460,309,2288
1779056008,2026-05-17 22:13:28,1,35.27,65.17,18.87,25.34,419,603,462,313,2289
1779056308,2026-05-17 22:18:28,1,35.04,65.52,17.69,24.62,419,613,453,306,2290
1779056608,2026-05-17 22:23:28,1,35.46,65.59,18.48,24.83,422,612,456,307,2291
1779056908,2026-05-17 22:28:28,1,34.88,65.81,17.74,28.3,418,609,451,331,2292
1779057208,2026-05-17 22:33:28,1,35.29,65.3,18.58,25.99,423,609,458,317,2293
1779057508,2026-05-17 22:38:28,1,35.13,66.5,17.95,25.36,420,621,451,313,2294
1779057808,2026-05-17 22:43:28,1,35.19,66.27,18.54,28.07,421,616,459,327,2295
1779058108,2026-05-17 22:48:28,1,35.05,66.7,18.01,26.1,420,618,454,316,2296
1779058408,2026-05-17 22:53:28,1,35.27,66.36,18.18,29.35,421,620,455,335,2297
1779058708,2026-05-17 22:58:28,1,35.29,66.56,17.79,28.39,419,615,453,331,2298
1779059008,2026-05-17 23:03:28,1,35.48,66.53,18.48,26.06,421,617,457,318,2299
1779059308,2026-05-17 23:08:28,1,35.3,66.37,18.15,26.94,421,617,456,321,2300
1779059608,2026-05-17 23:13:28,1,35.36,66.09,17.66,30.78,421,612,450,345,2301
1779059908,2026-05-17 23:18:28,1,34.95,67.33,18.53,29.16,418,626,458,336,2302
1779060208,2026-05-17 23:23:28,1,35.35,67.31,18.27,28.16,423,624,456,327,2303
1779060508,2026-05-17 23:28:28,1,35.57,67.46,17.99,31.67,422,627,452,349,2304
1779060808,2026-05-17 23:33:28,1,35.11,67.16,18.12,29.67,417,626,453,336,2305
1779061108,2026-05-17 23:38:28,1,35.92,66.62,18.64,30.29,425,618,458,344,2306
1779061408,2026-05-17 23:43:28,1,35.06,66.62,18.74,30.47,419,622,459,341,2307
1779061708,2026-05-17 23:48:28,1,35.22,68.02,17.69,28.46,425,627,454,331,2308
1779062008,2026-05-17 23:53:28,1,35.09,67.71,17.37,32.11,421,628,449,354,2309
1779062308,2026-05-17 23:58:28,1,35.24,68.36,17.24,29.14,425,634,448,333,2310
1779062608,2026-05-18 00:03:28,1,35.28,67.76,17.82,31.24,419,626,451,348,2311
1779062908,2026-05-18 00:08:28,1,35.72,67.97,17.73,31.07,422,628,448,348,2312
1779063208,2026-05-18 00:13:28,1,35.26,68.78,17.8,29.57,422,634,453,335,2313
1779063508,2026-05-18 00:18:28,1,35.41,67.17,17.52,31.96,421,623,449,351,2314
1779063808,2026-05-18 00:23:28,1,35.37,68.2,18.31,34.11,422,629,458,362,2315
1779064108,2026-05-18 00:28:28,1,35.07,68.7,18.09,33.42,421,637,456,358,2316
1779064408,2026-05-18 00:33:28,1,35.49,68.18,18.08,35.68,423,636,457,374,2317
1779064708,2026-05-18 00:38:28,1,35.43,68.07,18.11,33.77,422,631,455,362,2318
1779065008,2026-05-18 00:43:28,1,35.6,68.14,18.5,34.31,423,633,460,367,2319
1779065308,2026-05-18 00:48:28,1,35.48,69.11,18.38,35.47,423,633,459,374,2320
1779065608,2026-05-18 00:53:28,1,35.64,69.46,18.12,36.9,421,639,452,382,2321
1779065908,2026-05-18 00:58:28,1,35.61,69.38,18.7,37.98,423,639,458,387,2322
1779066208,2026-05-18 01:03:28,1,35.34,68.51,18.37,36.91,421,631,456,385,2323
1779066508,2026-05-18 01:08:28,1,35.34,68.47,18.57,38.09,418,634,456,387,2324
1779066808,2026-05-18 01:13:28,1,35.56,68.53,19.14,36.08,421,635,463,378,2325
1779067108,2026-05-18 01:18:28,1,35.78,69.67,18.47,35.02,425,642,458,368,2326
1779067408,2026-05-18 01:23:28,1,35.36,69.28,18.51,39.12,421,639,458,395,2327
1779067708,2026-05-18 01:28:28,1,36.01,70.13,18.6,38.36,427,640,457,389,2328
1779068008,2026-05-18 01:33:28,1,36.25,68.96,19.07,39.39,425,640,463,397,2329
1779068308,2026-05-18 01:38:28,1,35.78,69.52,18.45,39.3,426,643,457,396,2330
1779068608,2026-05-18 01:43:28,1,35.69,70.1,18.13,37.99,426,649,456,385,2331
1779068908,2026-05-18 01:48:28,1,35.66,70.73,18.12,38.33,422,649,453,391,2332
1779069208,2026-05-18 01:53:28,1,35.67,68.39,18.8,40.35,420,633,459,403,2333
1779069508,2026-05-18 01:58:28,1,35.33,69.89,18.27,42.5,423,642,455,416,2334
1779069808,2026-05-18 02:03:28,1,36.03,69.42,18.63,41.66,424,638,458,411,2335
1779070108,2026-05-18 02:08:28,1,36.07,68.9,19.22,40.09,426,637,462,400,2336
1779070408,2026-05-18 02:13:28,1,35.79,69.35,19.15,40.75,426,637,460,404,2337
1779070708,2026-05-18 02:18:28,1,35.96,69.86,19.0,41.32,426,642,461,408,2338
1779071008,2026-05-18 02:23:28,1,36.26,69.88,18.89,42.67,427,645,460,417,2339
1779071308,2026-05-18 02:28:28,1,36.6,70.48,19.21,41.02,426,646,463,408,2340
1779071608,2026-05-18 02:33:28,1,35.72,69.23,19.35,43.5,424,636,465,422,2341
1779071908,2026-05-18 02:38:28,1,35.96,69.7,19.24,38.97,426,645,463,396,2342
1779072208,2026-05-18 02:43:28,1,36.12,68.41,20.21,41.58,427,634,470,410,2343
1779072508,2026-05-18 02:48:28,1,36.19,70.68,18.67,40.07,429,652,457,399,2344
1779072808,2026-05-18 02:53:28,1,36.18,69.71,19.53,40.4,426,642,465,402,2345
1779073108,2026-05-18 02:58:28,1,36.35,70.05,19.25,43.17,427,641,466,419,2346
1779073408,2026-05-18 03:03:28,1,35.75,70.49,19.65,41.87,424,645,468,411,2347
1779073708,2026-05-18 03:08:28,1,36.34,68.86,19.71,41.79,428,640,466,410,2348
1779074008,2026-05-18 03:13:28,1,36.14,69.14,18.98,40.36,429,640,460,401,2349
1779074308,2026-05-18 03:18:28,1,36.22,70.16,20.82,42.07,424,645,476,413,2350
1779074608,2026-05-18 03:23:28,1,36.25,69.58,19.43,41.06,424,639,465,406,2351
1779074908,2026-05-18 03:28:28,1,37.03,67.79,19.94,40.42,434,628,467,402,2352
1779075208,2026-05-18 03:33:28,1,36.91,69.9,20.63,43.98,433,642,473,422,2353
1779075508,2026-05-18 03:38:28,1,36.6,69.19,20.01,43.94,429,638,470,426,2354
1779075808,2026-05-18 03:43:28,1,36.68,69.0,19.74,43.22,432,637,468,420,2355
1779076108,2026-05-18 03:48:28,1,36.62,68.57,19.58,39.63,429,634,465,397,2356
1779076408,2026-05-18 03:53:28,1,37.02,69.51,20.16,42.27,434,639,469,413,2357
1779076708,2026-05-18 03:58:28,1,36.62,69.57,20.27,38.85,432,641,470,393,2358
1779077008,2026-05-18 04:03:28,1,36.7,68.45,21.33,41.27,430,629,482,407,2359
1779077308,2026-05-18 04:08:28,1,36.94,68.64,20.66,40.75,430,638,476,402,2360
1779077608,2026-05-18 04:13:28,1,36.76,68.46,20.15,42.2,428,636,471,412,2361
1779077908,2026-05-18 04:18:28,1,36.97,69.08,20.64,42.63,429,639,477,417,2362
1779078208,2026-05-18 04:23:28,1,36.94,67.38,20.36,37.13,431,625,472,384,2363
1779078508,2026-05-18 04:28:28,1,37.3,67.6,20.67,44.21,431,626,476,428,2364
1779078808,2026-05-18 04:33:28,1,37.1,69.16,19.94,41.66,434,640,468,411,2365
1779079108,2026-05-18 04:38:28,1,37.28,68.47,21.07,40.86,431,627,478,407,2366
1779079408,2026-05-18 04:43:28,1,37.15,68.81,21.52,40.69,432,635,481,409,2367
1779079708,2026-05-18 04:48:28,1,36.87,67.63,21.1,40.29,428,628,479,401,2368
1779080008,2026-05-18 04:53:28,1,37.29,68.7,20.92,39.53,432,632,475,397,2369
1779080308,2026-05-18 04:58:28,1,37.3,67.73,21.23,41.79,432,630,479,409,2370
1779080608,2026-05-18 05:03:28,1,37.08,67.22,21.65,39.94,432,624,485,399,2371
1779080908,2026-05-18 05:08:28,1,37.16,68.83,20.49,41.56,431,636,474,410,2372
1779081208,2026-05-18 05:13:28,1,37.43,66.84,20.99,38.62,434,620,477,393,2373
1779081508,2026-05-18 05:18:28,1,37.34,67.73,21.63,39.61,434,630,484,398,2374
1779081808,2026-05-18 05:23:28,1,37.68,68.79,20.88,39.16,436,637,478,394,2375
1779082108,2026-05-18 05:28:28,1,38.04,67.54,21.46,36.68,436,625,481,379,2376
1779082408,2026-05-18 05:33:28,1,36.86,67.41,21.62,38.45,432,625,485,389,2377
1779082708,2026-05-18 05:38:28,1,37.41,67.83,20.69,38.63,434,627,477,391,2378
1779083008,2026-05-18 05:43:28,1,37.82,65.95,21.1,37.46,435,615,478,385,2379
1779083308,2026-05-18 05:48:28,1,37.78,65.66,22.01,38.47,435,609,484,386,2380
1779083608,2026-05-18 05:53:28,1,37.72,67.47,21.89,35.61,437,624,485,373,2381
1779083908,2026-05-18 05:58:28,1,37.08,67.73,21.8,37.32,432,625,485,381,2382
1779084208,2026-05-18 06:03:28,1,37.84,66.29,21.91,36.81,437,615,486,381,2383
1779084508,2026-05-18 06:08:28,1,37.9,66.41,22.38,35.51,437,622,491,370,2384
1779084808,2026-05-18 06:13:28,1,37.89,66.45,23.02,35.01,437,616,495,371,2385
1779085108,2026-05-18 06:18:28,1,37.92,65.98,22.87,38.37,437,612,493,391,2386
1779085408,2026-05-18 06:23:28,1,37.52,66.01,21.95,36.31,430,614,486,379,2387
1779085708,2026-05-18 06:28:28,1,37.64,66.06,22.5,32.67,433,616,490,356,2388
1779086008,2026-05-18 06:33:28,1,37.87,64.38,22.4,34.43,437,601,492,364,2389
1779086308,2026-05-18 06:38:28,1,38.15,66.78,21.58,34.89,436,618,481,369,2390
1779086608,2026-05-18 06:43:28,1,37.84,65.18,22.95,32.21,435,608,495,351,2391
1779086908,2026-05-18 06:48:28,1,38.22,65.01,23.09,35.39,438,608,495,372,2392
1779087208,2026-05-18 06:53:28,1,38.1,65.85,22.39,34.0,437,615,489,364,2393
1779087508,2026-05-18 06:58:28,1,38.13,66.16,22.53,31.08,438,616,490,349,2394
1779087808,2026-05-18 07:03:28,1,38.35,65.07,23.28,33.04,437,607,495,358,2395
1779088108,2026-05-18 07:08:28,1,38.57,65.85,22.83,32.46,440,617,495,356,2396
1779088408,2026-05-18 07:13:28,1,38.09,65.64,22.84,32.82,439,612,494,355,2397
1779088708,2026-05-18 07:18:28,1,38.39,65.01,22.91,28.52,439,606,493,330,2398
1779089008,2026-05-18 07:23:28,1,38.44,65.11,23.48,29.18,436,611,497,332,2399
1779089308,2026-05-18 07:28:28,1,38.66,65.39,23.45,31.96,438,614,495,350,2400
1779089608,2026-05-18 07:33:28,1,38.08,64.41,23.1,29.2,436,605,496,335,2401
1779089908,2026-05-18 07:38:28,1,38.31,64.77,23.1,29.87,439,605,496,337,2402
1779090208,2026-05-18 07:43:28,1,38.38,63.96,23.69,28.42,437,595,498,330,2403
1779090508,2026-05-18 07:48:28,1,37.94,64.67,23.77,28.82,438,605,498,332,2404
1779090808,2026-05-18 07:53:28,1,38.62,64.44,23.56,27.14,438,601,500,322,2405
1779091108,2026-05-18 07:58:28,1,38.92,63.52,23.73,25.86,442,594,499,315,2406
1779091408,2026-05-18 08:03:28,1,39.04,64.61,23.71,28.94,441,604,497,331,2407
1779091708,2026-05-18 08:08:28,1,38.56,64.44,23.88,25.87,441,603,501,316,2408
1779092008,2026-05-18 08:13:28,1,38.34,64.06,23.78,26.99,438,597,501,324,2409
1779092308,2026-05-18 08:18:28,1,38.67,64.18,24.48,28.41,439,603,503,329,2410
1779092608,2026-05-18 08:23:28,1,38.94,64.92,23.6,23.59,444,603,498,301,2411
1779092908,2026-05-18 08:28:28,1,38.84,65.1,23.26,25.52,442,606,495,310,2412
1779093208,2026-05-18 08:33:28,1,38.82,64.62,23.04,26.35,443,603,495,318,2413
1779093508,2026-05-18 08:38:28,1,38.51,64.13,23.85,23.22,439,601,501,302,2414
1779093808,2026-05-18 08:43:28,1,38.25,65.11,24.11,21.97,439,609,505,291,2415
1779094108,2026-05-18 08:48:28,1,38.74,65.1,23.41,23.3,439,608,497,297,2416
1779094408,2026-05-18 08:53:28,1,38.67,64.66,24.75,23.82,443,605,507,301,2417
1779094708,2026-05-18 08:58:28,1,39.54,65.02,23.57,24.11,443,608,500,303,2418
1779095008,2026-05-18 09:03:28,1,39.24,63.83,24.25,23.38,442,602,506,301,2419
1779095308,2026-05-18 09:08:28,1,38.72,64.88,24.86,22.51,442,610,508,293,2420
1779095608,2026-05-18 09:13:28,1,39.24,65.25,24.26,23.13,443,607,504,299,2421
1779095908,2026-05-18 09:18:28,1,39.44,64.86,24.51,24.14,446,605,502,304,2422
1779096208,2026-05-18 09:23:28,1,39.4,64.91,24.0,24.43,443,605,502,307,2423
1779096508,2026-05-18 09:28:28,1,38.88,64.9,24.61,22.07,441,604,505,291,2424
1779096808,2026-05-18 09:33:28,1,38.49,65.12,24.58,21.77,438,611,507,290,2425
1779097108,2026-05-18 09:38:28,1,39.52,65.09,24.96,19.84,443,606,510,279,2426
1779097408,2026-05-18 09:43:28,1,39.48,64.21,25.03,21.15,447,599,512,287,2427
1779097708,2026-05-18 09:48:28,1,39.21,64.89,24.65,19.39,444,608,508,275,2428
1779098008,2026-05-18 09:53:28,1,39.48,64.45,24.84,18.74,446,604,507,271,2429
1779098308,2026-05-18 09:58:28,1,39.73,64.82,24.51,22.69,444,604,505,297,2430
1779098608,2026-05-18 10:03:28,1,39.44,64.62,24.64,21.09,442,601,506,286,2431
1779098908,2026-05-18 10:08:28,1,39.24,65.41,24.9,20.07,445,613,510,278,2432
1779099208,2026-05-18 10:13:28,1,39.51,65.8,24.42,19.98,448,609,503,277,2433
1779099508,2026-05-18 10:18:28,1,39.41,66.14,25.23,20.88,445,613,510,284,2434
1779099808,2026-05-18 10:23:28,1,39.37,65.38,25.3,21.3,442,608,512,287,2435
1779100108,2026-05-18 10:28:28,1,39.34,65.96,24.88,18.73,443,613,508,273,2436
1779100408,2026-05-18 10:33:28,1,39.71,66.36,25.38,18.81,449,618,512,275,2437
1779100708,2026-05-18 10:38:28,1,39.42,66.03,25.16,18.0,445,617,512,268,2438
1779101008,2026-05-18 10:43:28,1,38.92,65.73,25.67,18.9,440,611,515,273,2439
1779101308,2026-05-18 10:48:28,1,39.13,66.15,25.08,20.4,442,614,510,279,2440
1779101608,2026-05-18 10:53:28,1,39.57,66.68,24.95,20.28,444,619,510,280,2441
1779101908,2026-05-18 10:58:28,1,39.04,66.11,24.39,20.53,445,616,502,284,2442
1779102208,2026-05-18 11:03:28,1,39.29,67.39,24.06,18.0,444,629,501,267,2443
1779102508,2026-05-18 11:08:28,1,39.67,66.92,25.45,20.37,445,622,514,281,2444
1779102808,2026-05-18 11:13:28,1,39.83,67.58,25.44,18.69,449,625,510,273,2445
1779103108,2026-05-18 11:18:28,1,39.51,66.93,24.53,19.06,447,621,506,273,2446
1779103408,2026-05-18 11:23:28,1,39.72,66.25,24.6,20.43,444,620,507,283,2447
1779103708,2026-05-18 11:28:28,1,39.53,66.74,25.0,18.48,445,621,510,271,2448
1779104008,2026-05-18 11:33:28,1,39.59,67.34,24.94,18.0,442,625,509,270,2449
1779104308,2026-05-18 11:38:28,1,39.95,66.89,24.88,18.0,448,619,507,268,2450
1779104608,2026-05-18 11:43:28,1,39.59,66.37,24.92,18.0,445,617,507,266,2451
1779104908,2026-05-18 11:48:28,1,39.52,67.99,24.79,18.49,446,628,509,271,2452
1779105208,2026-05-18 11:53:28,1,39.85,67.92,25.35,18.0,448,627,510,267,2453
1779105508,2026-05-18 11:58:28,1,40.01,66.91,25.12,19.35,451,625,509,272,2454
1779105808,2026-05-18 12:03:28,1,39.68,68.31,25.2,22.93,444,630,513,296,2455
1779106108,2026-05-18 12:08:28,1,39.76,67.3,25.52,18.11,447,623,513,268,2456
1779106408,2026-05-18 12:13:28,1,39.6,67.82,24.55,18.04,446,631,504,270,2457
1779106708,2026-05-18 12:18:28,1,39.9,68.01,24.82,18.69,446,632,507,275,2458
1779107008,2026-05-18 12:23:28,1,39.74,68.45,25.41,18.0,445,635,513,267,2459
1779107308,2026-05-18 12:28:28,1,39.76,67.28,23.7,19.34,448,622,500,276,2460
1779107608,2026-05-18 12:33:28,1,39.67,67.41,24.91,20.11,447,625,508,282,2461
1779107908,2026-05-18 12:38:28,1,39.82,68.9,24.34,19.22,445,636,504,276,2462
1779108208,2026-05-18 12:43:28,1,39.96,68.43,24.59,18.0,447,631,509,266,2463
1779108508,2026-05-18 12:48:28,1,39.96,68.66,25.04,18.16,445,634,509,269,2464
1779108808,2026-05-18 12:53:28,1,39.28,68.52,24.7,19.57,445,630,506,277,2465
1779109108,2026-05-18 12:58:28,1,39.55,68.68,24.64,21.0,446,631,505,286,2466
1779109408,2026-05-18 13:03:28,1,39.92,69.25,25.09,18.0,447,641,510,266,2467
1779109708,2026-05-18 13:08:28,1,39.67,68.88,24.3,19.32,444,638,500,273,2468
1779110008,2026-05-18 13:13:28,1,39.81,68.43,25.4,18.0,446,634,514,268,2469
1779110308,2026-05-18 13:18:28,1,39.73,69.38,24.79,19.76,445,640,509,278,2470
1779110608,2026-05-18 13:23:28,1,39.54,68.25,24.69,20.94,447,635,504,283,2471
1779110908,2026-05-18 13:28:28,1,39.83,69.28,24.6,18.09,448,638,511,268,2472
1779111208,2026-05-18 13:33:28,1,39.72,68.86,24.31,22.65,443,639,502,297,2473
1779111508,2026-05-18 13:38:28,1,39.8,69.07,23.52,23.3,448,637,497,301,2474
1779111808,2026-05-18 13:43:28,1,39.77,68.49,24.41,22.68,448,634,503,295,2475
1779112108,2026-05-18 13:48:28,1,39.56,69.61,24.01,21.09,446,641,502,290,2476
1779112408,2026-05-18 13:53:28,1,39.67,68.72,24.22,21.68,445,636,502,290,2477
1779112708,2026-05-18 13:58:28,1,40.01,69.1,24.57,23.93,447,637,504,301,2478
1779113008,2026-05-18 14:03:28,1,39.21,69.0,24.92,22.25,443,637,509,292,2479
1779113308,2026-05-18 14:08:28,1,39.39,69.77,24.3,23.01,447,644,503,298,2480
1779113608,2026-05-18 14:13:28,1,39.68,70.04,24.35,23.54,448,646,504,302,2481
1779113908,2026-05-18 14:18:28,1,39.43,69.14,24.65,24.97,445,640,508,308,2482
1779114208,2026-05-18 14:23:28,1,39.28,68.97,24.39,26.97,441,637,508,322,2483
1779114508,2026-05-18 14:28:28,1,39.64,70.01,24.93,25.49,445,645,508,311,2484
1779114808,2026-05-18 14:33:28,1,39.5,69.74,23.84,24.9,447,644,497,309,2485
1779115108,2026-05-18 14:38:28,1,39.4,69.5,23.18,26.17,444,643,494,315,2486
1779115408,2026-05-18 14:43:28,1,39.84,69.1,24.03,26.7,447,638,503,318,2487
1779115708,2026-05-18 14:48:28,1,39.33,69.69,23.13,26.33,443,641,498,315,2488
1779116008,2026-05-18 14:53:28,1,39.2,70.01,23.46,26.82,447,642,494,320,2489
1779116308,2026-05-18 14:58:28,1,39.63,69.09,23.98,26.96,448,637,503,322,2490
1779116608,2026-05-18 15:03:28,1,39.59,68.72,23.79,27.48,445,632,500,324,2491
1779116908,2026-05-18 15:08:28,1,39.38,68.84,23.27,29.55,441,632,498,335,2492
1779117208,2026-05-18 15:13:28,1,39.51,69.81,22.71,31.45,444,646,491,350,2493
1779117508,2026-05-18 15:18:28,1,39.59,69.21,23.64,29.14,446,635,498,336,2494
1779117808,2026-05-18 15:23:28,1,39.36,69.66,22.86,28.13,445,642,493,330,2495
1779118108,2026-05-18 15:28:28,1,39.23,69.55,22.94,30.87,443,638,494,343,2496
1779118408,2026-05-18 15:33:28,1,39.91,69.22,23.48,27.9,448,640,497,326,2497
1779118708,2026-05-18 15:38:28,1,39.66,68.69,23.24,30.36,447,633,494,340,2498
1779119008,2026-05-18 15:43:28,1,39.53,69.48,23.35,31.49,446,643,498,348,2499
1779119308,2026-05-18 15:48:28,1,39.08,69.76,21.61,31.5,443,644,482,349,2500
1779119608,2026-05-18 15:53:28,1,39.49,68.5,23.63,28.72,446,633,497,333,2501
1779119908,2026-05-18 15:58:28,1,39.71,68.53,22.68,29.3,446,636,488,335,2502
1779120208,2026-05-18 16:03:28,1,39.55,68.89,22.65,32.8,444,634,489,358,2503
1779120508,2026-05-18 16:08:28,1,39.33,67.77,22.38,31.28,442,632,488,348,2504
1779120808,2026-05-18 16:13:28,1,39.62,67.94,23.17,33.55,445,628,496,362,2505
1779121108,2026-05-18 16:18:28,1,39.2,68.45,22.95,31.44,442,631,491,349,2506
1779121408,2026-05-18 16:23:28,1,38.84,68.21,22.53,35.98,440,634,488,377,2507
1779121708,2026-05-18 16:28:28,1,39.03,67.25,22.21,34.16,442,626,487,364,2508
1779122008,2026-05-18 16:33:28,1,38.88,67.91,22.58,34.83,441,629,491,369,2509
1779122308,2026-05-18 16:38:28,1,39.03,68.0,22.92,34.32,446,629,491,365,2510
1779122608,2026-05-18 16:43:28,1,38.97,67.42,21.78,38.7,441,625,484,391,2511
1779122908,2026-05-18 16:48:28,1,38.79,68.99,21.84,35.39,443,635,485,372,2512
1779123208,2026-05-18 16:53:28,1,38.88,67.07,21.48,34.38,441,623,480,363,2513
1779123508,2026-05-18 16:58:28,1,38.76,67.58,21.83,36.5,443,626,483,375,2514
1779123808,2026-05-18 17:03:28,1,39.49,67.06,22.59,37.35,444,623,490,385,2515
1779124108,2026-05-18 17:08:28,1,38.8,67.46,22.29,37.79,443,625,488,386,2516
1779124408,2026-05-18 17:13:28,1,39.19,66.75,21.34,37.21,443,619,480,383,2517
1779124708,2026-05-18 17:18:28,1,39.15,66.65,22.21,39.52,444,621,487,399,2518
1779125008,2026-05-18 17:23:28,1,38.57,66.69,20.9,37.16,445,620,478,383,2519
1779125308,2026-05-18 17:28:28,1,38.64,67.37,21.86,39.28,440,623,483,396,2520
1779125608,2026-05-18 17:33:28,1,39.07,68.72,22.0,37.94,446,631,483,390,2521
1779125908,2026-05-18 17:38:28,1,38.95,66.58,21.16,39.25,444,624,478,394,2522
1779126208,2026-05-18 17:43:28,1,38.49,67.03,20.85,39.38,438,619,476,397,2523
1779126508,2026-05-18 17:48:28,1,38.57,66.78,20.87,38.98,441,623,478,390,2524
1779126808,2026-05-18 17:53:28,1,38.59,66.52,20.59,41.13,435,621,474,406,2525
1779127108,2026-05-18 17:58:28,1,38.86,66.11,21.4,40.83,441,613,483,403,2526
1779127408,2026-05-18 18:03:28,1,38.38,66.87,21.13,41.71,439,619,478,412,2527
1779127708,2026-05-18 18:08:28,1,39.12,65.98,21.11,40.23,444,610,479,402,2528
1779128008,2026-05-18 18:13:28,1,38.02,66.04,21.01,38.52,436,615,477,392,2529
1779128308,2026-05-18 18:18:28,1,38.73,65.79,20.57,38.24,440,612,473,389,2530
1779128608,2026-05-18 18:23:28,1,38.5,65.86,20.28,41.78,440,612,472,410,2531
1779128908,2026-05-18 18:28:28,1,38.46,64.99,20.68,40.77,439,605,474,405,2532
1779129208,2026-05-18 18:33:28,1,38.58,65.9,20.24,39.34,440,614,467,397,2533
1779129508,2026-05-18 18:38:28,1,38.48,66.29,20.33,40.95,443,616,473,404,2534
1779129808,2026-05-18 18:43:28,1,38.24,65.24,20.41,44.23,439,610,470,425,2535
1779130108,2026-05-18 18:48:28,1,38.21,64.01,19.62,38.38,437,602,465,389,2536
1779130408,2026-05-18 18:53:28,1,38.24,65.84,20.07,42.36,437,613,468,414,2537
1779130708,2026-05-18 18:58:28,1,38.47,64.65,19.49,39.69,438,606,467,399,2538
1779131008,2026-05-18 19:03:28,1,38.25,64.17,20.96,43.82,437,602,475,422,2539
1779131308,2026-05-18 19:08:28,1,38.22,65.85,20.42,43.73,441,613,472,422,2540
1779131608,2026-05-18 19:13:28,1,38.41,64.66,19.51,42.13,441,604,466,414,2541
1779131908,2026-05-18 19:18:28,1,38.84,64.68,19.27,40.82,442,604,464,406,2542
1779132208,2026-05-18 19:23:28,1,38.32,65.94,19.63,40.45,438,613,467,401,2543
1779132508,2026-05-18 19:28:28,1,38.05,64.21,19.57,44.5,436,604,465,424,2544
1779132808,2026-05-18 19:33:28,1,38.2,65.36,20.23,40.78,440,611,471,405,2545
1779133108,2026-05-18 19:38:28,1,38.2,64.54,19.5,42.04,438,603,466,415,2546
1779133408,2026-05-18 19:43:28,1,38.12,64.99,19.62,42.88,436,603,463,419,2547
1779133708,2026-05-18 19:48:28,1,38.09,65.31,20.16,40.78,438,610,470,402,2548
1779134008,2026-05-18 19:53:28,1,38.14,64.74,19.59,42.27,437,606,466,414,2549
1779134308,2026-05-18 19:58:28,1,37.67,64.01,19.66,41.95,437,596,469,412,2550
1779134608,2026-05-18 20:03:28,1,38.55,64.65,19.1,43.46,442,606,460,421,2551
1779134908,2026-05-18 20:08:28,1,38.14,63.87,19.2,41.25,436,596,461,407,2552
1779135208,2026-05-18 20:13:28,1,38.03,65.03,19.87,38.75,439,608,470,392,2553
1779135508,2026-05-18 20:18:28,1,37.66,64.79,18.95,42.11,437,605,462,411,2554
1779135808,2026-05-18 20:23:28,1,37.51,65.7,18.38,40.51,434,612,457,402,2555
1779136108,2026-05-18 20:28:28,1,38.18,64.25,18.36,39.95,436,602,454,398,2556
1779136408,2026-05-18 20:33:28,1,37.49,64.48,19.22,40.31,434,601,460,399,2557
1779136708,2026-05-18 20:38:28,1,37.95,63.93,18.93,42.0,434,598,459,413,2558
1779137008,2026-05-18 20:43:28,1,38.11,64.28,19.8,41.47,438,602,466,409,2559
1779137308,2026-05-18 20:48:28,1,37.83,65.37,18.95,39.72,435,608,463,397,2560
1779137608,2026-05-18 20:53:28,1,38.05,64.77,19.0,44.32,437,604,461,425,2561
1779137908,2026-05-18 20:58:28,1,38.07,65.46,18.15,41.78,438,613,453,410,2562
1779138208,2026-05-18 21:03:28,1,37.83,63.46,19.8,42.76,436,593,469,416,2563
1779138508,2026-05-18 21:08:28,1,38.01,65.5,18.49,36.33,438,611,458,376,2564
1779138808,2026-05-18 21:13:28,1,38.26,64.4,18.34,39.16,441,605,457,394,2565
1779139108,2026-05-18 21:18:28,1,37.86,64.42,18.64,39.0,434,602,457,392,2566
1779139408,2026-05-18 21:23:28,1,37.92,64.62,18.21,39.4,436,603,452,396,2567
1779139708,2026-05-18 21:28:28,1,37.87,64.38,18.6,38.42,436,602,455,388,2568
1779140008,2026-05-18 21:33:28,1,38.35,65.51,17.76,37.4,438,612,454,381,2569
1779140308,2026-05-18 21:38:28,1,37.69,64.82,18.58,38.21,436,604,460,391,2570
1779140608,2026-05-18 21:43:28,1,37.87,66.08,19.04,39.24,438,615,462,395,2571
1779140908,2026-05-18 21:48:28,1,37.78,65.39,18.02,38.23,437,606,454,390,2572
1779141208,2026-05-18 21:53:28,1,37.61,65.01,17.97,37.57,434,608,455,383,2573
1779141508,2026-05-18 21:58:28,1,37.77,66.92,18.25,36.28,435,620,456,377,2574
1779141808,2026-05-18 22:03:28,1,37.42,64.49,18.03,36.23,432,606,452,379,2575
1779142108,2026-05-18 22:08:28,1,37.71,65.62,18.25,34.5,434,612,456,367,2576
1779142408,2026-05-18 22:13:28,1,37.65,66.1,18.24,35.29,434,614,458,370,2577
1779142708,2026-05-18 22:18:28,1,38.11,66.72,18.17,38.03,438,618,454,388,2578
1779143008,2026-05-18 22:23:28,1,37.94,65.13,17.98,34.53,436,608,453,365,2579
1779143308,2026-05-18 22:28:28,1,38.26,66.16,18.96,35.05,439,617,463,372,2580
1779143608,2026-05-18 22:33:28,1,37.69,65.53,17.16,35.84,435,611,446,375,2581
1779143908,2026-05-18 22:38:28,1,37.73,65.69,18.62,34.0,434,611,459,364,2582
1779144208,2026-05-18 22:43:28,1,37.82,66.34,17.65,35.79,438,617,451,373,2583
1779144508,2026-05-18 22:48:28,1,37.99,65.42,18.2,33.58,439,609,455,360,2584
1779144808,2026-05-18 22:53:28,1,38.21,66.99,17.93,32.77,440,622,454,357,2585
1779145108,2026-05-18 22:58:28,1,37.53,65.76,18.05,32.45,434,615,453,353,2586
1779145408,2026-05-18 23:03:28,1,37.85,66.72,17.85,32.92,437,617,453,356,2587
1779145708,2026-05-18 23:08:28,1,38.58,66.18,18.63,29.43,443,618,458,336,2588
1779146008,2026-05-18 23:13:28,1,37.43,64.97,18.21,32.59,430,606,458,356,2589
1779146308,2026-05-18 23:18:28,1,37.86,65.85,18.18,31.31,438,613,453,349,2590
1779146608,2026-05-18 23:23:28,1,37.64,66.79,17.97,29.44,437,617,452,338,2591
1779146908,2026-05-18 23:28:28,1,38.15,66.98,17.47,30.52,438,619,449,341,2592
1779147208,2026-05-18 23:33:28,1,38.27,66.95,18.08,30.63,441,621,455,345,2593
1779147508,2026-05-18 23:38:28,1,37.76,67.76,18.18,29.52,434,627,453,335,2594
1779147808,2026-05-18 23:43:28,1,37.89,67.46,18.3,29.18,435,628,456,336,2595
1779148108,2026-05-18 23:48:28,1,38.08,67.44,18.48,32.35,439,626,457,353,2596
1779148408,2026-05-18 23:53:28,1,37.4,67.56,17.87,30.45,432,628,451,344,2597
1779148708,2026-05-18 23:58:28,1,37.52,67.26,18.4,27.76,434,621,457,325,2598
1779149008,2026-05-19 00:03:28,1,37.78,67.96,17.96,27.41,433,627,451,322,2599
1779149308,2026-05-19 00:08:28,1,37.68,67.75,18.22,26.56,437,628,454,317,2600
1779149608,2026-05-19 00:13:28,1,37.8,68.0,17.68,28.48,437,630,450,330,2601
1779149908,2026-05-19 00:18:28,1,37.92,67.81,18.23,26.55,435,626,456,318,2602
1779150208,2026-05-19 00:23:28,1,37.63,69.34,18.17,26.24,431,639,452,318,2603
1779150508,2026-05-19 00:28:28,1,37.92,69.2,18.08,25.93,438,640,456,315,2604
1779150808,2026-05-19 00:33:28,1,37.63,68.35,18.18,24.8,436,629,454,307,2605
1779151108,2026-05-19 00:38:28,1,37.82,67.89,17.92,25.0,435,630,453,307,2606
1779151408,2026-05-19 00:43:28,1,37.88,68.82,18.47,24.6,438,637,459,305,2607
1779151708,2026-05-19 00:48:28,1,37.73,68.49,18.76,24.85,437,633,459,309,2608
1779152008,2026-05-19 00:53:28,1,38.2,69.03,18.21,23.5,439,631,458,301,2609
1779152308,2026-05-19 00:58:28,1,38.25,67.99,18.68,24.96,435,631,459,308,2610
1779152608,2026-05-19 01:03:28,1,38.25,69.86,18.51,22.45,438,645,459,294,2611
1779152908,2026-05-19 01:08:28,1,37.84,67.49,18.66,25.25,435,626,459,310,2612
1779153208,2026-05-19 01:13:28,1,37.45,68.52,18.16,24.31,434,635,456,306,2613
1779153508,2026-05-19 01:18:28,1,38.19,69.55,18.32,20.9,439,638,454,283,2614
1779153808,2026-05-19 01:23:28,1,37.92,68.46,18.49,22.24,434,632,461,295,2615
1779154108,2026-05-19 01:28:28,1,38.07,69.54,18.49,21.37,436,639,459,289,2616
1779154408,2026-05-19 01:33:28,1,37.73,68.79,19.11,19.63,437,635,461,277,2617
1779154708,2026-05-19 01:38:28,1,38.41,68.9,18.91,24.05,438,638,461,303,2618
1779155008,2026-05-19 01:43:28,1,38.26,69.14,18.48,21.88,437,640,455,288,2619
1779155308,2026-05-19 01:48:28,1,38.62,69.26,18.9,19.35,438,641,462,277,2620
1779155608,2026-05-19 01:53:28,1,38.75,70.12,18.23,19.56,444,645,455,278,2621
1779155908,2026-05-19 01:58:28,1,38.07,69.68,18.91,20.97,438,641,463,285,2622
1779156208,2026-05-19 02:03:28,1,38.05,69.85,18.76,21.15,435,647,460,287,2623
1779156508,2026-05-19 02:08:28,1,38.77,70.39,19.18,22.92,443,647,463,297,2624
1779156808,2026-05-19 02:13:28,1,38.28,70.0,18.44,20.32,441,644,455,281,2625
1779157108,2026-05-19 02:18:28,1,37.89,69.39,19.01,20.6,437,641,459,282,2626
1779157408,2026-05-19 02:23:28,1,38.4,70.1,19.53,20.04,441,644,465,280,2627
1779157708,2026-05-19 02:28:28,1,38.56,70.34,18.68,18.0,440,646,458,267,2628
1779158008,2026-05-19 02:33:28,1,38.58,70.11,18.97,22.0,441,645,459,291,2629
1779158308,2026-05-19 02:38:28,1,38.54,68.61,18.67,19.48,437,635,459,275,2630
1779158608,2026-05-19 02:43:28,1,39.2,69.45,19.61,18.99,444,644,469,273,2631
1779158908,2026-05-19 02:48:28,1,38.45,69.58,18.56,18.0,441,642,460,269,2632
1779159208,2026-05-19 02:53:28,1,38.06,70.35,19.95,18.0,435,651,467,269,2633
1779159508,2026-05-19 02:58:28,1,38.99,69.11,19.17,20.87,442,637,464,286,2634
1779159808,2026-05-19 03:03:28,1,38.52,69.89,19.23,19.73,438,647,463,277,2635
1779160108,2026-05-19 03:08:28,1,38.79,69.21,19.2,18.0,441,644,463,265,2636
1779160408,2026-05-19 03:13:28,1,38.09,70.08,19.9,18.24,437,647,470,270,2637
1779160708,2026-05-19 03:18:28,1,38.88,69.9,19.8,18.0,442,644,467,265,2638
1779161008,2026-05-19 03:23:28,1,38.31,69.58,19.54,18.0,437,643,465,266,2639
1779161308,2026-05-19 03:28:28,1,39.0,69.59,19.26,18.0,441,640,463,270,2640
1779161608,2026-05-19 03:33:28,1,38.43,69.15,19.84,18.0,438,639,471,269,2641
1779161908,2026-05-19 03:38:28,1,38.78,68.41,19.95,18.0,441,631,469,266,2642
1779162208,2026-05-19 03:43:28,1,38.78,69.58,20.1,18.32,444,639,471,270,2643
1779162508,2026-05-19 03:48:28,1,38.51,69.19,19.83,18.41,441,637,468,269,2644
1779162808,2026-05-19 03:53:28,1,39.15,69.02,19.8,19.68,443,632,468,278,2645
1779163108,2026-05-19 03:58:28,1,38.89,68.8,19.57,21.38,442,635,464,288,2646
1779163408,2026-05-19 04:03:28,1,39.03,68.47,19.8,20.02,442,637,469,276,2647
1779163708,2026-05-19 04:08:28,1,39.39,68.57,20.57,18.0,444,635,473,268,2648
1779164008,2026-05-19 04:13:28,1,38.75,68.49,20.32,18.0,442,631,471,266,2649
1779164308,2026-05-19 04:18:28,1,39.08,68.97,19.94,20.0,442,638,468,282,2650
1779164608,2026-05-19 04:23:28,1,39.43,69.1,20.26,18.58,445,641,474,273,2651
1779164908,2026-05-19 04:28:28,1,39.58,67.57,20.85,18.57,447,629,476,270,2652
1779165208,2026-05-19 04:33:28,1,39.38,67.99,20.06,21.91,447,630,469,290,2653
1779165508,2026-05-19 04:38:28,1,39.0,66.83,20.59,18.11,443,621,473,267,2654
1779165808,2026-05-19 04:43:28,1,39.08,67.71,20.44,19.89,441,624,475,277,2655
1779166108,2026-05-19 04:48:28,1,39.02,68.88,20.53,18.96,444,635,473,273,2656
1779166408,2026-05-19 04:53:28,1,39.19,67.63,20.32,19.64,446,630,471,275,2657
1779166708,2026-05-19 04:58:28,1,40.03,68.43,20.1,20.9,450,631,471,285,2658
1779167008,2026-05-19 05:03:28,1,39.88,68.25,21.14,19.39,444,631,476,276,2659
1779167308,2026-05-19 05:08:28,1,39.47,67.68,21.53,19.94,447,624,482,280,2660
1779167608,2026-05-19 05:13:28,1,39.73,69.13,20.84,22.24,448,637,476,292,2661
1779167908,2026-05-19 05:18:28,1,39.58,67.51,22.29,18.83,443,625,489,271,2662
1779168208,2026-05-19 05:23:28,1,39.33,66.33,21.09,19.33,442,615,478,276,2663
1779168508,2026-05-19 05:28:28,1,39.86,66.89,21.25,21.33,447,623,481,288,2664
1779168808,2026-05-19 05:33:28,1,39.51,67.58,21.26,21.08,442,627,478,284,2665
1779169108,2026-05-19 05:38:28,1,39.44,67.58,21.93,21.51,446,627,486,288,2666
1779169408,2026-05-19 05:43:28,1,39.29,67.29,21.36,19.99,447,626,478,278,2667
1779169708,2026-05-19 05:48:28,1,39.71,66.24,21.96,18.85,445,616,488,273,2668
1779170008,2026-05-19 05:53:28,1,39.63,65.83,21.4,22.71,447,614,481,296,2669
1779170308,2026-05-19 05:58:28,1,39.98,66.93,21.69,24.27,446,618,484,305,2670
1779170608,2026-05-19 06:03:28,1,39.98,65.21,21.57,22.2,446,609,480,292,2671
1779170908,2026-05-19 06:08:28,1,40.04,66.06,21.84,23.97,449,613,484,303,2672
1779171208,2026-05-19 06:13:28,1,40.47,66.23,22.29,22.14,448,615,487,291,2673
1779171508,2026-05-19 06:18:28,1,40.17,66.66,22.38,24.96,449,620,487,309,2674
1779171808,2026-05-19 06:23:28,1,39.87,66.41,22.6,28.26,446,615,490,330,2675
1779172108,2026-05-19 06:28:28,1,40.12,65.88,22.46,25.52,450,617,491,310,2676
1779172408,2026-05-19 06:33:28,1,40.18,66.06,23.03,25.88,450,619,492,315,2677
1779172708,2026-05-19 06:38:28,1,40.16,64.94,22.15,26.88,448,607,487,322,2678
1779173008,2026-05-19 06:43:28,1,40.71,65.37,22.44,26.05,454,611,488,316,2679
1779173308,2026-05-19 06:48:28,1,40.31,65.54,22.49,25.36,450,612,491,313,2680
1779173608,2026-05-19 06:53:28,1,40.37,65.46,22.55,27.7,452,609,487,326,2681
1779173908,2026-05-19 06:58:28,1,39.92,64.48,22.09,26.63,448,602,487,318,2682
1779174208,2026-05-19 07:03:28,1,40.46,63.65,22.81,26.79,448,599,493,319,2683
1779174508,2026-05-19 07:08:28,1,40.11,64.0,22.95,26.58,449,597,497,319,2684
1779174808,2026-05-19 07:13:28,1,40.73,66.29,23.1,28.06,450,617,490,327,2685
1779175108,2026-05-19 07:18:28,1,40.65,65.25,22.93,32.15,452,608,492,354,2686
1779175408,2026-05-19 07:23:28,1,40.55,65.69,23.3,29.19,451,614,494,336,2687
1779175708,2026-05-19 07:28:28,1,40.59,65.39,23.14,30.5,450,607,497,342,2688
1779176008,2026-05-19 07:33:28,1,40.44,65.59,22.99,30.78,450,610,493,345,2689
1779176308,2026-05-19 07:38:28,1,40.95,65.17,22.94,30.46,454,609,495,342,2690
1779176608,2026-05-19 07:43:28,1,40.37,64.7,23.33,29.26,448,605,495,335,2691
1779176908,2026-05-19 07:48:28,1,40.72,64.47,23.38,30.67,452,599,495,345,2692
1779177208,2026-05-19 07:53:28,1,40.59,65.05,23.3,32.92,451,604,496,355,2693
1779177508,2026-05-19 07:58:28,1,40.75,64.32,23.82,30.8,450,602,499,344,2694
1779177808,2026-05-19 08:03:28,1,40.7,64.5,23.41,33.25,452,602,499,357,2695
1779178108,2026-05-19 08:08:28,1,40.65,64.42,23.2,32.52,452,607,494,353,2696
1779178408,2026-05-19 08:13:28,1,40.63,64.38,23.63,31.56,451,605,495,346,2697
1779178708,2026-05-19 08:18:28,1,40.27,64.58,23.57,31.97,450,606,498,353,2698
1779179008,2026-05-19 08:23:28,1,40.99,64.53,23.6,33.75,454,607,498,362,2699
1779179308,2026-05-19 08:28:28,1,40.92,64.22,24.51,33.51,453,601,505,361,2700
1779179608,2026-05-19 08:33:28,1,41.36,63.01,23.3,35.32,457,592,496,371,2701
1779179908,2026-05-19 08:38:28,1,41.16,64.45,23.45,34.12,454,605,500,362,2702
1779180208,2026-05-19 08:43:28,1,40.72,64.52,24.05,35.66,451,604,505,375,2703
1779180508,2026-05-19 08:48:28,1,40.55,65.12,24.22,35.18,451,608,502,373,2704
1779180808,2026-05-19 08:53:28,1,40.97,63.99,24.3,36.46,454,601,505,380,2705
1779181108,2026-05-19 08:58:28,1,41.41,64.28,24.39,37.27,455,604,503,386,2706
1779181408,2026-05-19 09:03:28,1,41.26,64.5,24.19,37.27,455,599,506,380,2707
1779181708,2026-05-19 09:08:28,1,41.08,64.09,24.87,37.09,453,599,508,381,2708
1779182008,2026-05-19 09:13:28,1,40.79,65.16,24.75,37.71,451,607,508,385,2709
1779182308,2026-05-19 09:18:28,1,41.2,65.48,25.25,38.16,455,614,513,389,2710
1779182608,2026-05-19 09:23:28,1,41.25,64.71,24.87,36.95,456,605,507,384,2711
1779182908,2026-05-19 09:28:28,1,41.4,64.67,23.93,41.4,455,606,500,408,2712
1779183208,2026-05-19 09:33:28,1,41.5,65.51,24.41,38.86,454,612,503,392,2713
1779183508,2026-05-19 09:38:28,1,41.11,64.11,24.73,39.88,454,600,508,402,2714
1779183808,2026-05-19 09:43:28,1,41.05,64.4,24.32,37.63,455,601,500,385,2715
1779184108,2026-05-19 09:48:28,1,41.05,65.98,24.51,41.07,455,615,502,405,2716
1779184408,2026-05-19 09:53:28,1,41.1,64.29,24.78,42.87,454,600,506,416,2717
1779184708,2026-05-19 09:58:28,1,40.97,65.13,24.62,40.82,450,606,506,405,2718
1779185008,2026-05-19 10:03:28,1,41.08,65.0,24.06,40.98,454,606,500,407,2719
1779185308,2026-05-19 10:08:28,1,41.2,64.54,24.68,43.01,456,603,507,417,2720
1779185608,2026-05-19 10:13:28,1,41.36,65.29,24.54,45.46,453,607,505,431,2721
1779185908,2026-05-19 10:18:28,1,41.32,66.48,25.21,38.96,454,618,512,394,2722
1779186208,2026-05-19 10:23:28,1,41.25,65.58,25.11,40.32,455,612,511,397,2723
1779186508,2026-05-19 10:28:28,1,41.78,65.81,24.51,37.19,459,617,506,385,2724
1779186808,2026-05-19 10:33:28,1,41.45,66.24,24.11,41.64,455,617,502,409,2725
1779187108,2026-05-19 10:38:28,1,41.52,66.71,24.69,44.45,459,619,507,427,2726
1779187408,2026-05-19 10:43:28,1,41.2,65.5,24.72,39.11,452,611,509,394,2727
1779187708,2026-05-19 10:48:28,1,41.57,65.79,24.79,42.28,456,611,508,415,2728
1779188008,2026-05-19 10:53:28,1,41.49,66.6,24.16,41.12,455,618,502,407,2729
1779188308,2026-05-19 10:58:28,1,41.45,65.94,24.94,45.83,456,613,508,436,2730
1779188608,2026-05-19 11:03:28,1,40.92,66.96,24.95,42.33,456,623,510,413,2731
1779188908,2026-05-19 11:08:28,1,41.34,67.13,24.69,42.44,456,625,506,414,2732
1779189208,2026-05-19 11:13:28,1,42.24,67.02,25.17,41.61,458,624,511,410,2733
1779189508,2026-05-19 11:18:28,1,41.29,66.39,24.94,40.15,452,617,508,400,2734
1779189808,2026-05-19 11:23:28,1,41.38,66.71,25.27,42.3,454,621,511,414,2735
1779190108,2026-05-19 11:28:28,1,41.45,66.62,25.35,42.53,454,616,511,414,2736
1779190408,2026-05-19 11:33:28,1,41.28,66.82,25.52,45.3,457,620,515,429,2737
1779190708,2026-05-19 11:38:28,1,41.2,66.82,24.63,42.45,457,620,504,414,2738
1779191008,2026-05-19 11:43:28,1,41.87,67.36,24.67,42.08,462,626,509,412,2739
1779191308,2026-05-19 11:48:28,1,41.92,66.46,25.76,39.79,459,620,513,399,2740
1779191608,2026-05-19 11:53:28,1,41.51,67.6,25.87,42.14,456,624,515,411,2741
1779191908,2026-05-19 11:58:28,1,41.63,69.15,25.03,43.56,457,640,509,420,2742
1779192208,2026-05-19 12:03:28,1,41.49,67.77,25.39,43.36,456,629,513,419,2743
1779192508,2026-05-19 12:08:28,1,41.65,67.63,25.22,42.89,457,624,508,420,2744
1779192808,2026-05-19 12:13:28,1,41.23,68.39,25.17,42.02,456,632,512,411,2745
1779193108,2026-05-19 12:18:28,1,41.45,67.89,25.16,42.47,456,629,510,412,2746
1779193408,2026-05-19 12:23:28,1,41.36,67.97,24.91,39.96,456,630,509,400,2747
1779193708,2026-05-19 12:28:28,1,41.34,67.85,25.51,41.7,458,629,513,410,2748
1779194008,2026-05-19 12:33:28,1,41.53,68.06,24.68,40.22,456,629,507,400,2749
1779194308,2026-05-19 12:38:28,1,41.13,68.3,25.12,42.33,455,633,510,413,2750
1779194608,2026-05-19 12:43:28,1,41.68,68.73,25.49,38.8,457,631,515,391,2751
1779194908,2026-05-19 12:48:28,1,41.5,67.61,24.82,40.23,454,624,512,400,2752
1779195208,2026-05-19 12:53:28,1,41.77,68.83,24.61,42.31,460,635,507,414,2753
1779195508,2026-05-19 12:58:28,1,41.7,69.27,24.43,40.65,458,641,504,404,2754
1779195808,2026-05-19 13:03:28,1,41.25,68.7,24.49,41.26,451,632,504,407,2755
1779196108,2026-05-19 13:08:28,1,40.89,69.76,25.46,39.99,453,643,513,402,2756
1779196408,2026-05-19 13:13:28,1,40.76,69.25,25.16,40.34,454,639,511,402,2757
1779196708,2026-05-19 13:18:28,1,41.34,68.89,24.42,36.15,453,637,505,377,2758
1779197008,2026-05-19 13:23:28,1,41.37,68.8,24.48,39.26,454,635,507,396,2759
1779197308,2026-05-19 13:28:28,1,41.67,68.91,24.7,40.04,459,634,509,401,2760
1779197608,2026-05-19 13:33:28,1,41.14,68.27,24.25,37.77,452,635,501,387,2761
1779197908,2026-05-19 13:38:28,1,41.43,69.41,24.52,40.05,458,644,505,397,2762
1779198208,2026-05-19 13:43:28,1,40.88,69.25,24.64,38.04,454,639,508,388,2763
1779198508,2026-05-19 13:48:28,1,41.42,69.35,24.38,37.23,459,640,503,384,2764
1779198808,2026-05-19 13:53:28,1,41.57,69.57,24.6,37.81,457,642,508,386,2765
1779199108,2026-05-19 13:58:28,1,41.69,69.22,24.02,35.08,457,638,504,369,2766
1779199408,2026-05-19 14:03:28,1,41.49,69.73,23.99,36.77,457,643,502,377,2767
1779199708,2026-05-19 14:08:28,1,41.6,69.56,24.24,35.55,457,640,502,371,2768
1779200008,2026-05-19 14:13:28,1,41.27,68.8,24.08,36.85,458,635,501,380,2769
1779200308,2026-05-19 14:18:28,1,41.16,68.82,23.96,36.69,455,637,503,382,2770
1779200608,2026-05-19 14:23:28,1,41.17,68.94,23.74,34.65,454,638,502,368,2771
1779200908,2026-05-19 14:28:28,1,40.9,68.95,24.39,34.35,452,639,505,364,2772
1779201208,2026-05-19 14:33:28,1,41.18,69.77,23.95,32.64,454,645,500,356,2773
1779201508,2026-05-19 14:38:28,1,40.75,70.26,24.07,34.54,453,640,497,366,2774
1779201808,2026-05-19 14:43:28,1,40.97,69.46,24.12,35.13,452,641,503,373,2775
1779202108,2026-05-19 14:48:28,1,40.66,69.58,23.87,33.33,453,643,499,356,2776
1779202408,2026-05-19 14:53:28,1,41.19,68.91,24.05,33.28,454,637,501,360,2777
1779202708,2026-05-19 14:58:28,1,40.79,69.87,23.2,30.87,453,645,492,344,2778
1779203008,2026-05-19 15:03:28,1,41.24,68.33,23.27,31.71,454,630,496,349,2779
1779203308,2026-05-19 15:08:28,1,41.24,70.73,23.95,32.42,455,651,501,355,2780
1779203608,2026-05-19 15:13:28,1,41.07,68.99,22.99,30.73,454,636,493,345,2781
1779203908,2026-05-19 15:18:28,1,41.28,70.1,23.72,31.19,454,644,499,346,2782
1779204208,2026-05-19 15:23:28,1,41.06,68.39,22.55,32.93,457,632,489,358,2783
1779204508,2026-05-19 15:28:28,1,41.11,69.01,23.51,30.58,456,636,495,341,2784
1779204808,2026-05-19 15:33:28,1,40.98,69.31,23.47,30.55,451,641,499,346,2785
1779205108,2026-05-19 15:38:28,1,40.84,68.73,23.13,29.45,454,631,492,333,2786
1779205408,2026-05-19 15:43:28,1,40.76,69.01,22.84,27.89,451,639,490,327,2787
1779205708,2026-05-19 15:48:28,1,40.09,68.7,23.86,28.9,449,631,501,335,2788
1779206008,2026-05-19 15:53:28,1,40.88,69.38,22.36,28.23,453,640,489,328,2789
1779206308,2026-05-19 15:58:28,1,40.54,69.61,22.92,26.83,454,640,490,322,2790
1779206608,2026-05-19 16:03:28,1,41.01,69.15,23.03,27.75,452,637,495,330,2791
1779206908,2026-05-19 16:08:28,1,40.65,68.87,22.64,28.55,454,634,492,328,2792
1779207208,2026-05-19 16:13:28,1,40.42,68.49,23.0,27.53,451,633,494,322,2793
1779207508,2026-05-19 16:18:28,1,41.01,68.17,22.91,24.32,454,630,492,306,2794
1779207808,2026-05-19 16:23:28,1,40.87,69.66,22.69,26.2,454,638,489,315,2795
1779208108,2026-05-19 16:28:28,1,40.83,67.78,22.86,26.18,453,630,491,316,2796
1779208408,2026-05-19 16:33:28,1,40.19,67.4,22.4,26.24,451,622,488,317,2797
1779208708,2026-05-19 16:38:28,1,40.09,67.73,22.59,25.56,447,631,490,314,2798
1779209008,2026-05-19 16:43:28,1,40.84,67.27,21.97,22.79,451,625,484,294,2799
1779209308,2026-05-19 16:48:28,1,40.22,68.17,22.52,24.83,451,630,490,308,2800
1779209608,2026-05-19 16:53:28,1,40.26,67.84,21.59,25.17,448,626,483,308,2801
1779209908,2026-05-19 16:58:28,1,40.28,67.93,21.95,25.13,450,628,483,311,2802
1779210208,2026-05-19 17:03:28,1,40.65,67.88,22.43,22.0,454,631,488,292,2803
1779210508,2026-05-19 17:08:28,1,40.49,67.17,21.34,22.16,451,623,479,291,2804
1779210808,2026-05-19 17:13:28,1,40.42,66.88,21.7,20.16,449,620,483,282,2805
1779211108,2026-05-19 17:18:28,1,40.49,67.17,21.43,22.32,452,627,481,295,2806
1779211408,2026-05-19 17:23:28,1,40.09,67.54,21.04,21.9,448,625,479,292,2807
1779211708,2026-05-19 17:28:28,1,39.92,67.18,22.26,21.47,448,620,489,289,2808
1779212008,2026-05-19 17:33:28,1,40.12,67.52,21.74,22.84,449,624,483,297,2809
1779212308,2026-05-19 17:38:28,1,40.42,67.52,20.9,21.72,453,625,477,292,2810
1779212608,2026-05-19 17:43:28,1,39.98,66.44,21.41,22.1,448,618,483,291,2811
1779212908,2026-05-19 17:48:28,1,40.28,66.36,21.31,21.7,450,617,483,292,2812
1779213208,2026-05-19 17:53:28,1,40.21,65.98,21.1,18.0,449,611,478,267,2813
1779213508,2026-05-19 17:58:28,1,39.79,66.73,21.12,18.71,447,621,477,270,2814
1779213808,2026-05-19 18:03:28,1,39.8,66.84,20.93,21.35,445,619,478,287,2815
1779214108,2026-05-19 18:08:28,1,40.66,65.77,21.04,21.18,453,611,478,285,2816
1779214408,2026-05-19 18:13:28,1,39.85,66.08,20.97,18.87,450,616,474,271,2817
1779214708,2026-05-19 18:18:28,1,39.66,65.52,20.12,18.0,447,610,469,268,2818
1779215008,2026-05-19 18:23:28,1,39.72,65.97,20.8,20.7,447,614,475,282,2819
1779215308,2026-05-19 18:28:28,1,40.11,65.6,20.61,18.0,450,610,475,270,2820
1779215608,2026-05-19 18:33:28,1,39.91,66.56,20.24,18.85,452,620,469,276,2821
1779215908,2026-05-19 18:38:28,1,39.86,66.29,20.63,18.0,449,618,476,269,2822
1779216208,2026-05-19 18:43:28,1,39.76,65.03,20.36,20.57,445,607,470,282,2823
1779216508,2026-05-19 18:48:28,1,39.66,65.97,19.55,20.64,447,612,467,284,2824
1779216808,2026-05-19 18:53:28,1,39.94,64.99,20.4,21.9,447,607,472,294,2825
1779217108,2026-05-19 18:58:28,1,39.66,64.38,19.46,20.24,446,604,464,284,2826
1779217408,2026-05-19 19:03:28,1,39.7,65.15,19.99,20.88,445,608,469,284,2827
1779217708,2026-05-19 19:08:28,1,39.81,65.3,19.65,19.54,446,614,465,275,2828
1779218008,2026-05-19 19:13:28,1,39.88,64.86,19.5,19.49,449,606,465,277,2829
1779218308,2026-05-19 19:18:28,1,39.67,64.04,18.77,18.0,446,600,459,268,2830
1779218608,2026-05-19 19:23:28,1,39.46,64.13,19.96,18.0,443,597,472,268,2831
1779218908,2026-05-19 19:28:28,1,39.27,63.71,19.28,18.21,442,595,465,267,2832
1779219208,2026-05-19 19:33:28,1,39.87,65.11,19.81,18.0,448,609,468,268,2833
1779219508,2026-05-19 19:38:28,1,39.54,64.79,19.32,18.0,445,605,464,269,2834
1779219808,2026-05-19 19:43:28,1,39.47,64.78,19.61,18.0,446,605,470,265,2835
1779220108,2026-05-19 19:48:28,1,39.21,64.07,19.38,18.56,446,599,463,268,2836
1779220408,2026-05-19 19:53:28,1,39.39,64.61,18.75,18.0,447,605,460,265,2837
1779220708,2026-05-19 19:58:28,1,39.52,65.09,20.33,18.17,448,608,474,268,2838
1779221008,2026-05-19 20:03:28,1,39.71,64.17,19.22,20.51,445,600,461,285,2839
1779221308,2026-05-19 20:08:28,1,39.77,64.8,20.11,18.91,450,605,472,274,2840
1779221608,2026-05-19 20:13:28,1,39.75,64.44,19.06,19.16,447,603,463,276,2841
1779221908,2026-05-19 20:18:28,1,39.04,64.51,18.75,22.52,444,603,461,293,2842
1779222208,2026-05-19 20:23:28,1,39.14,65.05,18.63,18.0,444,608,457,270,2843
1779222508,2026-05-19 20:28:28,1,39.04,64.16,19.7,18.25,443,599,467,269,2844
1779222808,2026-05-19 20:33:28,1,39.89,64.02,19.4,19.57,449,603,464,278,2845
1779223108,2026-05-19 20:38:28,1,39.11,65.25,18.59,18.0,445,611,457,267,2846
1779223408,2026-05-19 20:43:28,1,39.13,64.27,18.61,19.59,444,599,454,281,2847
1779223708,2026-05-19 20:48:28,1,39.02,64.91,18.96,18.0,441,607,461,269,2848
1779224008,2026-05-19 20:53:28,1,39.04,64.74,18.89,20.08,441,603,461,280,2849
1779224308,2026-05-19 20:58:28,1,39.33,64.23,18.82,21.49,445,606,460,291,2850
1779224608,2026-05-19 21:03:28,1,38.83,65.36,18.79,18.32,441,609,460,270,2851
1779224908,2026-05-19 21:08:28,1,39.03,64.31,18.76,18.4,444,600,459,270,2852
1779225208,2026-05-19 21:13:28,1,38.74,63.88,19.07,21.89,439,597,464,293,2853
1779225508,2026-05-19 21:18:28,1,39.15,65.92,19.06,19.98,440,613,461,278,2854
1779225808,2026-05-19 21:23:28,1,39.3,64.99,18.8,18.52,443,605,460,270,2855
1779226108,2026-05-19 21:28:28,1,38.92,63.89,18.74,24.37,441,602,459,306,2856
1779226408,2026-05-19 21:33:28,1,38.95,64.88,19.28,20.85,442,606,461,284,2857
1779226708,2026-05-19 21:38:28,1,39.28,66.18,18.27,24.1,444,617,455,305,2858
1779227008,2026-05-19 21:43:28,1,39.08,65.22,18.41,21.12,444,610,458,284,2859
1779227308,2026-05-19 21:48:28,1,39.06,65.16,18.67,21.6,442,609,460,289,2860
1779227608,2026-05-19 21:53:28,1,39.23,65.28,18.17,24.26,444,611,455,303,2861
1779227908,2026-05-19 21:58:28,1,38.94,65.42,19.05,23.79,444,612,461,305,2862
1779228208,2026-05-19 22:03:28,1,38.81,65.64,17.92,22.57,440,610,449,294,2863
1779228508,2026-05-19 22:08:28,1,38.83,64.95,18.36,25.74,440,601,458,314,2864
1779228808,2026-05-19 22:13:28,1,38.92,65.39,18.33,23.11,443,610,456,300,2865
1779229108,2026-05-19 22:18:28,1,39.52,65.99,18.47,22.78,443,614,457,296,2866
1779229408,2026-05-19 22:23:28,1,39.16,65.32,19.14,24.51,445,613,462,308,2867
1779229708,2026-05-19 22:28:28,1,38.62,65.15,17.92,22.37,440,606,451,294,2868
1779230008,2026-05-19 22:33:28,1,39.0,63.97,17.82,23.69,441,597,454,301,2869
1779230308,2026-05-19 22:38:28,1,38.84,65.96,17.8,24.61,439,614,451,307,2870
1779230608,2026-05-19 22:43:28,1,39.03,65.48,18.04,25.72,441,611,452,314,2871
1779230908,2026-05-19 22:48:28,1,38.8,64.94,18.35,26.3,443,605,457,316,2872
1779231208,2026-05-19 22:53:28,1,38.43,66.81,18.1,27.24,439,622,452,324,2873
1779231508,2026-05-19 22:58:28,1,39.24,65.86,18.22,27.38,447,617,457,322,2874
1779231808,2026-05-19 23:03:28,1,38.53,66.91,17.92,28.03,440,621,454,323,2875
1779232108,2026-05-19 23:08:28,1,38.51,67.8,17.43,27.81,442,628,446,329,2876
1779232408,2026-05-19 23:13:28,1,38.61,65.99,18.4,29.12,439,616,457,334,2877
1779232708,2026-05-19 23:18:28,1,38.27,66.11,18.51,29.02,438,617,458,332,2878
1779233008,2026-05-19 23:23:28,1,39.06,67.32,18.72,29.7,440,625,461,338,2879
1779233308,2026-05-19 23:28:28,1,38.99,67.08,17.88,31.02,442,621,454,345,2880
1779233608,2026-05-19 23:33:28,1,38.77,67.26,17.8,29.67,439,619,450,339,2881
1779233908,2026-05-19 23:38:28,1,38.85,66.32,18.47,31.11,444,617,455,347,2882
1779234208,2026-05-19 23:43:28,1,38.97,67.62,18.56,27.84,443,626,459,329,2883
1779234508,2026-05-19 23:48:28,1,38.76,67.23,17.23,30.14,444,623,447,340,2884
1779234808,2026-05-19 23:53:28,1,38.96,67.33,17.11,29.82,442,623,448,337,2885
1779235108,2026-05-19 23:58:28,1,38.89,68.44,17.59,32.49,442,633,452,355,2886
1779235408,2026-05-20 00:03:28,1,39.09,68.24,18.02,31.59,443,631,453,350,2887
1779235708,2026-05-20 00:08:28,1,38.92,68.05,17.93,33.28,443,631,453,356,2888
1779236008,2026-05-20 00:13:28,1,38.75,67.91,17.59,33.52,440,630,451,359,2889
1779236308,2026-05-20 00:18:28,1,39.02,68.66,17.59,32.89,445,636,449,354,2890
1779236608,2026-05-20 00:23:28,1,38.84,68.16,18.44,34.65,443,629,460,368,2891
1779236908,2026-05-20 00:28:28,1,38.95,68.84,17.92,33.3,442,636,455,358,2892
1779237208,2026-05-20 00:33:28,1,38.65,67.9,17.61,33.72,439,629,449,363,2893
1779237508,2026-05-20 00:38:28,1,38.44,68.26,17.59,35.47,438,632,450,372,2894
1779237808,2026-05-20 00:43:28,1,38.72,68.1,18.27,35.56,443,632,458,371,2895
1779238108,2026-05-20 00:48:28,1,39.05,67.55,17.79,35.7,442,627,452,374,2896
1779238408,2026-05-20 00:53:28,1,38.63,68.82,17.64,36.08,441,641,448,377,2897
1779238708,2026-05-20 00:58:28,1,38.85,68.39,17.89,37.83,440,630,454,388,2898
1779239008,2026-05-20 01:03:28,1,39.18,69.67,18.56,38.32,444,639,458,389,2899
1779239308,2026-05-20 01:08:28,1,38.76,69.79,18.48,36.76,439,644,457,381,2900
1779239608,2026-05-20 01:13:28,1,38.79,69.57,17.5,35.94,443,643,450,376,2901
1779239908,2026-05-20 01:18:28,1,39.18,68.07,17.89,35.04,443,631,449,369,2902
1779240208,2026-05-20 01:23:28,1,38.88,69.74,18.77,39.08,441,646,461,395,2903
1779240508,2026-05-20 01:28:28,1,39.15,68.54,18.37,36.73,443,630,457,382,2904
1779240808,2026-05-20 01:33:28,1,39.05,70.1,18.58,38.22,441,645,461,387,2905
1779241108,2026-05-20 01:38:28,1,38.95,69.94,19.1,39.71,443,646,461,397,2906
1779241408,2026-05-20 01:43:28,1,39.16,69.6,17.78,39.89,442,639,450,399,2907
1779241708,2026-05-20 01:48:28,1,39.06,68.73,19.32,38.64,445,633,464,393,2908
1779242008,2026-05-20 01:53:28,1,39.42,69.91,18.8,41.65,447,642,461,409,2909
1779242308,2026-05-20 01:58:28,1,39.18,69.85,18.9,40.02,445,646,461,402,2910
1779242608,2026-05-20 02:03:28,1,39.79,69.0,18.87,40.08,446,639,460,401,2911
1779242908,2026-05-20 02:08:28,1,39.29,69.76,18.67,40.87,445,645,459,406,2912
1779243208,2026-05-20 02:13:28,1,39.05,71.12,19.15,43.71,443,654,462,421,2913
1779243508,2026-05-20 02:18:28,1,38.86,70.04,18.75,42.34,442,647,461,414,2914
1779243808,2026-05-20 02:23:28,1,38.76,69.22,19.04,41.43,441,637,466,408,2915
1779244108,2026-05-20 02:28:28,1,38.9,69.38,18.91,40.3,441,641,459,402,2916
1779244408,2026-05-20 02:33:28,1,39.11,70.13,19.11,40.21,443,647,463,399,2917
1779244708,2026-05-20 02:38:28,1,39.46,68.79,18.99,42.84,444,637,461,416,2918
1779245008,2026-05-20 02:43:28,1,39.46,69.69,18.95,39.95,445,642,465,401,2919
1779245308,2026-05-20 02:48:28,1,39.46,69.62,19.37,43.07,443,641,463,418,2920
1779245608,2026-05-20 02:53:28,1,39.13,68.69,18.46,40.9,442,633,455,403,2921
1779245908,2026-05-20 02:58:28,1,39.61,69.22,19.29,43.06,446,638,464,417,2922
1779246208,2026-05-20 03:03:28,1,39.59,70.51,19.48,41.42,447,649,467,408,2923
1779246508,2026-05-20 03:08:28,1,39.58,70.85,18.87,45.06,443,649,461,431,2924
1779246808,2026-05-20 03:13:28,1,39.28,68.77,19.69,42.35,448,632,466,414,2925
1779247108,2026-05-20 03:18:28,1,39.73,69.72,19.06,42.22,446,643,462,413,2926
1779247408,2026-05-20 03:23:28,1,39.45,69.53,20.15,43.39,443,642,470,418,2927
1779247708,2026-05-20 03:28:28,1,39.7,69.79,19.59,43.46,445,642,467,420,2928
1779248008,2026-05-20 03:33:28,1,39.88,69.64,19.43,41.08,447,643,465,407,2929
1779248308,2026-05-20 03:38:28,1,39.77,69.89,20.15,39.7,447,640,471,394,2930
1779248608,2026-05-20 03:43:28,1,39.42,70.02,19.38,41.17,445,644,466,409,2931
1779248908,2026-05-20 03:48:28,1,39.49,70.32,19.92,44.88,444,646,469,430,2932
1779249208,2026-05-20 03:53:28,1,39.7,69.31,20.3,40.48,447,642,474,403,2933
1779249508,2026-05-20 03:58:28,1,39.74,68.38,20.47,40.3,447,632,474,400,2934
1779249808,2026-05-20 04:03:28,1,39.53,69.06,19.99,40.59,446,635,469,402,2935
1779250108,2026-05-20 04:08:28,1,39.65,68.36,19.83,41.35,443,631,469,407,2936
1779250408,2026-05-20 04:13:28,1,39.72,67.99,19.81,42.26,444,627,470,412,2937
1779250708,2026-05-20 04:18:28,1,39.96,67.71,20.25,41.45,446,628,473,409,2938
1779251008,2026-05-20 04:23:28,1,40.4,68.31,20.41,42.07,451,633,471,413,2939
1779251308,2026-05-20 04:28:28,1,39.78,66.78,20.69,41.56,444,623,477,408,2940
1779251608,2026-05-20 04:33:28,1,39.96,67.38,19.9,41.22,448,624,468,408,2941
1779251908,2026-05-20 04:38:28,1,40.04,67.86,21.01,40.87,450,631,477,407,2942
1779252208,2026-05-20 04:43:28,1,40.03,67.7,21.02,41.53,451,628,481,409,2943
1779252508,2026-05-20 04:48:28,1,39.7,66.55,20.05,41.35,447,618,472,408,2944
1779252808,2026-05-20 04:53:28,1,40.09,67.59,21.4,40.51,449,627,478,404,2945
1779253108,2026-05-20 04:58:28,1,40.14,66.37,20.5,40.95,448,615,474,406,2946
1779253408,2026-05-20 05:03:28,1,40.41,67.88,21.56,41.27,448,627,484,408,2947
1779253708,2026-05-20 05:08:28,1,40.09,67.25,20.78,38.28,450,625,475,386,2948
1779254008,2026-05-20 05:13:28,1,40.15,67.21,21.35,40.15,448,623,481,398,2949
1779254308,2026-05-20 05:18:28,1,39.83,67.46,21.13,38.24,446,620,482,389,2950
1779254608,2026-05-20 05:23:28,1,40.6,67.62,21.58,36.93,451,625,480,379,2951
1779254908,2026-05-20 05:28:28,1,40.26,68.14,21.85,38.2,448,632,484,389,2952
1779255208,2026-05-20 05:33:28,1,40.12,66.99,21.97,37.81,450,620,486,384,2953
1779255508,2026-05-20 05:38:28,1,40.06,66.58,21.76,37.86,449,619,484,386,2954
1779255808,2026-05-20 05:43:28,1,39.84,68.25,21.47,37.64,448,632,480,386,2955
1779256108,2026-05-20 05:48:28,1,40.39,65.8,21.57,40.05,450,616,482,399,2956
1779256408,2026-05-20 05:53:28,1,40.25,67.06,21.68,38.56,452,625,483,392,2957
1779256708,2026-05-20 05:58:28,1,40.45,66.89,21.55,40.63,450,620,483,401,2958
1779257008,2026-05-20 06:03:28,1,40.27,65.8,21.63,37.62,448,614,486,384,2959
1779257308,2026-05-20 06:08:28,1,40.29,65.94,22.25,35.55,447,614,487,374,2960
1779257608,2026-05-20 06:13:28,1,40.48,65.97,21.53,36.06,451,618,482,375,2961
1779257908,2026-05-20 06:18:28,1,40.86,66.88,21.95,35.38,453,621,486,370,2962
1779258208,2026-05-20 06:23:28,1,40.32,67.28,22.3,34.5,448,625,486,366,2963
1779258508,2026-05-20 06:28:28,1,40.45,66.31,22.81,36.52,451,616,491,379,2964
1779258808,2026-05-20 06:33:28,1,40.63,66.17,21.34,33.79,454,614,482,362,2965
1779259108,2026-05-20 06:38:28,1,41.16,65.68,21.58,35.14,453,614,483,371,2966
1779259408,2026-05-20 06:43:28,1,40.51,64.92,22.69,35.43,451,605,489,374,2967
1779259708,2026-05-20 06:48:28,1,40.87,65.33,22.62,33.28,453,609,492,358,2968
1779260008,2026-05-20 06:53:28,1,40.63,65.29,22.87,31.51,451,607,492,348,2969
1779260308,2026-05-20 06:58:28,1,40.66,65.68,22.88,30.83,453,614,491,342,2970
1779260608,2026-05-20 07:03:28,1,40.71,64.79,22.99,32.63,454,606,493,357,2971
1779260908,2026-05-20 07:08:28,1,40.89,66.22,23.02,32.16,452,616,493,353,2972
1779261208,2026-05-20 07:13:28,1,41.16,65.74,23.02,29.1,455,611,493,335,2973
1779261508,2026-05-20 07:18:28,1,41.34,64.57,23.12,33.04,457,604,495,357,2974
1779261808,2026-05-20 07:23:28,1,40.7,64.31,22.73,32.83,453,600,489,355,2975
1779262108,2026-05-20 07:28:28,1,41.11,65.14,23.28,27.64,456,609,495,323,2976
1779262408,2026-05-20 07:33:28,1,41.04,63.37,23.49,30.39,453,596,496,342,2977
1779262708,2026-05-20 07:38:28,1,41.07,63.99,23.86,31.23,453,596,502,346,2978
1779263008,2026-05-20 07:43:28,1,41.05,65.07,23.34,28.32,457,607,497,329,2979
1779263308,2026-05-20 07:48:28,1,41.36,63.6,23.38,30.71,457,593,496,342,2980
1779263608,2026-05-20 07:53:28,1,41.29,65.02,22.65,31.51,457,607,490,349,2981
1779263908,2026-05-20 07:58:28,1,41.32,64.79,23.67,30.94,455,605,498,345,2982
1779264208,2026-05-20 08:03:28,1,40.98,64.64,24.32,26.83,455,604,505,324,2983
1779264508,2026-05-20 08:08:28,1,41.01,64.9,23.08,27.3,450,607,495,323,2984
1779264808,2026-05-20 08:13:28,1,40.98,64.14,23.93,27.22,453,603,501,324,2985
1779265108,2026-05-20 08:18:28,1,41.34,64.23,23.72,27.69,456,599,499,327,2986
1779265408,2026-05-20 08:23:28,1,41.52,64.0,23.67,28.07,458,599,499,328,2987
1779265708,2026-05-20 08:28:28,1,41.26,63.23,23.67,27.41,456,595,497,326,2988
1779266008,2026-05-20 08:33:28,1,40.73,64.32,23.88,24.18,451,605,500,306,2989
1779266308,2026-05-20 08:38:28,1,41.81,64.43,23.27,27.31,459,602,495,323,2990
1779266608,2026-05-20 08:43:28,1,41.67,64.27,23.32,25.37,456,599,499,312,2991
1779266908,2026-05-20 08:48:28,1,41.44,64.56,24.47,22.21,457,606,509,291,2992
1779267208,2026-05-20 08:53:28,1,41.24,65.25,24.37,22.48,457,610,502,295,2993
1779267508,2026-05-20 08:58:28,1,41.37,64.88,23.16,23.81,457,607,495,300,2994
1779267808,2026-05-20 09:03:28,1,41.65,66.33,23.94,22.74,460,616,500,295,2995
1779268108,2026-05-20 09:08:28,1,41.85,65.85,24.31,24.34,461,613,505,306,2996
1779268408,2026-05-20 09:13:28,1,40.87,65.04,24.48,21.83,454,608,504,291,2997
1779268708,2026-05-20 09:18:28,1,41.15,65.11,24.48,23.99,454,604,508,303,2998
1779269008,2026-05-20 09:23:28,1,41.4,65.28,24.46,22.88,458,609,504,297,2999
1779269308,2026-05-20 09:28:28,1,41.82,65.82,24.84,23.17,459,612,505,300,3000
1779269608,2026-05-20 09:33:28,1,42.2,64.42,24.88,19.96,458,603,510,276,3001
1779269908,2026-05-20 09:38:28,1,41.47,64.27,24.76,18.0,457,597,507,266,3002
1779270208,2026-05-20 09:43:28,1,41.76,65.04,24.93,18.22,458,604,509,269,3003
1779270508,2026-05-20 09:48:28,1,41.82,65.27,25.15,22.02,456,605,512,292,3004
1779270808,2026-05-20 09:53:28,1,41.42,65.05,24.62,20.87,458,609,506,283,3005
1779271108,2026-05-20 09:58:28,1,41.88,65.44,25.09,19.06,461,610,510,275,3006
1779271408,2026-05-20 10:03:28,1,41.56,65.03,24.78,20.13,456,607,509,280,3007
1779271708,2026-05-20 10:08:28,1,41.75,65.45,24.59,19.1,460,610,507,273,3008
1779272008,2026-05-20 10:13:28,1,41.58,66.11,24.72,20.87,458,613,507,285,3009
1779272308,2026-05-20 10:18:28,1,41.98,65.01,24.86,21.1,460,609,510,287,3010
1779272608,2026-05-20 10:23:28,1,41.95,64.3,24.43,20.03,458,600,505,282,3011
1779272908,2026-05-20 10:28:28,1,41.51,65.43,25.54,20.57,454,607,512,284,3012
1779273208,2026-05-20 10:33:28,1,41.38,65.96,25.48,18.0,457,616,512,266,3013
1779273508,2026-05-20 10:38:28,1,41.74,66.35,24.43,18.42,458,617,506,271,3014
1779273808,2026-05-20 10:43:28,1,41.83,66.8,24.83,19.46,457,624,508,278,3015
1779274108,2026-05-20 10:48:28,1,41.73,65.95,24.52,18.0,457,616,505,266,3016
1779274408,2026-05-20 10:53:28,1,42.14,66.49,24.87,18.0,461,620,511,267,3017
1779274708,2026-05-20 10:58:28,1,41.64,67.09,24.65,18.0,458,623,506,270,3018
1779275008,2026-05-20 11:03:28,1,41.52,65.95,25.18,18.0,458,614,512,267,3019
1779275308,2026-05-20 11:08:28,1,41.55,66.49,25.12,18.0,458,617,510,268,3020
1779275608,2026-05-20 11:13:28,1,41.38,67.13,25.07,20.37,455,621,509,282,3021
1779275908,2026-05-20 11:18:28,1,41.51,66.02,24.47,19.18,456,611,504,273,3022
1779276208,2026-05-20 11:23:28,1,41.6,67.58,24.07,18.0,456,625,503,266,3023
1779276508,2026-05-20 11:28:28,1,41.79,65.91,25.1,18.77,459,617,509,273,3024
1779276808,2026-05-20 11:33:28,1,41.89,66.43,25.06,18.0,459,618,508,267,3025
1779277108,2026-05-20 11:38:28,1,42.25,67.25,25.61,20.27,459,624,513,278,3026
1779277408,2026-05-20 11:43:28,1,41.76,66.89,25.08,18.89,456,625,507,273,3027
1779277708,2026-05-20 11:48:28,1,41.61,68.28,24.4,20.39,456,629,504,280,3028
1779278008,2026-05-20 11:53:28,1,41.37,67.79,24.95,18.0,455,630,509,265,3029
1779278308,2026-05-20 11:58:28,1,42.26,67.66,25.01,20.24,460,626,511,281,3030
1779278608,2026-05-20 12:03:28,1,41.31,68.58,24.47,21.03,455,635,506,285,3031
1779278908,2026-05-20 12:08:28,1,41.51,67.81,24.21,18.22,456,628,504,268,3032
1779279208,2026-05-20 12:13:28,1,41.61,67.74,25.09,18.0,458,628,510,269,3033
1779279508,2026-05-20 12:18:28,1,41.86,68.48,24.23,18.88,457,633,504,271,3034
1779279808,2026-05-20 12:23:28,1,41.41,68.08,24.91,19.26,457,631,510,275,3035
1779280108,2026-05-20 12:28:28,1,41.52,68.39,25.09,20.19,457,633,509,279,3036
1779280408,2026-05-20 12:33:28,1,41.29,68.34,24.47,19.13,456,629,505,278,3037
1779280708,2026-05-20 12:38:28,1,40.97,67.45,25.15,21.65,456,626,511,288,3038
1779281008,2026-05-20 12:43:28,1,41.29,68.89,25.21,19.67,455,638,512,278,3039
1779281308,2026-05-20 12:48:28,1,41.73,69.69,24.81,20.06,459,644,509,283,3040
1779281608,2026-05-20 12:53:28,1,41.45,68.81,24.99,19.83,456,635,510,279,3041
1779281908,2026-05-20 12:58:28,1,41.99,69.02,24.64,18.0,460,636,506,267,3042
1779282208,2026-05-20 13:03:28,1,41.32,69.06,24.18,20.0,458,639,504,284,3043
1779282508,2026-05-20 13:08:28,1,41.64,69.44,24.33,21.72,457,638,504,289,3044
1779282808,2026-05-20 13:13:28,1,41.39,68.69,25.06,23.44,457,637,509,299,3045
1779283108,2026-05-20 13:18:28,1,41.36,68.28,24.54,21.52,454,631,506,289,3046
1779283408,2026-05-20 13:23:28,1,41.49,69.0,24.4,21.4,456,635,506,287,3047
1779283708,2026-05-20 13:28:28,1,41.59,68.52,24.45,21.67,459,635,503,290,3048
1779284008,2026-05-20 13:33:28,1,41.13,68.36,24.36,23.08,454,632,506,297,3049
1779284308,2026-05-20 13:38:28,1,41.58,69.97,24.32,22.43,458,640,503,294,3050
1779284608,2026-05-20 13:43:28,1,41.26,69.65,24.39,23.97,458,640,505,305,3051
1779284908,2026-05-20 13:48:28,1,41.34,69.93,25.1,21.86,453,648,513,291,3052
1779285208,2026-05-20 13:53:28,1,41.35,70.56,24.32,20.04,456,651,505,279,3053
1779285508,2026-05-20 13:58:28,1,41.44,69.34,24.3,21.38,458,639,507,288,3054
1779285808,2026-05-20 14:03:28,1,41.51,69.61,23.9,19.79,457,642,502,278,3055
1779286108,2026-05-20 14:08:28,1,41.14,69.2,24.13,26.89,453,635,503,320,3056
1779286408,2026-05-20 14:13:28,1,41.27,69.97,23.88,22.27,457,642,501,291,3057
1779286708,2026-05-20 14:18:28,1,41.72,70.55,23.9,24.25,460,649,499,303,3058
1779287008,2026-05-20 14:23:28,1,41.35,70.46,24.11,24.61,456,649,504,306,3059
1779287308,2026-05-20 14:28:28,1,41.24,69.89,23.55,25.7,454,646,499,314,3060
1779287608,2026-05-20 14:33:28,1,41.35,69.16,24.88,26.28,456,636,506,318,3061
1779287908,2026-05-20 14:38:28,1,40.91,71.3,23.6,24.35,454,656,495,307,3062
1779288208,2026-05-20 14:43:28,1,41.09,69.62,24.31,26.26,454,644,505,317,3063
1779288508,2026-05-20 14:48:28,1,41.19,70.1,24.46,26.56,454,647,506,320,3064
1779288808,2026-05-20 14:53:28,1,40.96,69.65,23.86,28.25,453,642,499,330,3065
1779289108,2026-05-20 14:58:28,1,40.75,69.81,24.18,26.47,450,644,503,319,3066
1779289408,2026-05-20 15:03:28,1,41.12,69.71,24.13,26.95,455,643,502,321,3067
1779289708,2026-05-20 15:08:28,1,40.71,69.49,23.4,25.55,452,641,499,315,3068
1779290008,2026-05-20 15:13:28,1,40.73,69.41,23.39,27.94,453,639,496,329,3069
1779290308,2026-05-20 15:18:28,1,40.94,69.36,23.44,28.14,451,638,497,327,3070
1779290608,2026-05-20 15:23:28,1,40.99,70.38,23.49,28.6,455,643,496,331,3071
1779290908,2026-05-20 15:28:28,1,41.15,69.12,23.52,27.86,453,639,497,329,3072
1779291208,2026-05-20 15:33:28,1,40.85,70.1,23.75,30.33,452,646,502,341,3073
1779291508,2026-05-20 15:38:28,1,40.92,69.97,22.79,28.47,451,646,492,331,3074
1779291808,2026-05-20 15:43:28,1,40.33,68.63,22.91,29.02,450,635,495,334,3075
1779292108,2026-05-20 15:48:28,1,40.83,69.63,23.42,29.69,452,641,498,336,3076
1779292408,2026-05-20 15:53:28,1,40.51,68.28,22.97,28.54,451,632,496,330,3077
1779292708,2026-05-20 15:58:28,1,40.29,69.19,22.51,29.24,451,639,487,337,3078
1779293008,2026-05-20 16:03:28,1,40.79,68.97,22.9,30.37,452,634,496,343,3079
1779293308,2026-05-20 16:08:28,1,40.84,68.72,22.48,33.83,453,634,491,361,3080
1779293608,2026-05-20 16:13:28,1,40.75,68.1,22.59,35.42,450,630,488,373,3081
1779293908,2026-05-20 16:18:28,1,40.06,68.64,23.17,32.21,452,633,496,352,3082
1779294208,2026-05-20 16:23:28,1,40.39,68.79,23.23,33.56,449,636,492,360,3083
1779294508,2026-05-20 16:28:28,1,40.76,67.34,22.6,33.71,451,624,489,361,3084
1779294808,2026-05-20 16:33:28,1,40.37,68.35,22.64,36.21,450,629,494,378,3085
1779295108,2026-05-20 16:38:28,1,40.23,68.53,22.22,30.52,447,635,485,342,3086
1779295408,2026-05-20 16:43:28,1,40.03,68.07,22.7,34.29,448,633,490,365,3087
1779295708,2026-05-20 16:48:28,1,40.56,66.97,22.01,33.81,452,620,485,362,3088
1779296008,2026-05-20 16:53:28,1,40.5,68.2,22.27,33.64,450,630,488,364,3089
1779296308,2026-05-20 16:58:28,1,39.84,67.47,22.39,35.07,448,626,488,371,3090
1779296608,2026-05-20 17:03:28,1,40.12,68.66,21.55,34.91,449,634,480,369,3091
1779296908,2026-05-20 17:08:28,1,40.27,68.78,22.43,36.88,450,635,490,378,3092
1779297208,2026-05-20 17:13:28,1,40.31,66.96,21.68,38.27,451,620,483,389,3093
1779297508,2026-05-20 17:18:28,1,40.08,67.51,21.73,40.49,447,627,483,402,3094
1779297808,2026-05-20 17:23:28,1,40.16,67.34,21.36,38.59,449,625,484,391,3095
1779298108,2026-05-20 17:28:28,1,39.86,67.62,21.67,39.81,451,624,482,400,3096
1779298408,2026-05-20 17:33:28,1,40.2,66.46,20.6,40.71,447,620,475,404,3097
1779298708,2026-05-20 17:38:28,1,39.95,69.61,21.39,37.74,446,640,479,386,3098
1779299008,2026-05-20 17:43:28,1,40.27,66.88,21.91,38.86,450,622,485,392,3099
1779299308,2026-05-20 17:48:28,1,39.83,66.7,20.61,36.86,445,620,474,380,3100
1779299608,2026-05-20 17:53:28,1,40.02,66.07,21.5,40.0,449,614,479,403,3101
1779299908,2026-05-20 17:58:28,1,39.6,67.15,21.21,39.26,444,623,479,394,3102
1779300208,2026-05-20 18:03:28,1,39.88,65.94,21.35,40.29,448,612,482,403,3103
1779300508,2026-05-20 18:08:28,1,39.73,65.32,20.68,42.25,449,612,474,412,3104
1779300808,2026-05-20 18:13:28,1,39.78,65.8,20.99,37.89,445,612,477,389,3105
1779301108,2026-05-20 18:18:28,1,39.73,65.71,20.93,39.59,448,613,476,393,3106
1779301408,2026-05-20 18:23:28,1,39.37,66.36,20.09,40.69,443,617,473,404,3107
1779301708,2026-05-20 18:28:28,1,39.84,66.81,20.85,40.25,449,620,476,403,3108
1779302008,2026-05-20 18:33:28,1,39.63,66.23,20.78,41.23,446,616,476,405,3109
1779302308,2026-05-20 18:38:28,1,39.31,65.29,20.88,42.19,444,610,476,414,3110
1779302608,2026-05-20 18:43:28,1,39.67,63.95,21.03,42.05,446,601,478,411,3111
1779302908,2026-05-20 18:48:28,1,39.83,66.13,20.74,40.92,446,617,472,407,3112
1779303208,2026-05-20 18:53:28,1,39.4,64.28,20.59,41.9,443,598,474,412,3113
1779303508,2026-05-20 18:58:28,1,39.72,65.69,20.42,42.6,447,614,470,415,3114
1779303808,2026-05-20 19:03:28,1,39.41,65.63,20.43,40.34,445,614,473,402,3115
1779304108,2026-05-20 19:08:28,1,39.78,64.59,20.08,39.65,446,603,469,397,3116
1779304408,2026-05-20 19:13:28,1,38.92,66.72,19.25,40.4,444,619,465,403,3117
1779304708,2026-05-20 19:18:28,1,39.43,65.13,19.86,41.64,447,609,469,411,3118
1779305008,2026-05-20 19:23:28,1,39.57,63.55,20.17,42.12,446,597,470,412,3119
1779305308,2026-05-20 19:28:28,1,39.09,67.16,20.07,40.93,444,624,470,407,3120
1779305608,2026-05-20 19:33:28,1,39.19,64.45,19.52,40.36,443,601,465,403,3121
1779305908,2026-05-20 19:38:28,1,39.32,65.58,19.72,41.42,442,607,466,408,3122
1779306208,2026-05-20 19:43:28,1,39.06,65.77,19.45,39.87,443,611,465,397,3123
1779306508,2026-05-20 19:48:28,1,39.05,63.62,18.99,42.72,445,595,460,417,3124
1779306808,2026-05-20 19:53:28,1,39.03,64.4,19.24,45.31,443,602,462,432,3125
1779307108,2026-05-20 19:58:28,1,38.87,64.87,20.16,41.31,441,610,472,405,3126
1779307408,2026-05-20 20:03:28,1,38.94,65.27,18.91,41.19,441,610,461,408,3127
1779307708,2026-05-20 20:08:28,1,39.19,63.78,19.24,42.41,445,595,460,417,3128
1779308008,2026-05-20 20:13:28,1,39.08,65.15,18.98,41.28,443,606,465,408,3129
1779308308,2026-05-20 20:18:28,1,39.06,65.37,19.59,41.11,440,609,466,405,3130
1779308608,2026-05-20 20:23:28,1,38.4,65.23,19.67,41.21,439,611,467,405,3131
1779308908,2026-05-20 20:28:28,1,38.88,64.71,19.59,44.11,440,602,466,424,3132
1779309208,2026-05-20 20:33:28,1,38.83,64.86,18.48,43.13,440,607,457,420,3133
1779309508,2026-05-20 20:38:28,1,38.58,64.48,18.38,38.7,440,602,457,393,3134
1779309808,2026-05-20 20:43:28,1,38.28,63.87,18.56,40.37,439,598,458,405,3135
1779310108,2026-05-20 20:48:28,1,38.88,64.66,19.03,41.19,442,605,462,404,3136
1779310408,2026-05-20 20:53:28,1,39.35,64.56,18.66,38.97,444,604,459,396,3137
1779310708,2026-05-20 20:58:28,1,38.42,63.66,18.9,41.28,439,599,461,408,3138
1779311008,2026-05-20 21:03:28,1,38.86,66.43,18.97,38.84,442,620,462,391,3139
1779311308,2026-05-20 21:08:28,1,38.8,65.08,17.8,37.54,440,608,455,386,3140
1779311608,2026-05-20 21:13:28,1,37.92,63.77,18.23,40.77,437,596,453,406,3141
1779311908,2026-05-20 21:18:28,1,37.71,64.48,18.77,37.2,433,601,460,383,3142
1779312208,2026-05-20 21:23:28,1,38.53,65.23,18.28,38.67,440,609,457,390,3143
1779312508,2026-05-20 21:28:28,1,38.6,65.08,18.76,38.42,439,612,460,389,3144
1779312808,2026-05-20 21:33:28,1,38.39,64.23,18.18,37.39,440,602,461,385,3145
1779313108,2026-05-20 21:38:28,1,38.21,65.0,18.15,38.07,436,604,454,388,3146
1779313408,2026-05-20 21:43:28,1,38.41,64.31,18.74,38.1,439,601,459,390,3147
1779313708,2026-05-20 21:48:28,1,38.53,64.72,18.14,39.9,438,603,452,396,3148
1779314008,2026-05-20 21:53:28,1,38.74,64.84,18.77,37.48,443,605,462,382,3149
1779314308,2026-05-20 21:58:28,1,38.56,65.74,18.09,36.78,441,609,454,380,3150
1779314608,2026-05-20 22:03:28,1,38.31,64.71,17.77,34.88,438,603,454,370,3151
1779314908,2026-05-20 22:08:28,1,38.48,65.02,18.02,35.31,440,610,453,374,3152
1779315208,2026-05-20 22:13:28,1,38.52,64.95,18.42,34.49,439,609,456,366,3153
1779315508,2026-05-20 22:18:28,1,38.31,65.1,17.76,35.76,438,610,453,374,3154
1779315808,2026-05-20 22:23:28,1,38.69,65.92,17.49,36.83,441,618,449,380,3155
1779316108,2026-05-20 22:28:28,1,38.48,64.97,18.37,34.2,442,606,455,365,3156
1779316408,2026-05-20 22:33:28,1,38.24,64.75,18.88,30.86,439,602,461,345,3157
1779316708,2026-05-20 22:38:28,1,38.54,66.8,18.47,33.39,439,621,456,360,3158
1779317008,2026-05-20 22:43:28,1,38.15,65.73,18.49,34.27,437,611,458,368,3159
1779317308,2026-05-20 22:48:28,1,37.99,65.54,17.61,33.08,435,613,450,360,3160
1779317608,2026-05-20 22:53:28,1,38.27,65.63,18.44,31.83,437,610,458,348,3161
1779317908,2026-05-20 22:58:28,1,38.27,67.46,17.19,31.73,440,626,446,354,3162
1779318208,2026-05-20 23:03:28,1,38.14,65.6,18.15,32.74,438,609,454,355,3163
1779318508,2026-05-20 23:08:28,1,38.29,67.79,18.31,31.85,437,626,453,350,3164
1779318808,2026-05-20 23:13:28,1,38.21,66.46,17.9,32.46,438,618,454,355,3165
1779319108,2026-05-20 23:18:28,1,37.8,66.37,18.36,30.28,436,617,456,339,3166
1779319408,2026-05-20 23:23:28,1,38.23,66.52,17.69,29.7,438,619,452,336,3167
1779319708,2026-05-20 23:28:28,1,37.85,66.34,17.83,31.3,438,620,451,347,3168
1779320008,2026-05-20 23:33:28,1,38.53,66.93,17.82,31.62,439,621,453,350,3169
1779320308,2026-05-20 23:38:28,1,38.14,66.62,17.8,28.83,438,616,454,329,3170
1779320608,2026-05-20 23:43:28,1,38.11,68.04,18.21,28.81,437,631,453,332,3171
1779320908,2026-05-20 23:48:28,1,38.04,67.16,18.09,30.15,438,620,455,342,3172
1779321208,2026-05-20 23:53:28,1,37.89,66.63,18.42,27.73,434,618,457,329,3173
1779321508,2026-05-20 23:58:28,1,37.72,67.46,17.85,26.47,435,628,451,316,3174
1779321808,2026-05-21 00:03:28,1,38.16,68.21,18.35,27.11,438,629,453,324,3175
1779322108,2026-05-21 00:08:28,1,37.79,67.79,18.19,24.87,436,628,455,309,3176
1779322408,2026-05-21 00:13:28,1,37.91,67.54,18.2,27.1,438,627,454,320,3177
1779322708,2026-05-21 00:18:28,1,38.42,68.07,17.69,25.24,439,631,452,312,3178
1779323008,2026-05-21 00:23:28,1,38.32,68.27,18.23,25.33,438,633,453,314,3179
1779323308,2026-05-21 00:28:28,1,38.36,68.71,18.76,26.3,437,633,462,315,3180
1779323608,2026-05-21 00:33:28,1,37.66,68.28,17.92,26.65,436,633,455,317,3181
1779323908,2026-05-21 00:38:28,1,38.1,67.99,17.56,25.07,438,629,448,307,3182
1779324208,2026-05-21 00:43:28,1,38.1,69.45,17.81,25.18,437,640,453,311,3183
1779324508,2026-05-21 00:48:28,1,37.94,68.69,17.9,23.36,437,635,453,301,3184
1779324808,2026-05-21 00:53:28,1,37.79,68.04,18.04,23.24,438,630,453,298,3185
1779325108,2026-05-21 00:58:28,1,38.03,69.16,17.75,23.91,438,639,451,302,3186
1779325408,2026-05-21 01:03:28,1,38.05,69.52,18.17,22.73,437,641,456,293,3187
1779325708,2026-05-21 01:08:28,1,37.99,68.99,17.87,24.27,440,639,454,307,3188
1779326008,2026-05-21 01:13:28,1,37.74,68.13,18.34,23.02,436,630,455,297,3189
1779326308,2026-05-21 01:18:28,1,38.46,69.13,18.36,21.67,437,639,458,289,3190
1779326608,2026-05-21 01:23:28,1,37.88,70.53,18.86,23.11,439,649,461,299,3191
1779326908,2026-05-21 01:28:28,1,38.35,69.5,18.13,19.79,438,638,457,278,3192
1779327208,2026-05-21 01:33:28,1,38.44,69.94,18.85,21.05,441,646,461,285,3193
1779327508,2026-05-21 01:38:28,1,38.16,69.22,18.11,20.89,438,638,454,284,3194
1779327808,2026-05-21 01:43:28,1,38.14,69.21,18.94,21.2,438,635,462,287,3195
1779328108,2026-05-21 01:48:28,1,38.08,70.22,18.77,21.64,438,650,458,290,3196
1779328408,2026-05-21 01:53:28,1,38.2,70.49,18.97,20.58,439,648,460,282,3197
1779328708,2026-05-21 01:58:28,1,37.75,69.19,18.53,19.33,434,640,460,274,3198
1779329008,2026-05-21 02:03:28,1,38.48,69.23,18.76,19.18,438,641,459,277,3199
1779329308,2026-05-21 02:08:28,1,38.17,69.9,18.61,18.56,434,644,457,270,3200
1779329608,2026-05-21 02:13:28,1,38.58,69.46,17.92,18.25,440,640,453,267,3201
1779329908,2026-05-21 02:18:28,1,38.22,69.84,18.33,19.92,441,643,458,281,3202
1779330208,2026-05-21 02:23:28,1,38.3,70.47,19.2,18.01,441,647,462,269,3203
1779330508,2026-05-21 02:28:28,1,38.66,69.8,18.51,19.41,439,644,458,277,3204
1779330808,2026-05-21 02:33:28,1,38.15,69.21,19.07,20.22,434,637,463,279,3205
1779331108,2026-05-21 02:38:28,1,38.73,70.36,19.13,20.1,440,649,462,281,3206
1779331408,2026-05-21 02:43:28,1,38.4,70.45,18.91,20.75,438,647,461,285,3207
1779331708,2026-05-21 02:48:28,1,38.87,68.98,18.88,18.0,439,635,460,265,3208
1779332008,2026-05-21 02:53:28,1,38.43,69.01,19.06,18.47,439,640,464,272,3209
1779332308,2026-05-21 02:58:28,1,38.69,69.64,19.88,18.51,442,644,470,270,3210
1779332608,2026-05-21 03:03:28,1,38.65,69.46,19.26,20.01,439,643,464,279,3211
1779332908,2026-05-21 03:08:28,1,38.31,68.88,19.05,18.49,438,636,464,269,3212
1779333208,2026-05-21 03:13:28,1,38.48,69.63,18.92,19.15,439,642,459,274,3213
1779333508,2026-05-21 03:18:28,1,38.5,68.71,19.69,18.0,436,633,466,269,3214
1779333808,2026-05-21 03:23:28,1,38.99,69.77,19.65,19.34,442,644,466,276,3215
1779334108,2026-05-21 03:28:28,1,38.98,70.02,18.91,18.0,443,644,462,268,3216
1779334408,2026-05-21 03:33:28,1,38.48,69.82,19.27,19.91,441,645,463,282,3217
1779334708,2026-05-21 03:38:28,1,38.38,69.64,20.01,18.0,440,642,466,267,3218
1779335008,2026-05-21 03:43:28,1,38.89,69.33,20.29,19.03,442,638,471,273,3219
1779335308,2026-05-21 03:48:28,1,38.61,68.93,19.89,18.55,441,638,469,270,3220
1779335608,2026-05-21 03:53:28,1,38.45,69.99,19.38,18.68,437,644,464,270,3221
1779335908,2026-05-21 03:58:28,1,38.63,69.31,19.84,18.0,443,640,470,266,3222
1779336208,2026-05-21 04:03:28,1,39.14,68.88,20.11,19.53,445,637,471,275,3223
1779336508,2026-05-21 04:08:28,1,38.73,67.91,19.88,18.34,440,629,468,270,3224
1779336808,2026-05-21 04:13:28,1,38.86,68.47,20.87,18.0,440,633,476,270,3225
1779337108,2026-05-21 04:18:28,1,38.83,69.65,20.07,18.53,442,640,467,273,3226
1779337408,2026-05-21 04:23:28,1,39.18,67.64,19.92,18.0,444,625,468,265,3227
1779337708,2026-05-21 04:28:28,1,39.06,67.09,20.39,18.0,441,622,473,267,3228
1779338008,2026-05-21 04:33:28,1,39.17,68.73,21.38,19.09,444,641,482,274,3229
1779338308,2026-05-21 04:38:28,1,39.18,67.92,21.15,19.72,447,627,481,279,3230
1779338608,2026-05-21 04:43:28,1,38.84,67.67,20.31,19.14,444,623,473,272,3231
1779338908,2026-05-21 04:48:28,1,39.25,67.59,20.63,18.0,446,628,476,268,3232
1779339208,2026-05-21 04:53:28,1,38.91,66.43,21.54,21.2,443,618,480,286,3233
1779339508,2026-05-21 04:58:28,1,39.16,67.67,20.63,20.17,444,628,473,279,3234
1779339808,2026-05-21 05:03:28,1,39.45,67.93,21.02,20.19,444,629,478,278,3235
1779340108,2026-05-21 05:08:28,1,39.26,67.82,21.28,20.61,444,629,482,278,3236
1779340408,2026-05-21 05:13:28,1,39.41,67.41,21.79,19.68,445,624,486,278,3237
1779340708,2026-05-21 05:18:28,1,38.99,67.45,21.3,19.63,443,628,477,277,3238
1779341008,2026-05-21 05:23:28,1,39.07,68.29,21.31,18.33,441,630,483,269,3239
1779341308,2026-05-21 05:28:28,1,39.29,66.75,21.7,20.77,441,623,484,285,3240
1779341608,2026-05-21 05:33:28,1,39.32,67.31,21.23,22.87,444,620,479,298,3241
1779341908,2026-05-21 05:38:28,1,39.57,66.07,21.29,22.56,445,611,480,295,3242
1779342208,2026-05-21 05:43:28,1,39.43,66.89,22.15,18.92,444,622,488,273,3243
1779342508,2026-05-21 05:48:28,1,39.43,65.9,21.48,23.52,446,612,480,297,3244
1779342808,2026-05-21 05:53:28,1,39.61,66.04,21.53,21.81,448,612,483,288,3245
1779343108,2026-05-21 05:58:28,1,39.97,66.84,22.18,21.2,445,623,487,286,3246
1779343408,2026-05-21 06:03:28,1,39.12,65.24,22.18,24.42,443,611,489,308,3247
1779343708,2026-05-21 06:08:28,1,39.27,66.24,21.85,26.05,444,617,483,314,3248
1779344008,2026-05-21 06:13:28,1,39.5,66.26,23.05,24.43,446,619,495,306,3249
1779344308,2026-05-21 06:18:28,1,39.21,65.93,21.82,26.15,443,616,483,316,3250
1779344608,2026-05-21 06:23:28,1,39.56,65.85,22.31,28.04,448,613,487,327,3251
1779344908,2026-05-21 06:28:28,1,39.2,65.34,22.44,27.63,443,609,485,324,3252
1779345208,2026-05-21 06:33:28,1,39.58,64.84,22.5,27.03,447,606,489,325,3253
1779345508,2026-05-21 06:38:28,1,39.1,65.19,22.76,27.15,442,606,493,323,3254
1779345808,2026-05-21 06:43:28,1,39.73,65.81,22.25,25.01,447,613,486,311,3255
1779346108,2026-05-21 06:48:28,1,39.51,65.37,23.43,26.68,447,610,498,320,3256
1779346408,2026-05-21 06:53:28,1,39.79,64.43,22.68,26.46,446,606,490,317,3257
1779346708,2026-05-21 06:58:28,1,39.46,65.98,23.1,25.61,445,609,492,313,3258
1779347008,2026-05-21 07:03:28,1,39.39,65.85,22.49,26.18,443,617,488,316,3259
1779347308,2026-05-21 07:08:28,1,39.82,65.36,23.45,27.54,445,612,498,326,3260
1779347608,2026-05-21 07:13:28,1,39.78,65.47,22.15,29.31,446,612,488,333,3261
1779347908,2026-05-21 07:18:28,1,39.75,64.73,22.86,28.2,444,605,493,328,3262
1779348208,2026-05-21 07:23:28,1,39.57,66.03,22.81,28.58,448,609,491,335,3263
1779348508,2026-05-21 07:28:28,1,39.96,65.67,23.0,29.75,449,612,492,338,3264
1779348808,2026-05-21 07:33:28,1,39.95,64.34,23.33,32.29,447,603,494,353,3265
1779349108,2026-05-21 07:38:28,1,39.91,64.25,22.48,33.85,447,602,489,362,3266
1779349408,2026-05-21 07:43:28,1,39.83,63.65,23.69,32.03,448,597,498,354,3267
1779349708,2026-05-21 07:48:28,1,40.04,64.53,23.99,31.29,446,606,501,345,3268
1779350008,2026-05-21 07:53:28,1,39.81,65.57,23.66,30.12,445,613,500,338,3269
1779350308,2026-05-21 07:58:28,1,39.84,65.39,24.54,30.68,444,608,507,345,3270
1779350608,2026-05-21 08:03:28,1,39.64,65.34,23.85,33.23,448,607,499,359,3271
1779350908,2026-05-21 08:08:28,1,40.55,65.28,23.9,32.33,450,608,500,352,3272
1779351208,2026-05-21 08:13:28,1,39.59,64.46,23.18,32.38,446,602,494,354,3273
1779351508,2026-05-21 08:18:28,1,39.89,65.3,23.58,33.13,449,611,500,362,3274
1779351808,2026-05-21 08:23:28,1,40.11,64.35,23.92,34.43,449,600,500,367,3275
1779352108,2026-05-21 08:28:28,1,40.11,64.48,23.7,34.07,447,605,497,362,3276
1779352408,2026-05-21 08:33:28,1,40.33,64.05,24.57,34.59,450,599,506,369,3277
1779352708,2026-05-21 08:38:28,1,40.33,64.68,23.99,35.65,448,606,503,372,3278
1779353008,2026-05-21 08:43:28,1,40.29,65.21,24.98,35.25,453,610,510,372,3279
1779353308,2026-05-21 08:48:28,1,40.27,64.29,23.53,35.15,450,601,499,370,3280
1779353608,2026-05-21 08:53:28,1,39.85,64.93,23.73,38.14,445,611,497,389,3281
1779353908,2026-05-21 08:58:28,1,39.92,65.03,24.27,34.79,449,609,504,365,3282
1779354208,2026-05-21 09:03:28,1,39.99,65.4,23.99,38.18,450,612,500,386,3283
1779354508,2026-05-21 09:08:28,1,39.86,64.5,23.81,38.25,448,602,499,389,3284
1779354808,2026-05-21 09:13:28,1,40.11,64.42,24.54,37.17,449,603,508,384,3285
1779355108,2026-05-21 09:18:28,1,40.34,65.12,23.58,37.62,451,608,497,384,3286
1779355408,2026-05-21 09:23:28,1,40.3,63.79,24.56,40.62,449,599,506,404,3287
1779355708,2026-05-21 09:28:28,1,39.97,64.9,23.97,39.75,449,609,501,399,3288
1779356008,2026-05-21 09:33:28,1,40.63,64.64,24.75,37.77,449,601,506,389,3289
1779356308,2026-05-21 09:38:28,1,40.32,64.92,24.26,39.95,452,604,502,401,3290
1779356608,2026-05-21 09:43:28,1,40.18,64.68,24.06,39.98,446,605,506,401,3291
1779356908,2026-05-21 09:48:28,1,40.83,64.49,24.82,39.86,455,601,508,397,3292
1779357208,2026-05-21 09:53:28,1,40.4,65.28,24.65,42.48,451,611,509,415,3293
1779357508,2026-05-21 09:58:28,1,39.94,65.21,24.89,38.57,447,612,508,390,3294
1779357808,2026-05-21 10:03:28,1,39.96,65.54,24.75,41.21,447,609,508,405,3295
1779358108,2026-05-21 10:08:28,1,40.38,64.67,24.62,37.41,449,603,507,382,3296
1779358408,2026-05-21 10:13:28,1,40.74,65.82,25.49,41.25,455,611,514,408,3297
1779358708,2026-05-21 10:18:28,1,40.06,66.5,24.6,44.33,447,622,506,428,3298
1779359008,2026-05-21 10:23:28,1,40.39,65.36,24.58,41.71,450,608,507,408,3299
1779359308,2026-05-21 10:28:28,1,40.34,66.11,24.67,41.61,449,614,506,409,3300
1779359608,2026-05-21 10:33:28,1,40.3,66.11,24.42,41.32,447,614,506,406,3301
1779359908,2026-05-21 10:38:28,1,40.52,66.33,25.53,37.66,451,615,513,386,3302
1779360208,2026-05-21 10:43:28,1,40.29,66.09,25.69,43.57,448,616,516,422,3303
1779360508,2026-05-21 10:48:28,1,40.35,66.83,24.3,42.89,452,615,504,417,3304
1779360808,2026-05-21 10:53:28,1,40.41,65.94,24.72,39.76,450,614,509,402,3305
1779361108,2026-05-21 10:58:28,1,40.13,65.82,25.51,40.25,450,614,515,402,3306
1779361408,2026-05-21 11:03:28,1,40.61,65.82,24.98,43.93,452,615,510,424,3307
1779361708,2026-05-21 11:08:28,1,39.91,65.57,24.72,41.17,450,612,506,404,3308
1779362008,2026-05-21 11:13:28,1,40.12,67.24,24.28,41.28,447,622,504,410,3309
1779362308,2026-05-21 11:18:28,1,40.59,67.0,24.76,44.64,451,623,508,427,3310
1779362608,2026-05-21 11:23:28,1,39.84,67.16,25.01,42.23,444,625,508,409,3311
1779362908,2026-05-21 11:28:28,1,40.36,66.16,25.02,44.07,447,615,511,425,3312
1779363208,2026-05-21 11:33:28,1,40.13,66.71,25.83,44.09,448,618,515,424,3313
1779363508,2026-05-21 11:38:28,1,40.48,67.98,24.82,41.04,449,628,507,406,3314
1779363808,2026-05-21 11:43:28,1,40.36,68.04,24.99,41.96,450,628,508,412,3315
1779364108,2026-05-21 11:48:28,1,40.32,67.71,25.02,41.76,449,630,510,411,3316
1779364408,2026-05-21 11:53:28,1,40.39,68.68,24.48,41.81,450,630,506,411,3317
1779364708,2026-05-21 11:58:28,1,39.81,66.79,24.52,41.27,445,619,507,405,3318
1779365008,2026-05-21 12:03:28,1,40.65,68.41,24.53,42.04,454,636,505,413,3319
1779365308,2026-05-21 12:08:28,1,40.26,68.22,25.35,40.89,454,634,511,403,3320
1779365608,2026-05-21 12:13:28,1,39.82,67.36,24.86,40.7,448,627,508,402,3321
1779365908,2026-05-21 12:18:28,1,40.56,68.32,25.21,40.33,453,632,511,401,3322
1779366208,2026-05-21 12:23:28,1,39.85,68.3,25.19,43.1,447,630,508,418,3323
1779366508,2026-05-21 12:28:28,1,40.27,68.72,24.59,44.33,449,633,506,426,3324
1779366808,2026-05-21 12:33:28,1,39.51,68.45,25.34,43.03,444,634,512,418,3325
1779367108,2026-05-21 12:38:28,1,39.62,67.87,24.67,40.23,449,628,506,402,3326
1779367408,2026-05-21 12:43:28,1,40.01,68.5,24.98,43.45,449,633,508,421,3327
1779367708,2026-05-21 12:48:28,1,40.36,67.86,24.96,39.29,451,625,512,395,3328
1779368008,2026-05-21 12:53:28,1,40.19,68.27,25.43,39.87,451,632,515,399,3329
1779368308,2026-05-21 12:58:28,1,40.18,68.7,25.46,41.15,447,632,514,410,3330
1779368608,2026-05-21 13:03:28,1,40.1,69.55,24.09,38.91,450,638,501,394,3331
1779368908,2026-05-21 13:08:28,1,40.19,69.91,24.35,41.54,449,647,504,408,3332
1779369208,2026-05-21 13:13:28,1,40.11,68.95,25.85,40.13,450,635,517,401,3333
1779369508,2026-05-21 13:18:28,1,40.15,69.4,24.88,38.53,446,640,509,389,3334
1779369808,2026-05-21 13:23:28,1,39.67,68.74,24.79,39.59,447,640,506,399,3335
1779370108,2026-05-21 13:28:28,1,39.67,70.14,25.41,37.0,449,642,513,382,3336
1779370408,2026-05-21 13:33:28,1,40.01,68.71,25.08,40.09,447,637,511,399,3337
1779370708,2026-05-21 13:38:28,1,39.6,69.62,24.55,37.25,449,643,505,383,3338
1779371008,2026-05-21 13:43:28,1,39.91,70.57,24.57,38.24,448,650,506,390,3339
1779371308,2026-05-21 13:48:28,1,39.59,69.24,24.55,40.64,445,641,507,406,3340
1779371608,2026-05-21 13:53:28,1,39.32,68.85,24.66,34.28,442,634,508,365,3341
1779371908,2026-05-21 13:58:28,1,39.66,68.87,23.79,34.29,445,641,502,367,3342
1779372208,2026-05-21 14:03:28,1,39.91,70.02,24.49,34.54,448,646,504,367,3343
1779372508,2026-05-21 14:08:28,1,40.0,68.29,23.98,36.39,448,630,502,378,3344
1779372808,2026-05-21 14:13:28,1,39.75,69.37,24.5,36.66,446,639,506,381,3345
1779373108,2026-05-21 14:18:28,1,39.64,69.39,24.22,33.0,449,639,503,355,3346
1779373408,2026-05-21 14:23:28,1,40.13,69.93,23.88,33.25,450,644,500,362,3347
1779373708,2026-05-21 14:28:28,1,39.66,68.48,24.24,34.88,445,633,504,369,3348
1779374008,2026-05-21 14:33:28,1,40.02,69.61,23.55,32.87,448,647,496,358,3349
1779374308,2026-05-21 14:38:28,1,39.5,69.53,23.33,35.26,442,638,496,372,3350
1779374608,2026-05-21 14:43:28,1,39.25,69.13,23.16,32.77,444,639,492,356,3351
1779374908,2026-05-21 14:48:28,1,39.26,70.43,23.69,33.18,443,647,497,358,3352
1779375208,2026-05-21 14:53:28,1,39.62,69.73,23.27,33.85,446,641,495,362,3353
1779375508,2026-05-21 14:58:28,1,39.29,68.08,23.3,30.57,446,630,498,342,3354
1779375808,2026-05-21 15:03:28,1,39.43,68.81,24.24,33.73,445,637,505,363,3355
1779376108,2026-05-21 15:08:28,1,39.02,70.41,23.08,30.33,441,647,494,343,3356
1779376408,2026-05-21 15:13:28,1,38.81,68.58,22.82,33.67,439,633,490,362,3357
1779376708,2026-05-21 15:18:28,1,39.27,68.89,23.11,32.91,443,635,496,355,3358
1779377008,2026-05-21 15:23:28,1,39.25,68.72,23.94,31.4,445,634,500,348,3359
1779377308,2026-05-21 15:28:28,1,39.07,70.34,22.96,28.92,442,646,491,334,3360
1779377608,2026-05-21 15:33:28,1,39.21,69.38,23.46,30.06,444,638,496,340,3361
1779377908,2026-05-21 15:38:28,1,38.98,69.67,23.06,32.57,442,641,492,355,3362
1779378208,2026-05-21 15:43:28,1,39.05,69.02,23.09,32.79,443,636,497,355,3363
1779378508,2026-05-21 15:48:28,1,39.27,69.12,23.49,30.35,443,639,496,340,3364
1779378808,2026-05-21 15:53:28,1,39.24,68.66,22.97,27.89,439,634,495,326,3365
1779379108,2026-05-21 15:58:28,1,39.23,69.79,23.52,31.38,446,644,497,348,3366
1779379408,2026-05-21 16:03:28,1,38.98,68.77,23.13,27.75,442,637,495,326,3367
1779379708,2026-05-21 16:08:28,1,38.78,68.78,22.47,28.61,443,633,489,332,3368
1779380008,2026-05-21 16:13:28,1,38.89,67.93,23.14,27.86,442,632,493,327,3369
1779380308,2026-05-21 16:18:28,1,39.24,69.61,23.13,25.12,445,643,495,311,3370
1779380608,2026-05-21 16:23:28,1,38.3,67.89,22.32,26.14,438,630,485,314,3371
1779380908,2026-05-21 16:28:28,1,38.8,68.39,21.58,25.08,443,632,479,309,3372
1779381208,2026-05-21 16:33:28,1,38.56,67.87,22.78,22.26,438,628,492,291,3373
1779381508,2026-05-21 16:38:28,1,38.42,68.61,21.86,25.39,438,633,484,311,3374
1779381808,2026-05-21 16:43:28,1,39.12,67.83,22.37,24.94,443,628,488,310,3375
1779382108,2026-05-21 16:48:28,1,38.82,67.51,22.65,24.26,438,627,491,303,3376
1779382408,2026-05-21 16:53:28,1,38.19,68.74,21.93,23.87,440,638,486,304,3377
1779382708,2026-05-21 16:58:28,1,38.59,66.99,21.63,24.35,440,623,482,304,3378
1779383008,2026-05-21 17:03:28,1,38.3,66.57,22.58,21.29,439,617,490,289,3379
1779383308,2026-05-21 17:08:28,1,38.57,66.82,22.48,22.19,440,620,489,293,3380
1779383608,2026-05-21 17:13:28,1,38.55,67.25,21.71,20.83,442,623,483,286,3381
1779383908,2026-05-21 17:18:28,1,38.44,67.24,22.11,21.07,439,623,484,285,3382
1779384208,2026-05-21 17:23:28,1,37.99,65.6,22.18,22.69,438,612,488,297,3383
1779384508,2026-05-21 17:28:28,1,38.35,67.28,21.76,21.81,439,624,484,290,3384
1779384808,2026-05-21 17:33:28,1,38.12,66.31,21.14,19.45,436,614,479,278,3385
1779385108,2026-05-21 17:38:28,1,38.18,67.04,22.09,21.38,439,624,485,288,3386
1779385408,2026-05-21 17:43:28,1,37.94,66.65,21.17,23.84,437,619,482,302,3387
1779385708,2026-05-21 17:48:28,1,38.25,66.55,21.7,18.63,442,618,486,270,3388
1779386008,2026-05-21 17:53:28,1,38.62,66.68,21.02,19.64,440,619,481,274,3389
1779386308,2026-05-21 17:58:28,1,37.9,65.29,21.19,20.72,436,608,480,283,3390
1779386608,2026-05-21 18:03:28,1,38.56,66.24,21.46,18.75,440,616,479,273,3391
1779386908,2026-05-21 18:08:28,1,37.89,67.46,20.45,20.33,437,625,475,282,3392
1779387208,2026-05-21 18:13:28,1,37.87,65.72,20.86,20.22,436,615,476,282,3393
1779387508,2026-05-21 18:18:28,1,37.8,66.55,20.82,18.28,437,621,475,269,3394
1779387808,2026-05-21 18:23:28,1,37.91,66.45,20.7,19.64,440,616,472,277,3395
1779388108,2026-05-21 18:28:28,1,37.52,65.56,21.66,18.19,434,610,485,266,3396
1779388408,2026-05-21 18:33:28,1,37.77,65.89,20.29,18.0,435,611,473,269,3397
1779388708,2026-05-21 18:38:28,1,37.76,65.72,20.92,18.75,436,615,477,270,3398
1779389008,2026-05-21 18:43:28,1,37.9,65.85,20.38,19.91,435,618,474,281,3399
1779389308,2026-05-21 18:48:28,1,37.46,65.25,20.28,20.05,433,609,473,278,3400
1779389608,2026-05-21 18:53:28,1,37.76,65.15,20.24,19.14,436,607,471,276,3401
1779389908,2026-05-21 18:58:28,1,37.89,65.03,20.87,18.0,436,606,478,269,3402
1779390208,2026-05-21 19:03:28,1,37.64,65.04,19.84,18.0,432,611,469,266,3403
1779390508,2026-05-21 19:08:28,1,37.81,65.05,19.75,19.53,435,603,467,278,3404
1779390808,2026-05-21 19:13:28,1,37.21,65.78,20.29,20.16,430,613,471,280,3405
1779391108,2026-05-21 19:18:28,1,37.22,66.04,20.04,19.27,434,616,470,274,3406
1779391408,2026-05-21 19:23:28,1,37.21,64.41,19.36,18.0,431,601,462,265,3407
1779391708,2026-05-21 19:28:28,1,37.71,64.47,19.28,18.37,432,603,464,273,3408
1779392008,2026-05-21 19:33:28,1,37.22,64.63,19.04,18.0,431,607,462,269,3409
1779392308,2026-05-21 19:38:28,1,37.34,65.23,19.59,18.0,433,608,468,265,3410
1779392608,2026-05-21 19:43:28,1,37.2,64.54,20.19,18.0,434,603,473,269,3411
1779392908,2026-05-21 19:48:28,1,37.46,65.06,19.21,18.0,434,609,462,266,3412
1779393208,2026-05-21 19:53:28,1,36.63,65.59,19.38,19.23,429,610,464,277,3413
1779393508,2026-05-21 19:58:28,1,37.2,64.55,19.1,18.15,431,605,463,268,3414
1779393808,2026-05-21 20:03:28,1,37.39,64.87,19.44,18.0,434,607,465,263,3415
1779394108,2026-05-21 20:08:28,1,36.92,65.12,19.03,18.99,432,606,463,273,3416
1779394408,2026-05-21 20:13:28,1,36.94,64.66,19.46,19.97,432,603,466,278,3417
1779394708,2026-05-21 20:18:28,1,37.35,63.8,19.01,18.0,434,596,462,266,3418
1779395008,2026-05-21 20:23:28,1,36.95,64.84,18.98,18.0,432,604,462,271,3419
1779395308,2026-05-21 20:28:28,1,36.9,64.57,19.48,18.0,430,601,467,270,3420
1779395608,2026-05-21 20:33:28,1,37.13,65.1,19.01,18.0,434,609,464,267,3421
1779395908,2026-05-21 20:38:28,1,36.88,64.41,19.11,18.72,430,603,462,274,3422
1779396208,2026-05-21 20:43:28,1,36.7,64.59,19.24,19.2,429,607,465,274,3423
1779396508,2026-05-21 20:48:28,1,36.94,64.93,19.03,19.62,428,611,461,278,3424
1779396808,2026-05-21 20:53:28,1,36.85,65.68,18.92,18.32,431,611,461,270,3425
1779397108,2026-05-21 20:58:28,1,37.09,64.43,18.33,18.9,431,602,455,270,3426
1779397408,2026-05-21 21:03:28,1,36.8,64.55,19.41,19.84,429,604,466,279,3427
1779397708,2026-05-21 21:08:28,1,36.86,65.15,19.19,19.48,432,604,462,278,3428
1779398008,2026-05-21 21:13:28,1,36.7,65.73,18.61,22.32,431,613,457,290,3429
1779398308,2026-05-21 21:18:28,1,36.53,63.81,17.92,19.61,427,599,452,278,3430
1779398608,2026-05-21 21:23:28,1,36.6,65.16,18.36,23.32,429,608,458,302,3431
1779398908,2026-05-21 21:28:28,1,36.16,63.8,18.6,22.71,426,600,459,297,3432
1779399208,2026-05-21 21:33:28,1,36.42,65.56,18.34,20.37,431,611,458,280,3433
1779399508,2026-05-21 21:38:28,1,36.41,63.38,18.61,22.0,427,598,458,292,3434
1779399808,2026-05-21 21:43:28,1,36.48,65.44,19.06,23.15,429,610,460,300,3435
1779400108,2026-05-21 21:48:28,1,36.65,65.23,18.94,20.78,427,608,462,285,3436
1779400408,2026-05-21 21:53:28,1,36.66,65.33,18.27,24.82,428,615,455,305,3437
1779400708,2026-05-21 21:58:28,1,36.6,66.07,18.11,22.2,431,616,453,295,3438
1779401008,2026-05-21 22:03:28,1,36.87,65.97,18.6,22.93,430,613,459,296,3439
1779401308,2026-05-21 22:08:28,1,36.26,64.9,18.04,23.42,424,607,454,304,3440
1779401608,2026-05-21 22:13:28,1,36.52,65.91,18.35,22.36,430,614,457,293,3441
1779401908,2026-05-21 22:18:28,1,36.69,65.98,17.76,21.79,429,616,452,292,3442
1779402208,2026-05-21 22:23:28,1,36.74,66.31,17.51,26.52,432,620,450,317,3443
1779402508,2026-05-21 22:28:28,1,36.41,64.89,18.52,25.27,430,609,456,312,3444
1779402808,2026-05-21 22:33:28,1,36.42,65.65,17.43,26.94,429,611,450,320,3445
1779403108,2026-05-21 22:38:28,1,36.2,66.81,18.14,25.25,425,622,453,313,3446
1779403408,2026-05-21 22:43:28,1,36.25,66.81,18.16,23.44,426,622,455,298,3447
1779403708,2026-05-21 22:48:28,1,36.41,66.25,18.3,26.56,429,620,453,317,3448
1779404008,2026-05-21 22:53:28,1,35.97,66.23,17.39,27.26,426,615,450,323,3449
1779404308,2026-05-21 22:58:28,1,36.34,66.11,18.94,28.88,426,613,460,331,3450
1779404608,2026-05-21 23:03:28,1,36.17,66.45,18.16,29.45,426,616,454,337,3451
1779404908,2026-05-21 23:08:28,1,36.37,67.07,18.24,26.48,428,621,455,318,3452
1779405208,2026-05-21 23:13:28,1,36.08,66.77,18.49,28.98,428,617,461,333,3453
1779405508,2026-05-21 23:18:28,1,36.48,65.79,17.9,34.0,429,612,454,365,3454
1779405808,2026-05-21 23:23:28,1,36.16,66.98,17.65,30.38,426,625,452,341,3455
1779406108,2026-05-21 23:28:28,1,35.96,66.37,17.72,28.98,422,616,449,334,3456
1779406408,2026-05-21 23:33:28,1,36.12,68.13,17.56,31.63,424,632,449,348,3457
1779406708,2026-05-21 23:38:28,1,36.07,67.83,18.84,29.82,425,627,460,340,3458
1779407008,2026-05-21 23:43:28,1,36.49,67.0,17.5,31.84,427,624,447,351,3459
1779407308,2026-05-21 23:48:28,1,36.23,66.7,17.89,31.07,425,616,453,347,3460
1779407608,2026-05-21 23:53:28,1,36.1,67.5,18.15,31.07,426,627,452,347,3461
1779407908,2026-05-21 23:58:28,1,36.0,67.52,18.46,34.23,428,626,456,368,3462
1779408208,2026-05-22 00:03:28,1,35.63,67.25,17.85,33.84,425,624,453,363,3463
1779408508,2026-05-22 00:08:28,1,36.63,68.0,18.44,32.26,432,630,460,351,3464
1779408808,2026-05-22 00:13:28,1,36.25,68.16,18.08,32.93,424,628,454,356,3465
1779409108,2026-05-22 00:18:28,1,36.32,67.91,17.92,33.75,426,630,453,364,3466
1779409408,2026-05-22 00:23:28,1,35.86,68.21,18.86,31.0,423,634,460,345,3467
1779409708,2026-05-22 00:28:28,1,36.51,67.07,17.73,36.23,429,622,450,374,3468
1779410008,2026-05-22 00:33:28,1,36.04,68.05,18.03,33.89,424,628,457,363,3469
1779410308,2026-05-22 00:38:28,1,36.28,68.27,18.82,33.71,425,629,464,360,3470
1779410608,2026-05-22 00:43:28,1,36.41,69.26,18.41,35.15,428,637,459,369,3471
1779410908,2026-05-22 00:48:28,1,36.08,67.28,18.06,37.93,424,623,452,387,3472
1779411208,2026-05-22 00:53:28,1,36.22,67.66,17.79,35.59,428,628,453,374,3473
1779411508,2026-05-22 00:58:28,1,36.46,68.55,18.01,38.34,427,632,452,388,3474
1779411808,2026-05-22 01:03:28,1,36.23,67.72,17.49,36.19,428,628,449,375,3475
1779412108,2026-05-22 01:08:28,1,36.18,68.39,17.67,34.97,427,632,451,371,3476
1779412408,2026-05-22 01:13:28,1,36.03,69.03,18.71,35.94,429,634,459,376,3477
1779412708,2026-05-22 01:18:28,1,36.62,69.45,18.19,37.04,428,639,454,383,3478
1779413008,2026-05-22 01:23:28,1,35.65,70.1,17.43,37.12,425,648,446,383,3479
1779413308,2026-05-22 01:28:28,1,36.12,68.94,18.25,38.84,425,637,456,395,3480
1779413608,2026-05-22 01:33:28,1,36.61,68.43,18.51,38.56,426,634,456,390,3481
1779413908,2026-05-22 01:38:28,1,36.29,68.11,18.44,39.69,426,633,455,399,3482
1779414208,2026-05-22 01:43:28,1,36.52,69.26,18.76,38.42,426,640,458,390,3483
1779414508,2026-05-22 01:48:28,1,35.99,70.01,18.68,41.19,427,647,457,406,3484
1779414808,2026-05-22 01:53:28,1,36.3,69.57,18.27,39.56,429,639,456,396,3485
1779415108,2026-05-22 01:58:28,1,36.4,69.24,18.45,40.46,429,638,458,403,3486
1779415408,2026-05-22 02:03:28,1,36.23,69.98,18.89,38.92,430,646,462,393,3487
1779415708,2026-05-22 02:08:28,1,35.81,69.04,19.03,41.44,423,635,461,408,3488
1779416008,2026-05-22 02:13:28,1,36.81,68.62,18.99,42.19,429,633,464,413,3489
1779416308,2026-05-22 02:18:28,1,36.24,69.23,19.25,39.76,424,637,463,397,3490
1779416608,2026-05-22 02:23:28,1,36.47,69.87,18.45,39.3,430,644,458,396,3491
1779416908,2026-05-22 02:28:28,1,36.22,68.72,19.24,40.68,425,635,465,404,3492
1779417208,2026-05-22 02:33:28,1,36.17,69.09,19.53,39.97,426,638,466,399,3493
1779417508,2026-05-22 02:38:28,1,36.56,70.91,19.09,42.97,428,651,461,417,3494
1779417808,2026-05-22 02:43:28,1,36.86,69.1,19.44,42.37,432,633,464,411,3495
1779418108,2026-05-22 02:48:28,1,36.42,68.82,19.14,41.1,430,638,462,404,3496
1779418408,2026-05-22 02:53:28,1,36.38,69.66,19.36,42.06,429,644,466,412,3497
1779418708,2026-05-22 02:58:28,1,36.2,69.21,19.04,41.14,429,636,461,406,3498
1779419008,2026-05-22 03:03:28,1,36.16,68.84,18.72,43.82,425,631,457,421,3499
1779419308,2026-05-22 03:08:28,1,36.58,68.61,19.28,41.68,428,635,465,410,3500
1779419608,2026-05-22 03:13:28,1,36.41,68.74,20.28,41.02,428,632,473,405,3501
1779419908,2026-05-22 03:18:28,1,36.95,68.68,19.96,45.05,432,635,469,429,3502
1779420208,2026-05-22 03:23:28,1,36.4,68.75,19.55,41.92,428,636,466,412,3503
1779420508,2026-05-22 03:28:28,1,36.65,69.16,19.52,41.88,428,636,462,409,3504
1779420808,2026-05-22 03:33:28,1,37.22,70.23,19.56,42.03,432,643,466,412,3505
1779421108,2026-05-22 03:38:28,1,36.11,68.25,20.08,43.15,425,635,471,419,3506
1779421408,2026-05-22 03:43:28,1,36.52,69.57,20.79,40.65,429,643,477,403,3507
1779421708,2026-05-22 03:48:28,1,36.45,68.21,20.13,44.0,429,629,471,424,3508
1779422008,2026-05-22 03:53:28,1,37.04,68.03,20.81,41.05,434,632,476,406,3509
1779422308,2026-05-22 03:58:28,1,36.67,68.69,20.07,44.5,429,635,472,425,3510
1779422608,2026-05-22 04:03:28,1,36.82,68.01,19.92,39.37,430,630,469,393,3511
1779422908,2026-05-22 04:08:28,1,36.9,68.35,19.93,39.71,429,632,469,399,3512
1779423208,2026-05-22 04:13:28,1,36.8,69.17,21.02,40.53,430,638,476,404,3513
1779423508,2026-05-22 04:18:28,1,36.85,69.73,20.24,40.11,429,642,470,402,3514
1779423808,2026-05-22 04:23:28,1,36.95,68.68,20.52,41.14,430,634,474,405,3515
1779424108,2026-05-22 04:28:28,1,36.81,68.65,20.74,40.26,430,632,477,401,3516
1779424408,2026-05-22 04:33:28,1,36.88,67.97,20.63,42.83,432,628,473,416,3517
1779424708,2026-05-22 04:38:28,1,36.74,67.86,21.04,42.35,427,627,480,415,3518
1779425008,2026-05-22 04:43:28,1,36.42,68.94,20.94,41.99,426,639,478,412,3519
1779425308,2026-05-22 04:48:28,1,36.87,68.0,20.5,40.8,430,627,474,406,3520
1779425608,2026-05-22 04:53:28,1,36.84,67.93,21.11,39.57,427,630,477,396,3521
1779425908,2026-05-22 04:58:28,1,36.94,66.9,21.68,40.27,429,621,483,403,3522
1779426208,2026-05-22 05:03:28,1,37.45,67.14,20.49,40.81,433,623,472,404,3523
1779426508,2026-05-22 05:08:28,1,36.99,66.86,21.5,40.26,435,621,480,402,3524
1779426808,2026-05-22 05:13:28,1,36.8,67.84,21.09,38.85,429,625,478,393,3525
1779427108,2026-05-22 05:18:28,1,36.95,66.74,21.98,40.02,432,619,485,401,3526
1779427408,2026-05-22 05:23:28,1,37.44,68.0,21.44,37.49,433,629,483,385,3527
1779427708,2026-05-22 05:28:28,1,36.81,66.12,20.9,36.8,429,613,474,381,3528
1779428008,2026-05-22 05:33:28,1,37.29,67.14,20.77,40.5,434,623,475,401,3529
1779428308,2026-05-22 05:38:28,1,37.81,67.66,21.39,37.43,434,629,480,383,3530
1779428608,2026-05-22 05:43:28,1,36.91,66.99,21.56,36.75,430,624,483,381,3531
1779428908,2026-05-22 05:48:28,1,37.16,66.47,21.32,37.49,433,620,481,384,3532
1779429208,2026-05-22 05:53:28,1,37.67,66.19,21.83,36.05,433,613,483,375,3533
1779429508,2026-05-22 05:58:28,1,37.01,67.02,21.68,38.36,428,623,482,389,3534
1779429808,2026-05-22 06:03:28,1,37.21,67.51,22.13,39.58,432,626,484,395,3535
1779430108,2026-05-22 06:08:28,1,37.47,66.18,21.83,35.58,432,616,482,373,3536
1779430408,2026-05-22 06:13:28,1,37.49,65.96,21.56,35.86,430,612,482,378,3537
1779430708,2026-05-22 06:18:28,1,37.74,66.94,22.25,36.38,435,626,489,377,3538
1779431008,2026-05-22 06:23:28,1,37.32,64.94,22.42,35.62,433,606,490,374,3539
1779431308,2026-05-22 06:28:28,1,37.86,66.29,22.32,37.24,435,617,488,386,3540
1779431608,2026-05-22 06:33:28,1,37.58,66.66,22.14,35.79,433,618,483,374,3541
1779431908,2026-05-22 06:38:28,1,37.77,65.49,22.66,32.91,438,613,490,356,3542
1779432208,2026-05-22 06:43:28,1,37.57,66.93,22.77,32.52,435,619,491,357,3543
1779432508,2026-05-22 06:48:28,1,37.19,66.23,22.35,33.84,433,616,486,364,3544
1779432808,2026-05-22 06:53:28,1,37.54,65.58,22.28,34.58,435,612,487,369,3545
1779433108,2026-05-22 06:58:28,1,37.39,64.71,22.75,34.77,434,607,494,368,3546
1779433408,2026-05-22 07:03:28,1,37.48,65.23,23.02,32.37,434,608,495,354,3547
1779433708,2026-05-22 07:08:28,1,37.82,65.89,22.54,31.49,436,613,489,347,3548
1779434008,2026-05-22 07:13:28,1,37.76,65.29,22.94,32.48,437,608,495,353,3549
1779434308,2026-05-22 07:18:28,1,37.25,64.79,22.77,31.28,432,603,491,346,3550
1779434608,2026-05-22 07:23:28,1,37.29,65.01,23.0,30.2,433,606,493,342,3551
1779434908,2026-05-22 07:28:28,1,38.27,65.25,23.33,29.17,436,610,497,336,3552
1779435208,2026-05-22 07:33:28,1,37.5,64.69,23.27,30.3,434,600,497,341,3553
1779435508,2026-05-22 07:38:28,1,37.43,65.52,23.75,29.15,435,613,499,335,3554
1779435808,2026-05-22 07:43:28,1,37.83,63.82,24.02,29.52,437,596,505,338,3555
1779436108,2026-05-22 07:48:28,1,37.57,65.46,23.99,29.05,437,609,501,334,3556
1779436408,2026-05-22 07:53:28,1,37.6,64.45,23.5,29.14,435,600,498,336,3557
1779436708,2026-05-22 07:58:28,1,37.58,64.09,23.98,29.99,434,602,499,340,3558
1779437008,2026-05-22 08:03:28,1,38.09,64.87,22.99,25.47,437,605,492,312,3559
1779437308,2026-05-22 08:08:28,1,37.52,65.03,23.45,24.35,433,609,497,305,3560
1779437608,2026-05-22 08:13:28,1,37.98,65.9,23.51,26.14,436,613,499,316,3561
1779437908,2026-05-22 08:18:28,1,37.93,64.33,23.58,26.96,436,602,497,318,3562
1779438208,2026-05-22 08:23:28,1,38.31,63.6,23.43,24.27,440,597,493,304,3563
1779438508,2026-05-22 08:28:28,1,38.1,64.7,23.98,25.61,438,605,502,314,3564
1779438808,2026-05-22 08:33:28,1,37.48,64.04,23.76,25.14,435,600,500,310,3565
1779439108,2026-05-22 08:38:28,1,37.74,64.38,23.98,24.39,434,603,503,306,3566
1779439408,2026-05-22 08:43:28,1,37.69,65.07,23.91,23.02,434,608,500,297,3567
1779439708,2026-05-22 08:48:28,1,37.98,64.3,24.03,23.17,438,602,504,299,3568
1779440008,2026-05-22 08:53:28,1,38.26,63.14,24.74,25.02,436,589,508,309,3569
1779440308,2026-05-22 08:58:28,1,37.78,65.03,23.84,24.16,435,611,499,308,3570
1779440608,2026-05-22 09:03:28,1,37.94,64.9,24.99,25.12,435,608,510,310,3571
1779440908,2026-05-22 09:08:28,1,38.07,65.25,24.58,20.14,437,610,508,283,3572
1779441208,2026-05-22 09:13:28,1,38.05,64.78,24.24,23.96,437,603,502,303,3573
1779441508,2026-05-22 09:18:28,1,38.18,64.62,24.25,19.79,437,607,504,278,3574
1779441808,2026-05-22 09:23:28,1,37.88,64.02,24.89,21.62,438,600,511,291,3575
1779442108,2026-05-22 09:28:28,1,37.84,65.76,24.24,20.8,434,613,503,284,3576
1779442408,2026-05-22 09:33:28,1,38.15,65.21,24.57,18.48,439,608,505,272,3577
1779442708,2026-05-22 09:38:28,1,38.06,64.65,24.61,22.94,436,604,508,298,3578
1779443008,2026-05-22 09:43:28,1,38.11,65.57,23.81,19.47,438,609,499,274,3579
1779443308,2026-05-22 09:48:28,1,38.04,64.95,24.28,21.06,435,605,503,287,3580
1779443608,2026-05-22 09:53:28,1,37.93,64.66,24.47,21.06,434,608,506,285,3581
1779443908,2026-05-22 09:58:28,1,38.08,64.75,24.81,21.69,437,606,505,287,3582
1779444208,2026-05-22 10:03:28,1,38.09,64.69,25.47,20.08,435,604,512,278,3583
1779444508,2026-05-22 10:08:28,1,37.61,65.11,24.86,21.17,437,609,507,286,3584
1779444808,2026-05-22 10:13:28,1,38.42,65.93,24.66,20.98,439,611,507,285,3585
1779445108,2026-05-22 10:18:28,1,38.55,65.46,25.3,20.48,440,609,513,281,3586
1779445408,2026-05-22 10:23:28,1,37.93,65.19,24.35,19.45,435,609,507,276,3587
1779445708,2026-05-22 10:28:28,1,38.19,65.67,25.2,19.22,438,610,511,276,3588
1779446008,2026-05-22 10:33:28,1,39.12,66.2,24.81,19.66,443,616,510,275,3589
1779446308,2026-05-22 10:38:28,1,38.1,65.18,24.89,18.0,434,610,509,265,3590
1779446608,2026-05-22 10:43:28,1,38.18,66.15,24.75,20.0,436,619,506,279,3591
1779446908,2026-05-22 10:48:28,1,37.73,66.04,24.9,19.93,435,613,511,281,3592
1779447208,2026-05-22 10:53:28,1,37.63,66.41,25.46,18.9,434,618,514,275,3593
1779447508,2026-05-22 10:58:28,1,37.78,66.35,25.05,18.0,435,615,509,270,3594
1779447808,2026-05-22 11:03:28,1,37.82,67.41,24.9,18.0,436,625,510,266,3595
1779448108,2026-05-22 11:08:28,1,37.91,66.48,25.2,18.3,436,620,512,269,3596
1779448408,2026-05-22 11:13:28,1,38.13,67.35,24.82,18.24,437,624,506,270,3597
1779448708,2026-05-22 11:18:28,1,38.12,66.08,24.35,18.8,441,612,502,273,3598
1779449008,2026-05-22 11:23:28,1,37.78,67.78,25.33,18.0,436,626,513,267,3599
1779449308,2026-05-22 11:28:28,1,38.06,66.49,24.72,18.0,436,617,507,267,3600
1779449608,2026-05-22 11:33:28,1,37.96,67.2,24.32,18.38,435,622,505,271,3601
1779449908,2026-05-22 11:38:28,1,38.08,66.04,25.35,18.0,438,616,512,267,3602
1779450208,2026-05-22 11:43:28,1,38.24,67.71,25.08,18.0,440,626,509,267,3603
1779450508,2026-05-22 11:48:28,1,38.16,67.68,25.38,19.81,438,625,511,278,3604
1779450808,2026-05-22 11:53:28,1,37.81,67.67,24.47,18.0,434,628,505,263,3605
1779451108,2026-05-22 11:58:28,1,37.8,67.03,25.09,18.49,434,624,511,269,3606
1779451408,2026-05-22 12:03:28,1,37.81,67.34,24.95,18.09,436,621,511,269,3607
1779451708,2026-05-22 12:08:28,1,37.88,67.43,25.19,18.97,437,628,510,273,3608
1779452008,2026-05-22 12:13:28,1,37.81,68.87,24.65,19.91,434,633,507,280,3609
1779452308,2026-05-22 12:18:28,1,37.91,67.47,25.08,18.0,436,626,508,271,3610
1779452608,2026-05-22 12:23:28,1,37.74,67.07,25.26,18.13,435,622,514,270,3611
1779452908,2026-05-22 12:28:28,1,38.16,68.03,24.11,19.74,437,626,503,280,3612
1779453208,2026-05-22 12:33:28,1,37.41,68.5,24.57,20.87,433,634,506,283,3613
1779453508,2026-05-22 12:38:28,1,37.68,68.54,25.33,18.61,434,635,512,271,3614
1779453808,2026-05-22 12:43:28,1,37.79,68.33,24.57,18.41,433,631,504,269,3615
1779454108,2026-05-22 12:48:28,1,37.55,68.06,25.38,18.0,432,628,511,268,3616
1779454408,2026-05-22 12:53:28,1,38.0,68.89,24.2,20.24,437,636,504,279,3617
1779454708,2026-05-22 12:58:28,1,37.49,68.23,24.29,23.11,434,632,505,297,3618
1779455008,2026-05-22 13:03:28,1,37.89,69.19,25.11,21.13,436,638,507,284,3619
1779455308,2026-05-22 13:08:28,1,37.73,68.24,24.81,21.63,433,631,508,291,3620
1779455608,2026-05-22 13:13:28,1,37.64,69.14,24.16,21.34,435,640,502,286,3621
1779455908,2026-05-22 13:18:28,1,37.67,68.24,25.03,19.46,437,634,508,276,3622
1779456208,2026-05-22 13:23:28,1,37.68,69.16,24.77,20.97,434,639,509,286,3623
1779456508,2026-05-22 13:28:28,1,37.42,68.79,25.02,22.15,437,637,511,292,3624
1779456808,2026-05-22 13:33:28,1,38.19,68.51,24.46,21.76,437,633,505,287,3625
1779457108,2026-05-22 13:38:28,1,37.6,68.67,24.63,21.34,437,635,505,288,3626
1779457408,2026-05-22 13:43:28,1,37.59,69.0,23.88,23.56,434,639,501,297,3627
1779457708,2026-05-22 13:48:28,1,37.66,69.05,24.05,22.39,434,637,502,294,3628
1779458008,2026-05-22 13:53:28,1,37.24,69.64,24.15,23.44,431,641,503,301,3629
1779458308,2026-05-22 13:58:28,1,37.48,70.64,24.4,21.42,435,645,501,289,3630
1779458608,2026-05-22 14:03:28,1,37.83,68.63,24.03,26.94,437,634,502,322,3631
1779458908,2026-05-22 14:08:28,1,37.22,69.88,24.26,21.84,433,640,502,288,3632
1779459208,2026-05-22 14:13:28,1,37.91,68.27,24.42,24.17,437,632,505,305,3633
1779459508,2026-05-22 14:18:28,1,37.17,70.2,23.68,23.11,432,646,502,298,3634
1779459808,2026-05-22 14:23:28,1,37.1,69.37,23.59,25.35,433,636,499,311,3635
1779460108,2026-05-22 14:28:28,1,37.14,68.88,24.76,24.53,432,634,509,305,3636
1779460408,2026-05-22 14:33:28,1,37.6,69.81,23.76,24.21,436,644,500,306,3637
1779460708,2026-05-22 14:38:28,1,37.41,69.28,24.1,25.14,433,635,500,309,3638
1779461008,2026-05-22 14:43:28,1,37.48,69.18,24.17,26.77,433,638,503,320,3639
1779461308,2026-05-22 14:48:28,1,37.62,69.42,23.02,28.03,434,637,493,329,3640
1779461608,2026-05-22 14:53:28,1,36.5,69.5,23.7,28.23,426,639,500,329,3641
1779461908,2026-05-22 14:58:28,1,36.95,68.84,23.86,27.38,432,634,499,323,3642
1779462208,2026-05-22 15:03:28,1,36.87,69.13,23.95,25.2,427,638,501,312,3643
1779462508,2026-05-22 15:08:28,1,36.99,70.31,24.24,29.93,431,646,501,339,3644
1779462808,2026-05-22 15:13:28,1,36.91,70.15,23.28,27.39,428,647,496,324,3645
1779463108,2026-05-22 15:18:28,1,36.65,68.53,23.86,29.15,429,635,501,336,3646
1779463408,2026-05-22 15:23:28,1,36.82,68.48,23.55,27.99,429,631,495,328,3647
1779463708,2026-05-22 15:28:28,1,36.88,68.56,23.74,30.7,429,634,500,342,3648
1779464008,2026-05-22 15:33:28,1,36.6,69.71,23.88,30.57,430,640,501,346,3649
1779464308,2026-05-22 15:38:28,1,37.13,69.69,23.02,31.31,433,642,493,347,3650
1779464608,2026-05-22 15:43:28,1,36.7,68.34,22.6,29.94,431,632,490,338,3651
1779464908,2026-05-22 15:48:28,1,36.84,67.63,23.46,29.68,433,623,495,338,3652
1779465208,2026-05-22 15:53:28,1,36.46,70.26,23.33,32.23,429,646,495,354,3653
1779465508,2026-05-22 15:58:28,1,37.0,69.91,23.48,30.48,431,642,498,345,3654
1779465808,2026-05-22 16:03:28,1,36.77,68.77,22.64,34.24,430,636,491,364,3655
1779466108,2026-05-22 16:08:28,1,36.61,68.89,22.4,33.16,431,637,488,357,3656
1779466408,2026-05-22 16:13:28,1,36.52,69.13,22.27,34.36,428,640,488,364,3657
1779466708,2026-05-22 16:18:28,1,36.64,66.93,22.12,33.57,430,621,488,360,3658
1779467008,2026-05-22 16:23:28,1,36.38,68.04,22.52,32.16,427,631,488,352,3659
1779467308,2026-05-22 16:28:28,1,36.69,68.96,22.19,35.24,429,637,489,371,3660
1779467608,2026-05-22 16:33:28,1,36.72,67.96,22.55,38.66,430,627,490,392,3661
1779467908,2026-05-22 16:38:28,1,36.7,68.09,22.25,35.27,430,628,489,371,3662
1779468208,2026-05-22 16:43:28,1,36.81,68.64,21.85,36.47,434,631,485,379,3663
1779468508,2026-05-22 16:48:28,1,36.42,67.53,21.68,35.03,426,625,484,368,3664
1779468808,2026-05-22 16:53:28,1,36.15,66.92,21.65,36.65,427,623,481,382,3665
1779469108,2026-05-22 16:58:28,1,35.43,68.03,22.61,35.59,421,630,490,372,3666
1779469408,2026-05-22 17:03:28,1,36.07,68.09,22.28,37.41,428,630,489,384,3667
1779469708,2026-05-22 17:08:28,1,36.39,67.77,21.37,36.5,429,629,480,380,3668
1779470008,2026-05-22 17:13:28,1,36.24,67.57,21.7,38.4,429,628,483,392,3669
1779470308,2026-05-22 17:18:28,1,36.02,67.45,21.71,36.92,423,625,484,380,3670
1779470608,2026-05-22 17:23:28,1,35.77,67.0,21.26,39.19,423,623,478,392,3671
1779470908,2026-05-22 17:28:28,1,36.15,67.58,21.58,38.33,424,625,481,391,3672
1779471208,2026-05-22 17:33:28,1,35.8,66.72,21.84,39.04,424,621,486,392,3673
1779471508,2026-05-22 17:38:28,1,35.61,67.41,20.93,37.7,425,626,475,387,3674
1779471808,2026-05-22 17:43:28,1,35.82,66.74,21.36,38.44,424,617,481,390,3675
1779472108,2026-05-22 17:48:28,1,35.47,66.9,21.07,41.24,424,619,477,407,3676
1779472408,2026-05-22 17:53:28,1,35.85,66.26,21.32,37.74,428,614,479,386,3677
1779472708,2026-05-22 17:58:28,1,35.24,65.5,20.51,38.36,421,609,473,389,3678
1779473008,2026-05-22 18:03:28,1,35.16,66.95,21.58,39.94,420,623,484,397,3679
1779473308,2026-05-22 18:08:28,1,35.85,66.24,21.36,39.13,427,619,481,393,3680
1779473608,2026-05-22 18:13:28,1,36.04,66.03,20.75,42.48,425,611,476,414,3681
1779473908,2026-05-22 18:18:28,1,35.69,65.16,21.18,42.26,425,609,477,414,3682
1779474208,2026-05-22 18:23:28,1,35.33,66.1,20.82,43.85,422,611,476,425,3683
1779474508,2026-05-22 18:28:28,1,35.53,64.4,21.26,38.96,422,602,477,395,3684
1779474808,2026-05-22 18:33:28,1,35.09,64.48,19.74,42.81,421,598,468,415,3685
1779475108,2026-05-22 18:38:28,1,35.49,64.42,20.48,42.48,424,603,474,414,3686
1779475408,2026-05-22 18:43:28,1,35.52,65.79,20.62,40.38,421,615,477,402,3687
1779475708,2026-05-22 18:48:28,1,34.96,64.91,20.32,42.52,418,608,471,414,3688
1779476008,2026-05-22 18:53:28,1,35.51,65.02,19.62,42.94,423,606,466,418,3689
1779476308,2026-05-22 18:58:28,1,35.02,66.27,19.76,43.66,418,617,469,419,3690
1779476608,2026-05-22 19:03:28,1,34.96,65.77,20.02,40.91,418,611,470,402,3691
1779476908,2026-05-22 19:08:28,1,34.76,65.94,20.16,41.07,419,613,472,409,3692
1779477208,2026-05-22 19:13:28,1,34.78,64.31,19.99,42.61,418,603,472,417,3693
1779477508,2026-05-22 19:18:28,1,34.77,65.12,20.2,42.99,416,608,471,418,3694
1779477808,2026-05-22 19:23:28,1,34.99,65.28,19.2,42.92,420,612,461,416,3695
1779478108,2026-05-22 19:28:28,1,34.85,64.75,20.16,44.35,420,607,470,426,3696
1779478408,2026-05-22 19:33:28,1,34.68,65.34,19.78,43.66,419,610,468,418,3697
1779478708,2026-05-22 19:38:28,1,34.74,64.23,18.33,41.81,421,601,457,414,3698
1779479008,2026-05-22 19:43:28,1,34.85,64.89,19.32,40.37,419,609,461,399,3699
1779479308,2026-05-22 19:48:28,1,34.41,64.16,19.15,42.73,415,601,463,415,3700
1779479608,2026-05-22 19:53:28,1,34.67,64.68,19.65,43.13,417,608,468,420,3701
1779479908,2026-05-22 19:58:28,1,34.58,64.26,19.78,41.98,417,601,468,411,3702
1779480208,2026-05-22 20:03:28,1,34.38,64.38,19.68,42.34,417,604,467,414,3703
1779480508,2026-05-22 20:08:28,1,34.74,63.74,19.53,40.58,420,596,468,404,3704
1779480808,2026-05-22 20:13:28,1,34.94,66.09,19.4,39.48,419,619,466,394,3705
1779481108,2026-05-22 20:18:28,1,34.74,64.49,18.96,40.98,420,599,459,406,3706
1779481408,2026-05-22 20:23:28,1,34.72,63.74,19.05,39.96,418,597,461,400,3707
1779481708,2026-05-22 20:28:28,1,34.39,64.52,18.92,43.62,415,602,459,424,3708
1779482008,2026-05-22 20:33:28,1,34.19,64.22,19.51,39.18,415,602,464,393,3709
1779482308,2026-05-22 20:38:28,1,34.74,63.98,18.78,41.94,419,601,458,414,3710
1779482608,2026-05-22 20:43:28,1,34.7,65.46,19.16,38.14,417,608,461,387,3711
1779482908,2026-05-22 20:48:28,1,34.49,64.89,19.25,43.02,415,604,464,416,3712
1779483208,2026-05-22 20:53:28,1,35.06,64.69,18.21,40.7,420,609,457,407,3713
1779483508,2026-05-22 20:58:28,1,34.04,65.8,19.46,39.57,414,615,465,398,3714
1779483808,2026-05-22 21:03:28,1,34.33,63.71,18.41,42.09,416,594,458,412,3715
1779484108,2026-05-22 21:08:28,1,34.45,65.42,18.48,38.73,416,612,460,392,3716
1779484408,2026-05-22 21:13:28,1,34.14,64.39,18.85,39.07,412,602,459,394,3717
1779484708,2026-05-22 21:18:28,1,34.29,63.81,19.46,39.16,414,600,463,394,3718
1779485008,2026-05-22 21:23:28,1,34.08,63.22,18.18,39.67,414,593,453,396,3719
1779485308,2026-05-22 21:28:28,1,34.29,64.83,18.64,41.98,412,613,459,412,3720
1779485608,2026-05-22 21:33:28,1,34.19,65.09,18.61,38.35,415,609,457,391,3721
1779485908,2026-05-22 21:38:28,1,34.42,64.66,18.26,39.48,414,605,454,396,3722
1779486208,2026-05-22 21:43:28,1,33.72,65.34,18.62,38.15,411,612,460,388,3723
1779486508,2026-05-22 21:48:28,1,33.8,65.48,18.47,39.66,411,610,459,397,3724
1779486808,2026-05-22 21:53:28,1,33.9,65.15,18.22,37.23,415,608,455,381,3725
1779487108,2026-05-22 21:58:28,1,34.01,64.72,18.4,39.92,417,603,456,403,3726
1779487408,2026-05-22 22:03:28,1,33.68,64.92,18.89,37.88,412,608,462,386,3727
1779487708,2026-05-22 22:08:28,1,34.42,65.05,18.43,35.72,415,607,458,372,3728
1779488008,2026-05-22 22:13:28,1,33.92,65.07,19.06,33.84,414,604,459,367,3729
1779488308,2026-05-22 22:18:28,1,33.99,66.41,17.86,36.0,413,620,453,375,3730
1779488608,2026-05-22 22:23:28,1,34.14,65.61,18.21,36.55,414,611,456,378,3731
1779488908,2026-05-22 22:28:28,1,33.98,65.64,18.29,36.76,414,611,454,379,3732
1779489208,2026-05-22 22:33:28,1,33.9,64.18,17.47,35.99,414,604,447,376,3733
1779489508,2026-05-22 22:38:28,1,33.48,65.76,18.31,34.89,410,614,454,369,3734
1779489808,2026-05-22 22:43:28,1,34.32,66.47,17.62,34.46,416,620,449,364,3735
1779490108,2026-05-22 22:48:28,1,34.21,66.11,18.08,33.78,414,617,455,361,3736
1779490408,2026-05-22 22:53:28,1,34.37,65.23,18.41,30.34,416,610,457,343,3737
1779490708,2026-05-22 22:58:28,1,33.84,66.49,18.26,33.38,413,621,456,362,3738
1779491008,2026-05-22 23:03:28,1,33.9,66.52,18.51,30.6,412,621,457,342,3739
1779491308,2026-05-22 23:08:28,1,34.28,67.02,19.12,31.52,416,623,461,347,3740
1779491608,2026-05-22 23:13:28,1,33.81,66.87,17.89,29.36,415,621,453,333,3741
1779491908,2026-05-22 23:18:28,1,34.59,66.69,17.71,28.52,415,620,452,332,3742
1779492208,2026-05-22 23:23:28,1,33.86,66.07,18.1,33.28,413,618,454,360,3743
1779492508,2026-05-22 23:28:28,1,33.83,67.96,17.98,32.21,412,631,457,354,3744
1779492808,2026-05-22 23:33:28,1,33.96,67.77,18.13,27.54,413,629,455,325,3745
1779493108,2026-05-22 23:38:28,1,33.84,66.95,18.24,29.93,411,621,457,339,3746
1779493408,2026-05-22 23:43:28,1,34.08,67.69,17.4,29.02,415,626,450,333,3747
1779493708,2026-05-22 23:48:28,1,33.79,66.52,18.47,29.62,412,618,455,338,3748
1779494008,2026-05-22 23:53:28,1,33.87,67.58,18.38,25.47,414,627,456,311,3749
1779494308,2026-05-22 23:58:28,1,33.91,67.88,17.71,26.89,414,631,456,321,3750
1779494608,2026-05-23 00:03:28,1,34.11,66.24,17.94,24.72,413,614,451,306,3751
1779494908,2026-05-23 00:08:28,1,33.72,68.05,17.96,25.21,414,628,454,312,3752
1779495208,2026-05-23 00:13:28,1,33.51,67.7,18.69,27.52,409,632,459,323,3753
1779495508,2026-05-23 00:18:28,1,33.69,67.55,17.14,28.5,414,626,444,329,3754
1779495808,2026-05-23 00:23:28,1,34.07,68.42,18.11,24.8,414,629,452,312,3755
1779496108,2026-05-23 00:28:28,1,33.79,68.09,18.76,24.73,412,631,456,305,3756
1779496408,2026-05-23 00:33:28,1,34.2,67.76,18.51,25.89,415,628,461,315,3757
1779496708,2026-05-23 00:38:28,1,33.55,68.57,18.36,23.18,411,634,456,299,3758
1779497008,2026-05-23 00:43:28,1,33.66,68.92,18.08,28.33,411,636,455,328,3759
1779497308,2026-05-23 00:48:28,1,33.3,69.15,18.23,22.37,412,639,458,293,3760
1779497608,2026-05-23 00:53:28,1,33.8,68.79,18.17,24.66,414,635,455,309,3761
1779497908,2026-05-23 00:58:28,1,33.58,69.03,18.2,23.55,410,637,456,302,3762
1779498208,2026-05-23 01:03:28,1,33.69,68.67,18.04,20.85,414,636,451,285,3763
1779498508,2026-05-23 01:08:28,1,34.06,68.07,17.83,22.97,416,633,453,300,3764
1779498808,2026-05-23 01:13:28,1,33.71,68.14,18.18,21.23,413,632,458,288,3765
1779499108,2026-05-23 01:18:28,1,33.46,68.94,18.54,21.2,410,634,460,284,3766
1779499408,2026-05-23 01:23:28,1,33.76,69.53,18.34,20.6,415,639,455,286,3767
1779499708,2026-05-23 01:28:28,1,33.63,69.63,18.3,19.98,410,642,455,280,3768
1779500008,2026-05-23 01:33:28,1,33.93,69.3,18.65,21.48,413,637,457,288,3769
1779500308,2026-05-23 01:38:28,1,34.26,69.25,18.9,24.0,416,635,462,301,3770
1779500608,2026-05-23 01:43:28,1,33.67,69.48,18.89,21.94,411,641,459,293,3771
1779500908,2026-05-23 01:48:28,1,33.87,69.24,18.6,19.45,412,637,456,279,3772
1779501208,2026-05-23 01:53:28,1,34.3,69.79,18.69,20.19,416,639,460,280,3773
1779501508,2026-05-23 01:58:28,1,34.3,69.08,18.81,18.75,415,641,459,271,3774
1779501808,2026-05-23 02:03:28,1,33.9,68.93,18.88,20.13,413,638,458,277,3775
1779502108,2026-05-23 02:08:28,1,33.74,69.47,18.87,22.73,414,642,460,297,3776
1779502408,2026-05-23 02:13:28,1,34.3,69.45,18.69,19.07,417,643,459,272,3777
1779502708,2026-05-23 02:18:28,1,33.72,69.8,19.12,21.89,414,640,462,291,3778
1779503008,2026-05-23 02:23:28,1,34.18,69.74,19.61,19.75,415,644,466,280,3779
1779503308,2026-05-23 02:28:28,1,33.81,70.29,18.78,19.43,411,649,460,276,3780
1779503608,2026-05-23 02:33:28,1,34.26,69.35,19.37,18.0,416,641,464,270,3781
1779503908,2026-05-23 02:38:28,1,34.03,70.08,19.12,18.98,415,643,462,273,3782
1779504208,2026-05-23 02:43:28,1,34.18,69.22,18.66,18.28,415,637,458,270,3783
1779504508,2026-05-23 02:48:28,1,33.6,69.1,18.57,18.0,408,636,459,266,3784
1779504808,2026-05-23 02:53:28,1,33.84,71.21,19.74,19.29,414,652,468,273,3785
1779505108,2026-05-23 02:58:28,1,34.5,70.67,19.6,18.0,417,646,467,267,3786
1779505408,2026-05-23 03:03:28,1,33.69,70.05,19.78,18.0,410,646,469,267,3787
1779505708,2026-05-23 03:08:28,1,34.25,70.14,19.45,18.0,413,646,468,268,3788
1779506008,2026-05-23 03:13:28,1,34.5,68.57,19.25,19.62,419,637,463,277,3789
1779506308,2026-05-23 03:18:28,1,34.44,69.13,19.13,18.49,416,637,463,270,3790
1779506608,2026-05-23 03:23:28,1,34.27,69.43,19.24,18.45,413,637,461,270,3791
1779506908,2026-05-23 03:28:28,1,33.73,70.1,19.76,18.0,412,644,466,264,3792
1779507208,2026-05-23 03:33:28,1,33.9,69.87,19.17,18.0,413,642,465,267,3793
1779507508,2026-05-23 03:38:28,1,34.46,68.99,19.91,19.16,416,636,469,276,3794
1779507808,2026-05-23 03:43:28,1,34.29,69.14,19.81,18.0,413,637,470,269,3795
1779508108,2026-05-23 03:48:28,1,34.73,69.32,20.33,19.02,419,641,472,272,3796
1779508408,2026-05-23 03:53:28,1,34.31,68.88,20.03,18.0,418,638,469,267,3797
1779508708,2026-05-23 03:58:28,1,34.36,69.15,20.01,18.47,414,639,470,270,3798
1779509008,2026-05-23 04:03:28,1,34.19,69.57,19.77,18.09,414,639,470,270,3799
1779509308,2026-05-23 04:08:28,1,34.36,68.93,20.55,18.78,416,638,476,273,3800
1779509608,2026-05-23 04:13:28,1,34.12,68.65,20.34,19.13,416,634,471,276,3801
1779509908,2026-05-23 04:18:28,1,34.2,69.41,20.76,18.0,418,637,475,268,3802
1779510208,2026-05-23 04:23:28,1,34.61,68.17,20.53,18.0,417,631,471,270,3803
1779510508,2026-05-23 04:28:28,1,34.79,68.4,21.19,20.97,415,633,480,288,3804
1779510808,2026-05-23 04:33:28,1,34.52,68.53,20.7,18.73,418,632,474,271,3805
1779511108,2026-05-23 04:38:28,1,34.79,67.73,21.14,18.0,419,625,479,267,3806
1779511408,2026-05-23 04:43:28,1,34.5,68.13,21.14,18.0,416,631,481,269,3807
1779511708,2026-05-23 04:48:28,1,35.06,68.39,20.6,18.59,420,632,473,271,3808
1779512008,2026-05-23 04:53:28,1,34.45,67.86,20.73,21.82,417,625,476,289,3809
1779512308,2026-05-23 04:58:28,1,34.83,67.38,21.33,20.94,419,627,481,285,3810
1779512608,2026-05-23 05:03:28,1,34.77,67.86,20.98,22.48,416,631,475,297,3811
1779512908,2026-05-23 05:08:28,1,34.52,67.23,21.47,22.62,415,623,479,294,3812
1779513208,2026-05-23 05:13:28,1,35.12,68.32,21.96,19.23,421,631,485,274,3813
1779513508,2026-05-23 05:18:28,1,34.38,67.47,21.25,21.96,415,627,477,291,3814
1779513808,2026-05-23 05:23:28,1,34.28,66.98,21.55,20.91,415,622,481,285,3815
1779514108,2026-05-23 05:28:28,1,34.58,65.73,21.51,21.43,418,614,482,288,3816
1779514408,2026-05-23 05:33:28,1,34.93,67.22,21.32,22.24,419,619,479,295,3817
1779514708,2026-05-23 05:38:28,1,35.0,66.59,21.82,21.14,419,620,483,286,3818
1779515008,2026-05-23 05:43:28,1,34.85,66.45,21.93,22.43,418,615,484,293,3819
1779515308,2026-05-23 05:48:28,1,34.88,66.5,21.08,20.46,419,618,480,282,3820
1779515608,2026-05-23 05:53:28,1,34.92,66.35,22.51,24.57,419,617,491,307,3821
1779515908,2026-05-23 05:58:28,1,35.07,65.99,21.28,22.86,420,613,479,296,3822
1779516208,2026-05-23 06:03:28,1,34.61,66.19,21.98,24.3,417,615,487,305,3823
1779516508,2026-05-23 06:08:28,1,34.97,66.43,22.17,23.19,419,618,490,298,3824
1779516808,2026-05-23 06:13:28,1,34.64,66.57,22.0,25.29,417,621,485,313,3825
1779517108,2026-05-23 06:18:28,1,35.3,65.44,21.88,23.71,422,609,484,303,3826
1779517408,2026-05-23 06:23:28,1,35.04,65.05,23.01,27.63,419,604,494,325,3827
1779517708,2026-05-23 06:28:28,1,35.43,65.46,22.46,26.92,420,610,487,320,3828
1779518008,2026-05-23 06:33:28,1,35.33,66.67,21.33,24.71,421,621,481,308,3829
1779518308,2026-05-23 06:38:28,1,35.4,65.65,22.83,26.06,422,613,495,314,3830
1779518608,2026-05-23 06:43:28,1,34.69,65.3,21.74,24.95,417,611,484,309,3831
1779518908,2026-05-23 06:48:28,1,35.29,64.75,22.11,26.05,420,605,484,316,3832
1779519208,2026-05-23 06:53:28,1,35.21,65.83,22.55,29.22,421,614,486,334,3833
1779519508,2026-05-23 06:58:28,1,34.89,64.86,22.34,28.63,417,609,483,332,3834
1779519808,2026-05-23 07:03:28,1,34.97,64.88,22.93,27.52,419,607,494,325,3835
1779520108,2026-05-23 07:08:28,1,35.17,65.49,23.17,26.98,422,612,495,319,3836
1779520408,2026-05-23 07:13:28,1,35.25,65.39,22.25,27.76,422,611,486,328,3837
1779520708,2026-05-23 07:18:28,1,35.51,65.11,24.23,28.02,425,609,504,326,3838
1779521008,2026-05-23 07:23:28,1,35.28,66.5,22.96,33.05,421,617,494,358,3839
1779521308,2026-05-23 07:28:28,1,35.75,64.9,22.92,28.66,423,608,493,332,3840
1779521608,2026-05-23 07:33:28,1,35.1,64.76,23.33,31.82,420,608,495,349,3841
1779521908,2026-05-23 07:38:28,1,35.41,63.13,23.29,30.6,422,591,495,344,3842
1779522208,2026-05-23 07:43:28,1,35.44,64.86,23.48,31.36,423,606,499,348,3843
1779522508,2026-05-23 07:48:28,1,35.75,65.04,23.32,31.77,425,606,496,351,3844
1779522808,2026-05-23 07:53:28,1,35.5,64.55,23.39,30.9,421,604,498,348,3845
1779523108,2026-05-23 07:58:28,1,35.11,63.24,23.5,33.39,421,597,496,361,3846
1779523408,2026-05-23 08:03:28,1,35.0,64.95,23.63,32.75,420,606,499,356,3847
1779523708,2026-05-23 08:08:28,1,35.65,63.95,23.73,33.43,420,599,497,360,3848
1779524008,2026-05-23 08:13:28,1,35.42,64.55,23.98,33.4,420,603,501,361,3849
1779524308,2026-05-23 08:18:28,1,35.67,63.85,24.22,32.89,424,599,504,356,3850
1779524608,2026-05-23 08:23:28,1,35.44,65.07,24.24,32.81,422,608,503,358,3851
1779524908,2026-05-23 08:28:28,1,35.54,64.08,24.15,33.77,422,601,502,360,3852
1779525208,2026-05-23 08:33:28,1,35.85,64.41,23.87,33.27,423,601,499,362,3853
1779525508,2026-05-23 08:38:28,1,36.13,66.05,24.21,36.07,426,616,504,374,3854
1779525808,2026-05-23 08:43:28,1,35.5,63.7,24.68,36.24,422,596,507,376,3855
1779526108,2026-05-23 08:48:28,1,36.01,65.0,24.52,37.01,423,606,507,382,3856
1779526408,2026-05-23 08:53:28,1,35.65,64.0,24.48,38.51,421,599,504,391,3857
1779526708,2026-05-23 08:58:28,1,35.73,64.83,24.41,36.31,424,607,505,377,3858
1779527008,2026-05-23 09:03:28,1,35.65,64.41,25.26,35.64,425,603,514,372,3859
1779527308,2026-05-23 09:08:28,1,35.62,64.5,24.78,37.17,424,604,507,382,3860
1779527608,2026-05-23 09:13:28,1,36.06,64.0,24.71,37.54,426,601,508,385,3861
1779527908,2026-05-23 09:18:28,1,35.75,65.04,25.08,37.13,423,607,509,382,3862
1779528208,2026-05-23 09:23:28,1,35.91,65.71,25.4,36.15,426,613,512,375,3863
1779528508,2026-05-23 09:28:28,1,36.42,64.02,24.84,38.61,426,599,513,392,3864
1779528808,2026-05-23 09:33:28,1,35.54,65.07,24.67,38.97,420,608,505,392,3865
1779529108,2026-05-23 09:38:28,1,35.59,65.37,24.49,40.55,422,610,506,402,3866
1779529408,2026-05-23 09:43:28,1,36.04,65.04,25.46,37.43,423,606,512,382,3867
1779529708,2026-05-23 09:48:28,1,35.87,64.32,25.28,39.9,425,599,514,401,3868
1779530008,2026-05-23 09:53:28,1,36.14,64.81,24.59,41.6,427,606,507,409,3869
1779530308,2026-05-23 09:58:28,1,36.05,64.73,24.64,40.67,424,605,507,404,3870
1779530608,2026-05-23 10:03:28,1,35.58,65.5,24.64,41.32,423,612,509,407,3871
1779530908,2026-05-23 10:08:28,1,35.96,65.59,24.88,37.9,425,611,509,388,3872
1779531208,2026-05-23 10:13:28,1,35.5,65.66,24.65,42.22,421,614,509,412,3873
1779531508,2026-05-23 10:18:28,1,35.62,66.11,25.08,38.43,423,615,509,390,3874
1779531808,2026-05-23 10:23:28,1,35.95,64.41,25.3,42.81,425,602,511,418,3875
1779532108,2026-05-23 10:28:28,1,35.6,66.8,25.05,42.2,421,619,507,413,3876
1779532408,2026-05-23 10:33:28,1,35.86,65.91,23.89,40.21,426,613,500,401,3877
1779532708,2026-05-23 10:38:28,1,35.9,64.98,24.55,39.02,422,607,507,392,3878
1779533008,2026-05-23 10:43:28,1,36.12,66.72,24.09,41.24,425,619,502,405,3879
1779533308,2026-05-23 10:48:28,1,36.35,66.13,24.44,41.88,426,615,508,410,3880
1779533608,2026-05-23 10:53:28,1,35.94,65.94,24.8,43.74,426,612,509,422,3881
1779533908,2026-05-23 10:58:28,1,36.07,67.19,25.46,41.38,426,627,516,406,3882
1779534208,2026-05-23 11:03:28,1,35.75,66.55,24.71,40.9,423,619,508,406,3883
1779534508,2026-05-23 11:08:28,1,35.89,67.18,24.38,43.98,425,620,504,427,3884
1779534808,2026-05-23 11:13:28,1,35.94,66.67,24.61,39.87,425,624,506,401,3885
1779535108,2026-05-23 11:18:28,1,35.9,65.63,25.14,43.4,423,612,510,420,3886
1779535408,2026-05-23 11:23:28,1,35.53,66.43,25.27,43.06,422,617,513,416,3887
1779535708,2026-05-23 11:28:28,1,35.48,65.94,25.58,44.55,423,614,514,427,3888
1779536008,2026-05-23 11:33:28,1,35.4,66.26,24.31,40.6,422,621,504,404,3889
1779536308,2026-05-23 11:38:28,1,35.65,66.85,24.66,41.86,424,619,508,411,3890
1779536608,2026-05-23 11:43:28,1,35.94,66.12,25.04,42.12,424,618,512,412,3891
1779536908,2026-05-23 11:48:28,1,35.75,67.9,25.11,39.31,424,626,509,393,3892
1779537208,2026-05-23 11:53:28,1,35.96,68.13,25.18,43.6,426,632,511,421,3893
1779537508,2026-05-23 11:58:28,1,35.76,68.19,25.3,41.41,423,631,512,407,3894
1779537808,2026-05-23 12:03:28,1,36.04,67.06,25.08,41.47,425,617,511,408,3895
1779538108,2026-05-23 12:08:28,1,35.68,66.4,25.23,40.6,425,618,510,404,3896
1779538408,2026-05-23 12:13:28,1,35.59,68.91,25.59,41.57,421,634,516,412,3897
1779538708,2026-05-23 12:18:28,1,36.52,69.05,24.47,42.62,431,640,508,415,3898
1779539008,2026-05-23 12:23:28,1,35.96,68.69,25.42,41.23,424,635,512,407,3899
1779539308,2026-05-23 12:28:28,1,35.66,67.45,24.26,39.97,423,625,503,396,3900
1779539608,2026-05-23 12:33:28,1,35.77,68.1,25.77,40.67,423,630,516,403,3901
1779539908,2026-05-23 12:38:28,1,35.82,68.91,24.42,42.53,423,638,506,415,3902
1779540208,2026-05-23 12:43:28,1,35.44,68.38,24.54,39.21,424,634,502,394,3903
1779540508,2026-05-23 12:48:28,1,35.58,67.67,24.87,41.25,423,626,511,407,3904
1779540808,2026-05-23 12:53:28,1,35.73,69.13,24.92,39.7,422,635,509,395,3905
1779541108,2026-05-23 12:58:28,1,35.7,68.3,24.62,41.91,423,629,504,414,3906
1779541408,2026-05-23 13:03:28,1,35.68,68.88,25.02,39.15,423,638,511,394,3907
1779541708,2026-05-23 13:08:28,1,35.54,68.08,25.41,40.69,422,630,514,405,3908
1779542008,2026-05-23 13:13:28,1,35.52,69.06,24.41,39.9,421,637,505,398,3909
1779542308,2026-05-23 13:18:28,1,35.36,69.44,24.08,38.83,418,642,500,394,3910
1779542608,2026-05-23 13:23:28,1,35.87,69.95,24.13,39.07,423,646,503,395,3911
1779542908,2026-05-23 13:28:28,1,35.58,69.3,24.26,39.52,422,640,506,399,3912
1779543208,2026-05-23 13:33:28,1,35.88,68.99,24.2,37.5,422,640,504,385,3913
1779543508,2026-05-23 13:38:28,1,35.22,69.01,24.47,37.54,421,636,506,385,3914
1779543808,2026-05-23 13:43:28,1,35.31,67.48,24.16,36.6,420,627,503,381,3915
1779544108,2026-05-23 13:48:28,1,35.25,69.52,24.02,37.59,422,640,500,387,3916
1779544408,2026-05-23 13:53:28,1,35.32,69.1,23.63,35.62,420,638,501,373,3917
1779544708,2026-05-23 13:58:28,1,35.45,68.83,25.0,36.02,424,637,509,374,3918
1779545008,2026-05-23 14:03:28,1,35.41,68.52,24.69,37.76,421,634,507,386,3919
1779545308,2026-05-23 14:08:28,1,35.28,69.36,24.4,37.13,422,638,505,381,3920
1779545608,2026-05-23 14:13:28,1,35.13,69.11,24.81,36.34,419,639,508,379,3921
1779545908,2026-05-23 14:18:28,1,35.54,70.34,23.1,38.14,421,651,494,388,3922
1779546208,2026-05-23 14:23:28,1,35.34,68.91,24.45,34.66,422,636,505,367,3923
1779546508,2026-05-23 14:28:28,1,35.17,69.22,23.83,36.25,420,639,501,380,3924
1779546808,2026-05-23 14:33:28,1,35.62,70.58,23.8,36.04,424,648,500,374,3925
1779547108,2026-05-23 14:38:28,1,35.61,69.2,24.46,34.83,420,640,506,368,3926
1779547408,2026-05-23 14:43:28,1,34.65,69.87,23.41,31.96,417,646,495,350,3927
1779547708,2026-05-23 14:48:28,1,35.21,69.25,24.27,36.67,421,639,506,377,3928
1779548008,2026-05-23 14:53:28,1,35.1,69.94,23.61,33.94,423,645,501,365,3929
1779548308,2026-05-23 14:58:28,1,35.0,69.75,24.11,32.5,418,641,503,355,3930
1779548608,2026-05-23 15:03:28,1,34.87,70.7,23.69,31.93,418,649,500,351,3931
1779548908,2026-05-23 15:08:28,1,35.28,69.06,23.63,33.53,423,635,496,362,3932
1779549208,2026-05-23 15:13:28,1,34.76,69.4,23.23,30.75,418,638,495,344,3933
1779549508,2026-05-23 15:18:28,1,34.92,69.2,23.54,31.85,421,636,497,350,3934
1779549808,2026-05-23 15:23:28,1,34.76,69.34,23.52,30.54,419,640,498,340,3935
1779550108,2026-05-23 15:28:28,1,34.92,68.99,23.33,33.01,420,635,495,355,3936
1779550408,2026-05-23 15:33:28,1,34.5,68.95,23.44,29.89,416,639,497,338,3937
1779550708,2026-05-23 15:38:28,1,34.79,69.02,23.06,29.17,419,635,497,332,3938
1779551008,2026-05-23 15:43:28,1,35.09,68.57,23.93,28.98,419,634,500,333,3939
1779551308,2026-05-23 15:48:28,1,34.74,70.29,23.17,24.55,419,646,495,310,3940
1779551608,2026-05-23 15:53:28,1,34.69,68.91,22.4,29.4,419,633,491,336,3941
1779551908,2026-05-23 15:58:28,1,34.93,68.63,22.75,28.9,417,634,490,334,3942
1779552208,2026-05-23 16:03:28,1,34.73,69.66,23.01,29.54,417,642,495,336,3943
1779552508,2026-05-23 16:08:28,1,34.88,67.83,23.35,27.03,419,626,495,321,3944
1779552808,2026-05-23 16:13:28,1,34.52,68.09,22.4,26.62,418,629,490,318,3945
1779553108,2026-05-23 16:18:28,1,34.52,68.68,22.77,26.06,415,635,492,318,3946
1779553408,2026-05-23 16:23:28,1,34.18,68.54,22.99,25.16,414,634,491,309,3947
1779553708,2026-05-23 16:28:28,1,34.32,68.13,22.29,29.22,415,631,488,336,3948
1779554008,2026-05-23 16:33:28,1,34.57,68.5,22.21,29.1,414,635,488,335,3949
1779554308,2026-05-23 16:38:28,1,33.69,68.08,22.16,25.6,415,629,487,315,3950
1779554608,2026-05-23 16:43:28,1,34.4,67.72,23.48,25.47,418,632,498,312,3951
1779554908,2026-05-23 16:48:28,1,34.01,67.71,20.73,23.01,413,629,476,295,3952
1779555208,2026-05-23 16:53:28,1,34.46,67.69,22.51,22.17,416,628,488,293,3953
1779555508,2026-05-23 16:58:28,1,34.52,67.43,22.91,23.14,418,627,492,298,3954
1779555808,2026-05-23 17:03:28,1,34.17,67.62,21.53,23.16,413,631,480,301,3955
1779556108,2026-05-23 17:08:28,1,34.31,67.65,21.82,22.86,414,626,483,295,3956
1779556408,2026-05-23 17:13:28,1,34.16,67.56,22.05,23.17,413,626,487,298,3957
1779556708,2026-05-23 17:18:28,1,34.37,66.47,20.82,24.43,414,617,475,307,3958
1779557008,2026-05-23 17:23:28,1,34.05,67.17,22.13,22.56,415,626,488,295,3959
1779557308,2026-05-23 17:28:28,1,33.59,66.81,21.38,19.78,411,620,482,280,3960
1779557608,2026-05-23 17:33:28,1,33.69,66.76,21.04,19.38,412,621,477,277,3961
1779557908,2026-05-23 17:38:28,1,34.23,66.7,21.16,21.1,416,618,480,288,3962
1779558208,2026-05-23 17:43:28,1,34.11,66.21,21.05,22.5,413,614,479,296,3963
1779558508,2026-05-23 17:48:28,1,33.87,66.86,22.1,21.7,414,622,484,292,3964
1779558808,2026-05-23 17:53:28,1,34.16,66.92,20.92,20.9,414,624,478,287,3965
1779559108,2026-05-23 17:58:28,1,33.87,66.63,21.01,18.97,414,617,477,273,3966
1779559408,2026-05-23 18:03:28,1,34.34,67.24,21.46,18.0,419,625,481,267,3967
1779559708,2026-05-23 18:08:28,1,34.07,66.36,20.78,19.43,413,618,475,275,3968
1779560008,2026-05-23 18:13:28,1,33.57,65.89,20.76,18.7,411,616,478,270,3969
1779560308,2026-05-23 18:18:28,1,33.95,66.33,20.86,18.63,413,618,478,270,3970
1779560608,2026-05-23 18:23:28,1,33.92,66.9,20.51,18.32,415,620,474,268,3971
1779560908,2026-05-23 18:28:28,1,33.57,65.48,20.84,20.21,414,609,477,281,3972
1779561208,2026-05-23 18:33:28,1,33.27,66.3,20.47,18.0,408,612,472,268,3973
1779561508,2026-05-23 18:38:28,1,33.78,65.3,20.67,18.85,411,610,475,271,3974
1779561808,2026-05-23 18:43:28,1,33.61,65.47,20.61,18.85,413,613,471,269,3975
1779562108,2026-05-23 18:48:28,1,33.28,66.3,19.62,18.84,406,615,467,272,3976
1779562408,2026-05-23 18:53:28,1,33.33,65.82,20.32,18.0,408,613,474,268,3977
1779562708,2026-05-23 18:58:28,1,33.33,64.5,19.8,18.65,408,604,467,271,3978
1779563008,2026-05-23 19:03:28,1,33.11,65.59,20.18,18.0,409,611,468,267,3979
1779563308,2026-05-23 19:08:28,1,33.28,66.46,20.17,18.0,412,615,469,267,3980
1779563608,2026-05-23 19:13:28,1,33.62,64.36,19.95,18.0,411,603,468,267,3981
1779563908,2026-05-23 19:18:28,1,33.17,63.46,20.15,19.01,407,596,470,273,3982
1779564208,2026-05-23 19:23:28,1,32.93,64.94,19.65,18.0,407,609,468,267,3983
1779564508,2026-05-23 19:28:28,1,33.3,64.38,19.48,18.62,408,605,466,272,3984
1779564808,2026-05-23 19:33:28,1,33.4,64.65,19.47,18.0,409,606,466,268,3985
1779565108,2026-05-23 19:38:28,1,33.0,64.21,20.06,20.23,408,600,471,283,3986
1779565408,2026-05-23 19:43:28,1,33.35,65.4,19.64,18.0,408,608,469,268,3987
1779565708,2026-05-23 19:48:28,1,32.94,64.96,19.37,19.38,407,607,465,276,3988
1779566008,2026-05-23 19:53:28,1,33.12,64.49,19.53,18.89,407,603,465,274,3989
1779566308,2026-05-23 19:58:28,1,32.94,65.07,19.33,18.97,405,608,462,273,3990
1779566608,2026-05-23 20:03:28,1,33.09,65.15,19.05,19.43,407,611,463,277,3991
1779566908,2026-05-23 20:08:28,1,32.76,65.88,19.16,18.0,410,619,461,268,3992
1779567208,2026-05-23 20:13:28,1,32.71,64.37,19.29,18.0,408,600,463,270,3993
1779567508,2026-05-23 20:18:28,1,33.24,65.26,19.1,18.0,411,614,462,267,3994
1779567808,2026-05-23 20:23:28,1,32.98,64.33,19.08,19.81,407,604,460,278,3995
1779568108,2026-05-23 20:28:28,1,32.76,64.1,18.97,18.22,406,600,462,269,3996
1779568408,2026-05-23 20:33:28,1,32.51,64.76,19.28,18.0,406,610,463,267,3997
1779568708,2026-05-23 20:38:28,1,32.82,63.38,18.44,19.43,406,598,457,276,3998
1779569008,2026-05-23 20:43:28,1,32.79,64.22,18.68,20.5,409,602,460,284,3999
1779569308,2026-05-23 20:48:28,1,32.66,64.22,18.68,19.83,406,606,457,275,4000
1779569608,2026-05-23 20:53:28,1,32.07,64.06,18.59,18.0,404,601,462,267,4001
1779569908,2026-05-23 20:58:28,1,32.75,64.7,19.27,20.35,406,607,465,282,4002
1779570208,2026-05-23 21:03:28,1,32.67,64.58,19.07,20.22,408,607,461,280,4003
1779570508,2026-05-23 21:08:28,1,32.6,64.32,18.68,19.35,406,599,460,273,4004
1779570808,2026-05-23 21:13:28,1,32.56,64.08,18.52,20.82,403,598,455,285,4005
1779571108,2026-05-23 21:18:28,1,32.76,64.8,18.83,21.42,407,610,462,290,4006
1779571408,2026-05-23 21:23:28,1,32.23,64.85,18.38,22.14,403,607,456,292,4007
1779571708,2026-05-23 21:28:28,1,32.68,63.8,17.83,24.56,406,597,452,309,4008
1779572008,2026-05-23 21:33:28,1,31.91,63.68,18.87,24.52,400,594,461,308,4009
1779572308,2026-05-23 21:38:28,1,32.38,65.26,18.66,20.73,407,608,458,285,4010
1779572608,2026-05-23 21:43:28,1,32.55,64.64,17.74,24.46,405,605,451,308,4011
1779572908,2026-05-23 21:48:28,1,32.41,64.52,18.2,21.08,404,601,454,286,4012
1779573208,2026-05-23 21:53:28,1,32.61,65.03,18.57,26.42,408,610,457,319,4013
1779573508,2026-05-23 21:58:28,1,32.38,65.82,18.62,22.65,405,614,459,294,4014
1779573808,2026-05-23 22:03:28,1,32.43,65.12,18.1,21.57,406,606,455,286,4015
1779574108,2026-05-23 22:08:28,1,32.51,64.99,18.71,23.44,406,609,459,300,4016
1779574408,2026-05-23 22:13:28,1,31.99,65.86,17.72,23.61,402,616,453,300,4017
1779574708,2026-05-23 22:18:28,1,32.8,65.0,17.12,21.69,406,608,446,288,4018
1779575008,2026-05-23 22:23:28,1,32.36,66.61,18.24,26.96,407,619,456,320,4019
1779575308,2026-05-23 22:28:28,1,32.31,66.5,17.75,24.57,406,616,455,306,4020
1779575608,2026-05-23 22:33:28,1,32.27,66.03,18.41,28.33,403,617,456,328,4021
1779575908,2026-05-23 22:38:28,1,32.23,66.36,17.83,26.97,403,623,452,322,4022
1779576208,2026-05-23 22:43:28,1,32.73,65.29,18.23,25.96,406,611,456,314,4023
1779576508,2026-05-23 22:48:28,1,32.28,66.57,18.27,27.87,406,621,455,328,4024
1779576808,2026-05-23 22:53:28,1,32.4,67.31,18.21,29.79,405,626,455,336,4025
1779577108,2026-05-23 22:58:28,1,31.83,65.27,17.88,28.99,401,608,454,331,4026
1779577408,2026-05-23 23:03:28,1,32.03,65.41,17.65,26.8,401,610,450,323,4027
1779577708,2026-05-23 23:08:28,1,32.21,66.22,18.36,27.93,401,618,456,328,4028
1779578008,2026-05-23 23:13:28,1,32.34,66.89,17.79,27.33,405,622,453,323,4029
1779578308,2026-05-23 23:18:28,1,32.71,66.4,17.7,28.72,407,617,452,332,4030
1779578608,2026-05-23 23:23:28,1,32.39,66.75,17.97,29.91,404,619,454,337,4031
1779578908,2026-05-23 23:28:28,1,31.99,66.24,17.17,34.39,407,617,448,366,4032
1779579208,2026-05-23 23:33:28,1,32.28,66.38,18.33,29.71,406,618,457,339,4033
1779579508,2026-05-23 23:38:28,1,31.64,67.06,18.38,30.3,401,622,456,341,4034
1779579808,2026-05-23 23:43:28,1,32.37,67.41,17.83,29.63,403,624,453,340,4035
1779580108,2026-05-23 23:48:28,1,32.08,67.09,18.34,31.7,402,618,457,350,4036
1779580408,2026-05-23 23:53:28,1,32.47,68.39,17.58,32.82,406,633,447,356,4037
1779580708,2026-05-23 23:58:28,1,32.63,67.08,18.0,29.53,405,621,453,336,4038
1779581008,2026-05-24 00:03:28,1,32.42,67.9,17.95,32.12,405,629,453,354,4039
1779581308,2026-05-24 00:08:28,1,31.82,68.68,17.92,34.35,402,636,453,365,4040
1779581608,2026-05-24 00:13:28,1,32.49,68.89,17.63,35.16,406,636,448,371,4041
1779581908,2026-05-24 00:18:28,1,32.44,68.82,18.06,32.55,403,636,456,355,4042
1779582208,2026-05-24 00:23:28,1,32.75,67.98,18.25,36.63,406,633,457,379,4043
1779582508,2026-05-24 00:28:28,1,31.68,67.98,18.57,36.55,401,628,458,377,4044
1779582808,2026-05-24 00:33:28,1,32.25,68.22,18.9,33.54,406,632,459,363,4045
1779583108,2026-05-24 00:38:28,1,32.37,67.36,17.95,34.69,405,624,452,368,4046
1779583408,2026-05-24 00:43:28,1,31.69,68.53,18.11,36.43,402,633,456,379,4047
1779583708,2026-05-24 00:48:28,1,32.34,70.05,17.14,36.69,408,644,444,382,4048
1779584008,2026-05-24 00:53:28,1,32.09,69.2,18.25,35.05,402,637,457,370,4049
1779584308,2026-05-24 00:58:28,1,32.25,68.53,17.82,35.8,404,632,453,376,4050
1779584608,2026-05-24 01:03:28,1,32.18,69.08,18.6,36.57,405,637,460,381,4051
1779584908,2026-05-24 01:08:28,1,31.86,68.26,18.51,36.82,401,635,460,382,4052
1779585208,2026-05-24 01:13:28,1,32.34,69.73,18.36,36.5,403,643,457,377,4053
1779585508,2026-05-24 01:18:28,1,32.2,69.56,17.92,41.14,403,642,454,404,4054
1779585808,2026-05-24 01:23:28,1,32.28,69.03,18.41,40.09,405,637,456,400,4055
1779586108,2026-05-24 01:28:28,1,32.13,69.13,18.53,37.49,405,640,457,384,4056
1779586408,2026-05-24 01:33:28,1,32.17,69.9,18.15,37.95,402,645,456,387,4057
1779586708,2026-05-24 01:38:28,1,32.21,69.71,18.49,40.87,405,643,456,408,4058
1779587008,2026-05-24 01:43:28,1,32.82,69.61,18.54,39.94,409,642,460,400,4059
1779587308,2026-05-24 01:48:28,1,32.5,68.93,18.71,39.13,407,637,460,393,4060
1779587608,2026-05-24 01:53:28,1,32.37,69.89,17.9,39.32,406,642,454,394,4061
1779587908,2026-05-24 01:58:28,1,32.73,70.14,18.86,40.36,410,645,459,403,4062
1779588208,2026-05-24 02:03:28,1,32.56,70.5,18.39,40.91,404,648,460,408,4063
1779588508,2026-05-24 02:08:28,1,32.43,69.89,19.02,42.23,401,644,464,412,4064
1779588808,2026-05-24 02:13:28,1,32.7,68.9,18.8,41.32,407,635,458,408,4065
1779589108,2026-05-24 02:18:28,1,32.86,68.43,19.28,43.01,405,628,466,419,4066
1779589408,2026-05-24 02:23:28,1,32.7,68.56,19.22,37.86,406,630,461,390,4067
1779589708,2026-05-24 02:28:28,1,32.99,69.81,19.48,41.45,409,642,464,408,4068
1779590008,2026-05-24 02:33:28,1,32.99,69.51,18.76,40.82,408,640,462,403,4069
1779590308,2026-05-24 02:38:28,1,32.32,68.95,19.39,42.91,404,638,466,418,4070
1779590608,2026-05-24 02:43:28,1,32.45,69.1,19.37,41.52,404,641,464,410,4071
1779590908,2026-05-24 02:48:28,1,32.75,69.78,19.26,43.49,406,644,466,419,4072
1779591208,2026-05-24 02:53:28,1,32.73,69.88,19.3,42.27,406,643,460,416,4073
1779591508,2026-05-24 02:58:28,1,32.64,69.51,18.68,39.46,404,640,462,395,4074
1779591808,2026-05-24 03:03:28,1,32.78,69.14,19.78,41.01,407,635,469,404,4075
1779592108,2026-05-24 03:08:28,1,32.88,69.56,18.8,42.75,408,642,458,415,4076
1779592408,2026-05-24 03:13:28,1,32.7,69.4,19.48,40.7,406,642,467,406,4077
1779592708,2026-05-24 03:18:28,1,32.83,69.48,19.26,42.63,406,637,463,417,4078
1779593008,2026-05-24 03:23:28,1,32.88,69.39,18.93,44.96,407,637,459,430,4079
1779593308,2026-05-24 03:28:28,1,32.08,69.4,19.98,43.44,403,636,468,420,4080
1779593608,2026-05-24 03:33:28,1,32.84,69.65,19.38,42.9,407,643,463,419,4081
1779593908,2026-05-24 03:38:28,1,32.87,68.43,19.46,43.33,407,635,465,418,4082
1779594208,2026-05-24 03:43:28,1,33.22,69.12,19.89,42.98,408,637,466,419,4083
1779594508,2026-05-24 03:48:28,1,32.6,68.59,19.69,41.74,407,632,465,411,4084
1779594808,2026-05-24 03:53:28,1,32.91,69.06,20.03,43.19,409,638,471,419,4085
1779595108,2026-05-24 03:58:28,1,32.97,69.17,19.44,39.62,408,640,465,398,4086
1779595408,2026-05-24 04:03:28,1,33.02,70.58,19.77,40.25,408,652,467,399,4087
1779595708,2026-05-24 04:08:28,1,33.33,68.09,19.96,41.21,413,629,468,405,4088
1779596008,2026-05-24 04:13:28,1,33.08,68.51,20.98,41.13,407,636,476,407,4089
1779596308,2026-05-24 04:18:28,1,32.98,68.68,20.45,40.73,412,635,473,404,4090
1779596608,2026-05-24 04:23:28,1,32.63,68.75,20.75,40.97,408,633,474,405,4091
1779596908,2026-05-24 04:28:28,1,33.12,67.63,20.4,40.55,408,628,473,403,4092
1779597208,2026-05-24 04:33:28,1,33.42,67.71,21.17,42.99,411,627,480,418,4093
1779597508,2026-05-24 04:38:28,1,33.31,67.95,20.95,39.04,411,627,476,396,4094
1779597808,2026-05-24 04:43:28,1,33.13,68.07,19.81,41.09,410,630,467,408,4095
1779598108,2026-05-24 04:48:28,1,32.92,68.02,21.22,42.97,406,632,478,416,4096
1779598408,2026-05-24 04:53:28,1,33.58,67.16,20.78,41.92,413,622,479,409,4097
1779598708,2026-05-24 04:58:28,1,33.13,67.6,20.97,43.2,409,625,482,419,4098
1779599008,2026-05-24 05:03:28,1,32.87,67.61,20.58,42.98,406,625,473,419,4099
1779599308,2026-05-24 05:08:28,1,33.39,67.57,21.92,40.18,411,625,485,400,4100
1779599608,2026-05-24 05:13:28,1,33.8,67.79,20.94,38.5,412,629,478,392,4101
1779599908,2026-05-24 05:18:28,1,33.52,66.77,20.86,37.29,414,621,475,384,4102
1779600208,2026-05-24 05:23:28,1,33.45,67.25,21.27,39.24,411,623,478,397,4103
1779600508,2026-05-24 05:28:28,1,33.7,67.1,21.56,38.91,411,621,481,393,4104
1779600808,2026-05-24 05:33:28,1,33.42,66.68,21.17,39.46,409,620,480,395,4105
1779601108,2026-05-24 05:38:28,1,33.67,66.91,21.12,39.92,412,620,479,401,4106
1779601408,2026-05-24 05:43:28,1,33.41,66.88,22.1,38.84,409,622,484,393,4107
1779601708,2026-05-24 05:48:28,1,34.02,66.84,21.69,35.59,413,624,482,372,4108
1779602008,2026-05-24 05:53:28,1,33.8,65.98,21.97,38.47,412,616,486,392,4109
1779602308,2026-05-24 05:58:28,1,33.43,65.73,21.91,36.29,412,612,484,378,4110
1779602608,2026-05-24 06:03:28,1,33.51,66.01,22.21,37.26,410,611,487,385,4111
1779602908,2026-05-24 06:08:28,1,34.2,66.26,22.22,37.99,416,619,490,389,4112
1779603208,2026-05-24 06:13:28,1,33.66,65.01,22.37,32.99,410,607,490,357,4113
1779603508,2026-05-24 06:18:28,1,33.57,65.83,22.06,35.59,412,615,488,374,4114
1779603808,2026-05-24 06:23:28,1,33.41,65.3,22.1,35.67,411,610,486,375,4115
1779604108,2026-05-24 06:28:28,1,33.63,65.3,22.11,34.54,413,609,487,368,4116
1779604408,2026-05-24 06:33:28,1,33.63,65.11,22.6,32.92,411,610,489,360,4117
1779604708,2026-05-24 06:38:28,1,33.82,66.3,22.6,33.73,418,616,492,360,4118
1779605008,2026-05-24 06:43:28,1,33.9,65.91,22.77,33.63,410,615,492,364,4119
1779605308,2026-05-24 06:48:28,1,33.64,64.4,22.16,33.77,411,601,486,363,4120
1779605608,2026-05-24 06:53:28,1,33.56,65.89,21.6,33.1,410,615,481,356,4121
1779605908,2026-05-24 06:58:28,1,34.13,66.13,22.44,32.08,418,615,488,355,4122
1779606208,2026-05-24 07:03:28,1,33.99,65.21,22.68,32.29,413,609,489,355,4123
1779606508,2026-05-24 07:08:28,1,34.2,64.39,22.7,30.93,413,605,489,344,4124
1779606808,2026-05-24 07:13:28,1,34.14,65.3,22.97,31.66,412,607,494,348,4125
1779607108,2026-05-24 07:18:28,1,33.74,65.5,23.4,33.25,412,609,496,359,4126
1779607408,2026-05-24 07:23:28,1,34.07,64.21,23.17,31.03,414,603,494,345,4127
1779607708,2026-05-24 07:28:28,1,33.89,64.62,23.09,28.71,414,605,496,330,4128
1779608008,2026-05-24 07:33:28,1,34.13,64.3,23.06,31.52,417,605,492,347,4129
1779608308,2026-05-24 07:38:28,1,34.57,64.67,23.11,30.08,416,604,494,339,4130
1779608608,2026-05-24 07:43:28,1,34.46,65.97,23.91,27.04,416,616,498,324,4131
1779608908,2026-05-24 07:48:28,1,34.57,64.92,24.04,28.53,416,607,503,330,4132
1779609208,2026-05-24 07:53:28,1,34.72,64.6,23.62,28.76,416,604,499,333,4133
1779609508,2026-05-24 07:58:28,1,34.17,64.4,23.4,25.12,413,604,497,309,4134
1779609808,2026-05-24 08:03:28,1,34.18,64.73,23.29,25.9,414,605,495,314,4135
1779610108,2026-05-24 08:08:28,1,34.16,64.25,23.68,29.09,415,603,500,332,4136
1779610408,2026-05-24 08:13:28,1,34.65,65.38,24.08,25.65,416,613,505,314,4137
1779610708,2026-05-24 08:18:28,1,34.83,63.95,23.74,23.54,417,600,499,301,4138
1779611008,2026-05-24 08:23:28,1,34.85,65.28,24.11,26.92,421,610,501,323,4139
1779611308,2026-05-24 08:28:28,1,34.82,65.17,23.27,26.6,416,606,495,320,4140
1779611608,2026-05-24 08:33:28,1,34.43,64.41,24.15,23.54,417,603,502,300,4141
1779611908,2026-05-24 08:38:28,1,34.65,63.59,24.35,25.99,419,597,503,318,4142
1779612208,2026-05-24 08:43:28,1,34.22,63.11,24.01,25.88,416,592,500,314,4143
1779612508,2026-05-24 08:48:28,1,34.57,64.62,24.58,24.35,419,605,504,307,4144
1779612808,2026-05-24 08:53:28,1,34.64,64.96,24.29,23.24,415,608,505,300,4145
1779613108,2026-05-24 08:58:28,1,34.75,63.99,24.5,23.06,418,599,507,300,4146
1779613408,2026-05-24 09:03:28,1,34.18,65.11,24.41,22.47,415,609,506,292,4147
1779613708,2026-05-24 09:08:28,1,34.85,64.36,24.07,22.6,419,602,501,294,4148
1779614008,2026-05-24 09:13:28,1,34.98,64.07,25.29,22.93,418,600,512,294,4149
1779614308,2026-05-24 09:18:28,1,34.27,64.77,24.21,21.49,416,604,503,287,4150
1779614608,2026-05-24 09:23:28,1,34.57,65.64,24.36,22.66,416,610,503,294,4151
1779614908,2026-05-24 09:28:28,1,34.46,64.63,25.16,22.86,418,604,509,296,4152
1779615208,2026-05-24 09:33:28,1,34.29,64.91,24.95,20.14,414,606,507,281,4153
1779615508,2026-05-24 09:38:28,1,34.96,65.16,24.77,20.8,423,609,506,284,4154
1779615808,2026-05-24 09:43:28,1,34.42,65.07,24.06,18.0,418,604,502,267,4155
1779616108,2026-05-24 09:48:28,1,34.66,65.46,24.46,20.22,417,606,507,279,4156
1779616408,2026-05-24 09:53:28,1,34.79,65.54,24.45,19.21,417,612,505,275,4157
1779616708,2026-05-24 09:58:28,1,35.02,65.1,24.86,20.2,415,611,507,281,4158
1779617008,2026-05-24 10:03:28,1,35.18,65.3,24.77,19.22,419,606,506,276,4159
1779617308,2026-05-24 10:08:28,1,34.74,65.43,24.65,19.8,417,609,508,277,4160
1779617608,2026-05-24 10:13:28,1,34.7,66.18,24.71,22.13,419,615,508,291,4161
1779617908,2026-05-24 10:18:28,1,34.58,65.38,24.76,18.68,418,607,507,271,4162
1779618208,2026-05-24 10:23:28,1,35.21,65.99,25.15,20.08,419,614,509,280,4163
1779618508,2026-05-24 10:28:28,1,34.38,65.8,24.83,18.42,417,608,509,269,4164
1779618808,2026-05-24 10:33:28,1,34.97,66.71,24.95,18.6,420,621,508,271,4165
1779619108,2026-05-24 10:38:28,1,34.99,64.64,24.09,20.3,420,606,502,283,4166
1779619408,2026-05-24 10:43:28,1,35.4,65.08,25.03,18.0,420,608,510,268,4167
1779619708,2026-05-24 10:48:28,1,34.8,64.9,24.97,21.06,417,608,509,287,4168
1779620008,2026-05-24 10:53:28,1,34.7,65.67,25.19,19.98,417,611,510,283,4169
1779620308,2026-05-24 10:58:28,1,35.06,67.1,25.05,21.64,419,622,510,291,4170
1779620608,2026-05-24 11:03:28,1,34.8,65.85,25.02,18.01,416,614,511,266,4171
1779620908,2026-05-24 11:08:28,1,35.0,66.44,25.53,18.0,419,617,514,267,4172
1779621208,2026-05-24 11:13:28,1,35.19,66.89,24.9,18.0,422,619,506,266,4173
1779621508,2026-05-24 11:18:28,1,34.51,66.68,25.56,18.0,419,616,515,270,4174
1779621808,2026-05-24 11:23:28,1,34.38,67.2,24.17,18.56,417,625,502,272,4175
1779622108,2026-05-24 11:28:28,1,35.13,66.43,25.07,18.0,419,615,509,267,4176
1779622408,2026-05-24 11:33:28,1,35.01,67.41,25.53,19.92,418,629,512,280,4177
1779622708,2026-05-24 11:38:28,1,34.8,67.59,25.04,18.0,416,625,510,268,4178
1779623008,2026-05-24 11:43:28,1,34.58,67.25,25.59,18.79,418,623,517,272,4179
1779623308,2026-05-24 11:48:28,1,34.6,65.89,25.27,19.41,418,611,510,274,4180
1779623608,2026-05-24 11:53:28,1,34.53,69.03,25.24,18.0,415,637,513,269,4181
1779623908,2026-05-24 11:58:28,1,35.09,68.3,24.59,18.0,418,631,506,271,4182
1779624208,2026-05-24 12:03:28,1,35.44,67.8,25.28,18.0,420,632,512,268,4183
1779624508,2026-05-24 12:08:28,1,34.98,68.3,25.05,18.0,419,635,511,268,4184
1779624808,2026-05-24 12:13:28,1,34.48,69.33,25.01,18.0,417,640,508,268,4185
1779625108,2026-05-24 12:18:28,1,34.67,68.56,24.83,18.81,418,634,507,272,4186
1779625408,2026-05-24 12:23:28,1,34.73,68.09,24.98,18.12,418,630,508,267,4187
1779625708,2026-05-24 12:28:28,1,34.15,68.02,24.99,18.0,415,627,509,268,4188
1779626008,2026-05-24 12:33:28,1,35.1,67.53,25.24,21.9,422,625,511,290,4189
1779626308,2026-05-24 12:38:28,1,35.22,69.94,23.69,21.85,422,645,499,291,4190
1779626608,2026-05-24 12:43:28,1,34.6,68.83,24.68,20.12,417,638,507,279,4191
1779626908,2026-05-24 12:48:28,1,34.76,67.97,25.27,20.78,418,630,513,284,4192
1779627208,2026-05-24 12:53:28,1,34.76,69.0,24.67,18.16,418,635,507,270,4193
1779627508,2026-05-24 12:58:28,1,34.77,69.29,24.69,18.43,422,637,508,271,4194
1779627808,2026-05-24 13:03:28,1,35.19,68.95,24.49,22.09,419,633,503,291,4195
1779628108,2026-05-24 13:08:28,1,34.39,68.44,25.15,21.21,418,627,509,288,4196
1779628408,2026-05-24 13:13:28,1,34.75,67.73,24.28,22.06,417,626,504,292,4197
1779628708,2026-05-24 13:18:28,1,34.94,68.36,25.24,18.84,419,630,511,275,4198
1779629008,2026-05-24 13:23:28,1,34.65,69.3,25.14,23.58,417,636,510,300,4199
1779629308,2026-05-24 13:28:28,1,35.04,70.69,24.3,20.08,422,648,505,281,4200
1779629608,2026-05-24 13:33:28,1,34.62,68.72,24.22,19.82,416,636,506,277,4201
1779629908,2026-05-24 13:38:28,1,34.72,69.16,24.73,20.57,420,638,508,283,4202
1779630208,2026-05-24 13:43:28,1,34.85,70.39,24.67,20.38,419,649,510,282,4203
1779630508,2026-05-24 13:48:28,1,34.39,70.07,24.02,23.32,416,644,500,299,4204
1779630808,2026-05-24 13:53:28,1,35.02,69.47,24.81,24.55,418,641,509,306,4205
1779631108,2026-05-24 13:58:28,1,34.58,68.75,24.14,24.88,417,634,504,307,4206
1779631408,2026-05-24 14:03:28,1,34.25,68.91,24.42,22.82,415,639,505,297,4207
1779631708,2026-05-24 14:08:28,1,34.84,69.6,24.71,24.92,417,639,508,308,4208
1779632008,2026-05-24 14:13:28,1,34.26,69.83,24.13,23.72,414,640,498,301,4209
1779632308,2026-05-24 14:18:28,1,34.21,69.13,23.7,25.81,414,641,500,314,4210
1779632608,2026-05-24 14:23:28,1,34.7,69.23,24.0,24.58,417,637,501,307,4211
1779632908,2026-05-24 14:28:28,1,34.45,68.93,23.57,24.69,415,635,498,305,4212
1779633208,2026-05-24 14:33:28,1,34.07,68.86,23.55,29.27,414,633,498,336,4213
1779633508,2026-05-24 14:38:28,1,34.06,69.14,23.27,27.0,413,639,495,321,4214
1779633808,2026-05-24 14:43:28,1,34.39,69.78,24.39,28.04,417,644,504,330,4215
1779634108,2026-05-24 14:48:28,1,34.34,68.78,23.25,25.49,416,635,495,310,4216
1779634408,2026-05-24 14:53:28,1,34.28,69.4,23.98,28.51,415,642,503,328,4217
1779634708,2026-05-24 14:58:28,1,34.15,69.05,23.77,24.68,415,636,502,309,4218
1779635008,2026-05-24 15:03:28,1,34.01,70.14,23.35,29.84,413,646,498,340,4219
1779635308,2026-05-24 15:08:28,1,34.05,70.05,23.72,29.39,414,647,498,337,4220
1779635608,2026-05-24 15:13:28,1,34.4,68.78,23.93,26.18,415,634,501,317,4221
1779635908,2026-05-24 15:18:28,1,34.05,69.82,23.15,29.95,413,642,494,343,4222
1779636208,2026-05-24 15:23:28,1,34.27,68.83,23.74,31.21,416,636,498,347,4223
1779636508,2026-05-24 15:28:28,1,34.15,69.36,23.33,27.64,416,641,498,325,4224
1779636808,2026-05-24 15:33:28,1,33.89,68.91,22.83,29.09,414,634,492,337,4225
1779637108,2026-05-24 15:38:28,1,34.49,69.71,23.1,30.32,415,643,495,342,4226
1779637408,2026-05-24 15:43:28,1,34.3,69.56,23.58,32.11,413,642,497,352,4227
1779637708,2026-05-24 15:48:28,1,33.86,69.62,22.75,33.78,413,639,495,361,4228
1779638008,2026-05-24 15:53:28,1,33.86,68.02,23.0,33.74,414,630,492,362,4229
1779638308,2026-05-24 15:58:28,1,34.23,68.82,22.96,32.33,415,634,492,354,4230
1779638608,2026-05-24 16:03:28,1,33.61,67.89,23.34,32.73,414,631,498,359,4231
1779638908,2026-05-24 16:08:28,1,34.51,68.98,22.54,33.66,414,639,491,361,4232
1779639208,2026-05-24 16:13:28,1,33.98,69.12,23.06,33.97,412,636,497,363,4233
1779639508,2026-05-24 16:18:28,1,33.32,68.35,22.13,34.74,409,634,488,370,4234
1779639808,2026-05-24 16:23:28,1,33.74,67.96,23.06,32.73,412,631,493,355,4235
1779640108,2026-05-24 16:28:28,1,34.12,68.69,22.44,34.65,415,633,494,368,4236
1779640408,2026-05-24 16:33:28,1,33.51,68.37,22.91,34.47,415,633,492,369,4237
1779640708,2026-05-24 16:38:28,1,33.85,68.27,22.94,34.48,414,634,493,368,4238
1779641008,2026-05-24 16:43:28,1,33.85,67.32,22.45,32.86,413,622,490,354,4239
1779641308,2026-05-24 16:48:28,1,33.73,67.3,21.72,37.07,412,624,483,381,4240
1779641608,2026-05-24 16:53:28,1,33.82,68.24,22.58,34.27,414,634,492,365,4241
1779641908,2026-05-24 16:58:28,1,33.61,68.56,21.94,33.71,409,636,483,362,4242
1779642208,2026-05-24 17:03:28,1,33.39,67.84,22.2,36.34,414,632,488,379,4243
1779642508,2026-05-24 17:08:28,1,33.39,67.52,22.11,35.29,406,625,487,368,4244
1779642808,2026-05-24 17:13:28,1,33.2,67.29,21.63,36.29,412,625,484,379,4245
1779643108,2026-05-24 17:18:28,1,33.68,67.23,21.75,35.34,411,625,483,369,4246
1779643408,2026-05-24 17:23:28,1,33.41,67.79,21.65,36.39,409,628,483,379,4247
1779643708,2026-05-24 17:28:28,1,33.44,67.05,22.11,40.44,410,626,486,402,4248
1779644008,2026-05-24 17:33:28,1,33.15,67.13,21.67,38.6,410,625,482,392,4249
1779644308,2026-05-24 17:38:28,1,33.8,67.09,21.83,38.22,414,623,484,391,4250
1779644608,2026-05-24 17:43:28,1,33.78,66.06,21.24,37.89,415,617,477,388,4251
1779644908,2026-05-24 17:48:28,1,33.38,67.33,20.8,40.23,411,621,474,402,4252
1779645208,2026-05-24 17:53:28,1,33.53,67.1,21.24,42.15,407,622,478,413,4253
1779645508,2026-05-24 17:58:28,1,32.93,67.37,20.79,39.78,409,624,479,397,4254
1779645808,2026-05-24 18:03:28,1,32.74,66.64,20.22,41.0,406,619,471,409,4255
1779646108,2026-05-24 18:08:28,1,33.36,65.85,20.97,37.28,409,611,477,382,4256
1779646408,2026-05-24 18:13:28,1,33.15,65.56,20.5,39.58,410,610,475,399,4257
1779646708,2026-05-24 18:18:28,1,33.48,64.76,20.92,42.46,411,605,477,413,4258
1779647008,2026-05-24 18:23:28,1,33.1,66.42,20.85,41.88,409,620,478,410,4259
1779647308,2026-05-24 18:28:28,1,33.02,65.4,20.45,36.71,407,606,472,381,4260
1779647608,2026-05-24 18:33:28,1,33.13,66.67,19.96,39.44,408,621,471,395,4261
1779647908,2026-05-24 18:38:28,1,33.27,65.85,20.38,43.93,408,611,474,422,4262
1779648208,2026-05-24 18:43:28,1,32.81,66.6,19.75,40.6,408,620,469,404,4263
1779648508,2026-05-24 18:48:28,1,33.02,65.4,20.59,39.81,408,609,475,400,4264
1779648808,2026-05-24 18:53:28,1,32.95,65.44,20.66,42.18,410,612,474,413,4265
1779649108,2026-05-24 18:58:28,1,32.72,65.1,20.4,41.33,409,604,472,408,4266
1779649408,2026-05-24 19:03:28,1,33.05,64.43,19.72,40.6,407,606,468,404,4267
1779649708,2026-05-24 19:08:28,1,32.79,65.06,19.8,43.0,408,609,466,417,4268
1779650008,2026-05-24 19:13:28,1,32.61,65.27,20.09,46.12,406,610,471,435,4269
1779650308,2026-05-24 19:18:28,1,32.47,64.8,19.77,39.76,406,605,466,396,4270
1779650608,2026-05-24 19:23:28,1,32.95,64.32,19.55,41.31,407,596,465,408,4271
1779650908,2026-05-24 19:28:28,1,32.59,64.69,19.44,43.39,403,607,464,419,4272
1779651208,2026-05-24 19:33:28,1,32.66,65.58,19.36,40.99,406,611,465,407,4273
1779651508,2026-05-24 19:38:28,1,32.61,65.07,18.72,44.32,405,610,461,426,4274
1779651808,2026-05-24 19:43:28,1,32.55,64.27,19.1,45.37,405,605,463,432,4275
1779652108,2026-05-24 19:48:28,1,32.97,64.38,20.2,42.24,407,602,473,414,4276
1779652408,2026-05-24 19:53:28,1,32.32,65.66,19.34,39.37,404,612,464,395,4277
1779652708,2026-05-24 19:58:28,1,32.18,64.73,19.44,41.7,406,607,465,409,4278
1779653008,2026-05-24 20:03:28,1,32.63,64.84,19.36,41.18,404,606,464,407,4279
1779653308,2026-05-24 20:08:28,1,32.68,63.19,19.04,43.82,405,596,463,423,4280
1779653608,2026-05-24 20:13:28,1,32.2,63.76,19.47,41.17,404,599,467,408,4281
1779653908,2026-05-24 20:18:28,1,32.35,64.46,18.86,42.71,405,603,461,416,4282
1779654208,2026-05-24 20:23:28,1,32.4,64.43,19.95,42.15,405,601,471,412,4283
1779654508,2026-05-24 20:28:28,1,32.43,64.32,18.22,42.9,401,601,458,415,4284
1779654808,2026-05-24 20:33:28,1,32.03,63.98,18.98,41.81,402,599,460,409,4285
1779655108,2026-05-24 20:38:28,1,31.91,64.57,18.98,39.78,403,608,463,402,4286
1779655408,2026-05-24 20:43:28,1,32.43,64.8,19.26,41.55,404,604,463,411,4287
1779655708,2026-05-24 20:48:28,1,32.42,65.46,19.1,41.32,404,611,462,404,4288
1779656008,2026-05-24 20:53:28,1,32.78,64.48,18.33,40.41,405,604,454,402,4289
1779656308,2026-05-24 20:58:28,1,32.32,64.04,18.18,41.28,400,598,456,408,4290
1779656608,2026-05-24 21:03:28,1,32.48,64.84,18.58,39.81,408,605,458,399,4291
1779656908,2026-05-24 21:08:28,1,31.92,64.66,18.24,41.62,400,604,456,410,4292
1779657208,2026-05-24 21:13:28,1,32.43,64.79,18.56,40.6,407,609,460,402,4293
1779657508,2026-05-24 21:18:28,1,31.49,65.5,18.12,36.65,399,610,452,378,4294
1779657808,2026-05-24 21:23:28,1,31.57,65.04,18.42,39.0,399,606,458,393,4295
1779658108,2026-05-24 21:28:28,1,32.03,64.62,18.61,40.1,402,602,455,400,4296
1779658408,2026-05-24 21:33:28,1,32.02,63.83,19.49,37.54,402,600,464,384,4297
1779658708,2026-05-24 21:38:28,1,32.36,64.86,18.16,40.49,403,609,456,398,4298
1779659008,2026-05-24 21:43:28,1,32.65,64.29,18.53,40.22,403,603,458,400,4299
1779659308,2026-05-24 21:48:28,1,32.32,65.15,18.9,40.15,405,611,462,401,4300
1779659608,2026-05-24 21:53:28,1,31.95,64.65,18.23,38.84,399,604,458,392,4301
1779659908,2026-05-24 21:58:28,1,32.49,66.2,18.69,37.78,405,612,461,387,4302
1779660208,2026-05-24 22:03:28,1,31.8,65.45,18.78,35.43,403,608,458,372,4303
1779660508,2026-05-24 22:08:28,1,32.36,64.43,18.0,33.58,402,605,453,360,4304
1779660808,2026-05-24 22:13:28,1,32.46,65.22,17.8,36.66,406,606,451,380,4305
1779661108,2026-05-24 22:18:28,1,32.22,66.21,18.34,34.83,404,617,456,370,4306
1779661408,2026-05-24 22:23:28,1,32.11,65.3,18.99,33.99,405,609,461,365,4307
1779661708,2026-05-24 22:28:28,1,31.71,65.62,18.54,32.1,399,612,457,353,4308
1779662008,2026-05-24 22:33:28,1,32.13,67.02,18.29,33.46,402,623,456,358,4309
1779662308,2026-05-24 22:38:28,1,31.51,64.99,17.66,34.62,400,604,452,365,4310
1779662608,2026-05-24 22:43:28,1,31.9,65.84,18.48,32.74,402,612,458,357,4311
1779662908,2026-05-24 22:48:28,1,32.08,66.44,17.78,32.26,403,618,451,355,4312
1779663208,2026-05-24 22:53:28,1,32.01,66.55,18.5,31.48,403,617,458,349,4313
1779663508,2026-05-24 22:58:28,1,32.27,65.62,17.5,35.02,404,613,452,370,4314
1779663808,2026-05-24 23:03:28,1,32.18,66.69,17.63,33.83,404,622,450,361,4315
1779664108,2026-05-24 23:08:28,1,31.76,65.98,17.87,31.68,400,612,453,349,4316
1779664408,2026-05-24 23:13:28,1,32.27,66.96,18.43,31.8,406,622,459,350,4317
1779664708,2026-05-24 23:18:28,1,31.69,66.82,18.38,32.72,399,621,459,358,4318
1779665008,2026-05-24 23:23:28,1,31.96,66.6,17.47,31.1,402,618,449,346,4319
1779665308,2026-05-24 23:28:28,1,31.92,66.78,18.49,28.09,404,620,458,328,4320
1779665608,2026-05-24 23:33:28,1,31.69,67.22,17.85,32.24,400,624,452,353,4321
1779665908,2026-05-24 23:38:28,1,31.69,67.11,18.57,28.84,401,622,457,334,4322
1779666208,2026-05-24 23:43:28,1,31.84,67.14,18.4,27.1,399,624,458,321,4323
1779666508,2026-05-24 23:48:28,1,32.39,67.43,17.47,28.36,406,624,450,329,4324
1779666808,2026-05-24 23:53:28,1,32.25,67.6,18.61,26.76,406,626,459,318,4325
1779667108,2026-05-24 23:58:28,1,32.14,67.4,18.31,28.23,402,626,457,325,4326
1779667408,2026-05-25 00:03:28,1,32.05,68.22,17.95,31.08,403,628,454,347,4327
1779667708,2026-05-25 00:08:28,1,32.2,68.28,18.35,30.31,403,631,456,342,4328
1779668008,2026-05-25 00:13:28,1,31.55,68.06,17.93,27.39,398,631,455,323,4329
1779668308,2026-05-25 00:18:28,1,31.82,68.79,18.26,27.0,402,637,452,323,4330
1779668608,2026-05-25 00:23:28,1,31.79,67.98,17.96,25.88,401,633,459,315,4331
1779668908,2026-05-25 00:28:28,1,31.96,67.91,18.72,25.72,402,629,460,314,4332
1779669208,2026-05-25 00:33:28,1,32.1,67.81,18.49,25.23,404,634,457,311,4333
1779669508,2026-05-25 00:38:28,1,31.82,69.12,18.17,27.12,401,637,455,322,4334
1779669808,2026-05-25 00:43:28,1,31.85,68.17,17.85,28.32,402,630,451,331,4335
1779670108,2026-05-25 00:48:28,1,32.13,68.3,18.26,27.12,405,630,456,322,4336
1779670408,2026-05-25 00:53:28,1,32.34,68.64,18.22,25.19,401,636,454,309,4337
1779670708,2026-05-25 00:58:28,1,32.33,68.67,17.9,21.85,405,631,451,293,4338
1779671008,2026-05-25 01:03:28,1,32.13,69.48,18.78,25.02,402,646,457,310,4339
1779671308,2026-05-25 01:08:28,1,32.01,68.76,18.23,22.66,402,637,454,297,4340
1779671608,2026-05-25 01:13:28,1,32.07,69.24,17.74,23.45,404,637,452,298,4341
1779671908,2026-05-25 01:18:28,1,32.19,68.09,18.75,23.1,404,630,459,299,4342
1779672208,2026-05-25 01:23:28,1,32.14,68.52,18.77,19.15,402,634,458,272,4343
1779672508,2026-05-25 01:28:28,1,32.29,68.53,18.47,18.81,404,633,459,276,4344
1779672808,2026-05-25 01:33:28,1,32.46,68.98,18.87,18.9,405,633,458,272,4345
1779673108,2026-05-25 01:38:28,1,32.42,69.61,17.86,19.38,407,643,456,274,4346
1779673408,2026-05-25 01:43:28,1,32.09,69.86,19.19,21.98,403,644,465,290,4347
1779673708,2026-05-25 01:48:28,1,32.57,69.44,18.9,20.02,407,641,460,277,4348
1779674008,2026-05-25 01:53:28,1,32.34,69.75,18.52,20.61,403,643,458,284,4349
1779674308,2026-05-25 01:58:28,1,32.6,69.6,18.83,20.74,404,639,462,283,4350
1779674608,2026-05-25 02:03:28,1,32.4,69.55,18.91,20.32,405,643,460,282,4351
1779674908,2026-05-25 02:08:28,1,32.53,69.38,18.9,18.0,407,637,460,267,4352
1779675208,2026-05-25 02:13:28,1,32.72,69.11,18.64,20.3,406,638,458,279,4353
1779675508,2026-05-25 02:18:28,1,32.47,69.82,18.68,18.0,406,641,461,270,4354
1779675808,2026-05-25 02:23:28,1,32.04,70.04,19.51,20.31,402,643,465,279,4355
1779676108,2026-05-25 02:28:28,1,32.32,68.6,18.79,18.94,405,634,459,275,4356
1779676408,2026-05-25 02:33:28,1,32.8,69.4,18.55,19.48,405,641,457,277,4357
1779676708,2026-05-25 02:38:28,1,32.32,69.34,19.2,19.2,404,643,461,275,4358
1779677008,2026-05-25 02:43:28,1,32.47,69.45,19.6,18.93,407,642,467,272,4359
1779677308,2026-05-25 02:48:28,1,32.62,70.29,19.81,18.18,406,641,468,265,4360
1779677608,2026-05-25 02:53:28,1,32.93,70.66,19.01,18.0,409,650,462,268,4361
1779677908,2026-05-25 02:58:28,1,32.27,68.53,18.31,20.46,404,634,453,281,4362
1779678208,2026-05-25 03:03:28,1,33.06,69.16,18.84,18.0,406,637,458,268,4363
1779678508,2026-05-25 03:08:28,1,32.68,68.83,19.1,18.0,407,633,461,270,4364
1779678808,2026-05-25 03:13:28,1,32.52,69.02,18.95,19.6,405,635,461,278,4365
1779679108,2026-05-25 03:18:28,1,32.67,68.92,20.07,18.0,405,635,472,268,4366
1779679408,2026-05-25 03:23:28,1,33.28,68.61,19.28,18.45,408,634,463,269,4367
1779679708,2026-05-25 03:28:28,1,32.8,69.89,20.14,20.19,406,644,469,282,4368
1779680008,2026-05-25 03:33:28,1,32.53,68.79,19.87,20.83,408,637,470,283,4369
1779680308,2026-05-25 03:38:28,1,33.04,67.27,19.13,20.38,411,624,462,283,4370
1779680608,2026-05-25 03:43:28,1,33.02,69.09,20.53,18.0,407,640,475,269,4371
1779680908,2026-05-25 03:48:28,1,33.05,68.34,19.86,18.0,410,633,468,266,4372
1779681208,2026-05-25 03:53:28,1,33.27,69.08,20.19,18.54,411,639,470,270,4373
1779681508,2026-05-25 03:58:28,1,33.34,68.95,20.41,19.41,410,640,473,277,4374
1779681808,2026-05-25 04:03:28,1,33.28,68.18,20.01,18.88,408,633,469,274,4375
1779682108,2026-05-25 04:08:28,1,33.08,68.58,19.92,18.0,411,634,467,269,4376
1779682408,2026-05-25 04:13:28,1,33.13,69.01,20.43,18.98,409,639,472,273,4377
1779682708,2026-05-25 04:18:28,1,33.33,67.79,20.46,18.0,408,625,474,267,4378
1779683008,2026-05-25 04:23:28,1,32.99,68.1,20.2,18.0,408,627,472,265,4379
1779683308,2026-05-25 04:28:28,1,33.24,69.72,20.94,19.87,409,640,475,281,4380
1779683608,2026-05-25 04:33:28,1,33.53,67.11,21.1,18.94,413,619,476,271,4381
1779683908,2026-05-25 04:38:28,1,33.36,68.01,20.94,19.27,411,631,478,276,4382
1779684208,2026-05-25 04:43:28,1,33.6,68.23,20.4,18.8,412,631,473,274,4383
1779684508,2026-05-25 04:48:28,1,34.06,67.28,20.5,18.24,411,623,474,269,4384
1779684808,2026-05-25 04:53:28,1,33.23,68.52,21.06,19.84,410,634,479,279,4385
1779685108,2026-05-25 04:58:28,1,33.38,66.55,20.87,19.77,409,619,476,279,4386
1779685408,2026-05-25 05:03:28,1,33.85,68.08,21.32,21.69,411,628,481,290,4387
1779685708,2026-05-25 05:08:28,1,33.63,69.22,21.15,19.55,412,641,478,276,4388
1779686008,2026-05-25 05:13:28,1,33.35,67.5,20.75,20.58,411,625,477,283,4389
1779686308,2026-05-25 05:18:28,1,34.1,66.26,21.64,19.06,413,620,487,275,4390
1779686608,2026-05-25 05:23:28,1,33.49,66.78,21.81,21.46,411,620,483,287,4391
1779686908,2026-05-25 05:28:28,1,33.82,67.07,21.55,22.88,416,622,482,295,4392
1779687208,2026-05-25 05:33:28,1,34.26,67.05,21.58,21.87,413,623,483,291,4393
1779687508,2026-05-25 05:38:28,1,33.32,66.56,21.77,22.78,409,620,481,298,4394
1779687808,2026-05-25 05:43:28,1,33.63,67.79,21.48,22.17,412,626,483,296,4395
1779688108,2026-05-25 05:48:28,1,34.08,65.94,21.92,22.77,415,615,487,297,4396
1779688408,2026-05-25 05:53:28,1,34.06,66.26,21.19,25.29,416,617,482,311,4397
1779688708,2026-05-25 05:58:28,1,34.28,66.6,21.36,23.32,416,618,477,296,4398
1779689008,2026-05-25 06:03:28,1,33.6,67.6,22.37,24.37,410,623,486,305,4399
1779689308,2026-05-25 06:08:28,1,33.86,66.52,22.32,25.09,416,618,486,310,4400
1779689608,2026-05-25 06:13:28,1,34.01,66.32,21.27,24.85,414,616,478,308,4401
1779689908,2026-05-25 06:18:28,1,33.71,65.83,21.94,24.21,412,613,482,305,4402
1779690208,2026-05-25 06:23:28,1,33.94,65.89,22.68,22.01,415,617,490,290,4403
1779690508,2026-05-25 06:28:28,1,34.03,65.75,22.15,26.55,412,614,488,316,4404
1779690808,2026-05-25 06:33:28,1,33.96,66.27,22.6,27.29,414,617,491,323,4405
1779691108,2026-05-25 06:38:28,1,34.58,65.1,22.7,26.36,418,606,491,318,4406
1779691408,2026-05-25 06:43:28,1,34.46,66.18,21.63,28.09,416,617,481,326,4407
1779691708,2026-05-25 06:48:28,1,34.45,65.26,22.84,26.96,416,607,493,322,4408
1779692008,2026-05-25 06:53:28,1,34.84,64.99,23.26,27.71,420,609,497,324,4409
1779692308,2026-05-25 06:58:28,1,34.55,65.05,22.29,26.8,418,605,489,320,4410
1779692608,2026-05-25 07:03:28,1,34.18,65.18,22.65,29.72,417,611,491,337,4411
1779692908,2026-05-25 07:08:28,1,34.47,65.14,23.1,28.26,416,609,495,330,4412
1779693208,2026-05-25 07:13:28,1,34.62,64.36,23.2,29.31,414,602,492,334,4413
1779693508,2026-05-25 07:18:28,1,34.55,64.95,23.5,27.15,417,606,497,322,4414
1779693808,2026-05-25 07:23:28,1,34.55,64.1,23.25,29.09,417,602,495,334,4415
1779694108,2026-05-25 07:28:28,1,34.62,64.64,23.42,29.86,417,602,495,340,4416
1779694408,2026-05-25 07:33:28,1,34.5,65.45,22.91,29.78,416,609,495,339,4417
1779694708,2026-05-25 07:38:28,1,34.67,65.12,23.44,31.74,417,604,499,347,4418
1779695008,2026-05-25 07:43:28,1,34.71,64.91,23.94,34.0,416,606,502,364,4419
1779695308,2026-05-25 07:48:28,1,35.28,63.59,24.15,31.53,419,595,501,348,4420
1779695608,2026-05-25 07:53:28,1,34.76,64.6,23.87,32.79,417,601,502,353,4421
1779695908,2026-05-25 07:58:28,1,34.76,64.54,23.7,32.73,421,606,500,358,4422
1779696208,2026-05-25 08:03:28,1,34.97,63.93,23.28,32.19,417,598,495,351,4423
1779696508,2026-05-25 08:08:28,1,34.82,63.93,23.3,34.64,418,599,497,372,4424
1779696808,2026-05-25 08:13:28,1,35.27,64.54,23.24,34.32,418,606,497,365,4425
1779697108,2026-05-25 08:18:28,1,35.53,63.85,23.26,34.35,424,600,498,367,4426
1779697408,2026-05-25 08:23:28,1,35.22,64.38,24.13,33.62,422,602,502,360,4427
1779697708,2026-05-25 08:28:28,1,34.23,64.84,23.89,36.35,415,608,499,377,4428
1779698008,2026-05-25 08:33:28,1,35.05,64.55,24.45,35.8,420,602,505,372,4429
1779698308,2026-05-25 08:38:28,1,34.52,63.8,24.0,33.87,416,597,497,365,4430
1779698608,2026-05-25 08:43:28,1,35.31,64.74,24.66,37.91,421,605,511,385,4431
1779698908,2026-05-25 08:48:28,1,34.9,63.85,24.1,35.14,417,600,505,371,4432
1779699208,2026-05-25 08:53:28,1,35.18,64.07,24.02,36.1,419,602,503,377,4433
1779699508,2026-05-25 08:58:28,1,35.01,64.42,24.72,36.81,419,603,507,381,4434
1779699808,2026-05-25 09:03:28,1,35.47,64.8,23.87,36.6,421,609,501,378,4435
1779700108,2026-05-25 09:08:28,1,34.87,64.21,23.97,35.25,417,602,502,374,4436
1779700408,2026-05-25 09:13:28,1,35.18,64.9,23.83,38.37,421,610,501,391,4437
1779700708,2026-05-25 09:18:28,1,35.55,64.63,24.08,35.66,424,600,503,374,4438
1779701008,2026-05-25 09:23:28,1,35.17,65.38,24.93,37.83,419,608,507,385,4439
1779701308,2026-05-25 09:28:28,1,35.67,64.57,24.07,37.29,424,603,503,383,4440
1779701608,2026-05-25 09:33:28,1,35.71,66.21,24.72,39.34,425,614,507,398,4441
1779701908,2026-05-25 09:38:28,1,34.98,65.14,24.63,40.56,419,608,506,403,4442
1779702208,2026-05-25 09:43:28,1,35.65,65.29,24.11,40.58,424,610,500,407,4443
1779702508,2026-05-25 09:48:28,1,35.76,64.45,24.27,39.73,424,603,501,400,4444
1779702808,2026-05-25 09:53:28,1,35.08,65.32,24.81,39.85,420,609,507,399,4445
1779703108,2026-05-25 09:58:28,1,35.21,65.11,24.47,39.15,422,608,506,392,4446
1779703408,2026-05-25 10:03:28,1,35.82,65.96,24.86,40.03,423,617,510,400,4447
1779703708,2026-05-25 10:08:28,1,35.74,66.28,24.9,41.69,423,620,508,411,4448
1779704008,2026-05-25 10:13:28,1,35.43,65.78,24.39,40.98,421,611,504,406,4449
1779704308,2026-05-25 10:18:28,1,35.22,65.66,25.55,39.03,423,613,514,393,4450
1779704608,2026-05-25 10:23:28,1,35.18,67.16,25.48,39.33,422,622,515,398,4451
1779704908,2026-05-25 10:28:28,1,35.53,65.29,25.32,39.9,423,612,511,399,4452
1779705208,2026-05-25 10:33:28,1,35.24,66.3,25.08,40.53,420,615,510,402,4453
1779705508,2026-05-25 10:38:28,1,35.81,66.02,24.63,39.84,426,615,506,399,4454
1779705808,2026-05-25 10:43:28,1,35.1,66.35,24.46,42.9,423,619,505,418,4455
1779706108,2026-05-25 10:48:28,1,35.72,66.09,24.67,41.18,423,611,506,407,4456
1779706408,2026-05-25 10:53:28,1,35.67,66.04,25.14,43.04,423,614,509,418,4457
1779706708,2026-05-25 10:58:28,1,35.01,65.35,24.95,41.0,422,607,510,404,4458
1779707008,2026-05-25 11:03:28,1,35.59,66.72,24.48,39.75,425,621,504,397,4459
1779707308,2026-05-25 11:08:28,1,35.85,66.46,23.91,42.16,423,617,501,413,4460
1779707608,2026-05-25 11:13:28,1,35.71,65.8,24.61,42.27,423,612,507,413,4461
1779707908,2026-05-25 11:18:28,1,35.83,66.77,24.54,39.85,425,621,505,400,4462
1779708208,2026-05-25 11:23:28,1,36.08,67.26,24.52,40.67,425,623,505,404,4463
1779708508,2026-05-25 11:28:28,1,35.64,65.43,24.65,41.75,424,613,507,410,4464
1779708808,2026-05-25 11:33:28,1,36.17,67.14,25.27,41.5,426,625,511,407,4465
1779709108,2026-05-25 11:38:28,1,36.01,66.66,24.46,40.98,427,619,502,406,4466
1779709408,2026-05-25 11:43:28,1,35.82,66.96,24.52,44.27,423,625,506,424,4467
1779709708,2026-05-25 11:48:28,1,35.71,67.67,25.21,42.75,423,631,512,416,4468
1779710008,2026-05-25 11:53:28,1,35.95,66.61,24.45,43.33,425,620,507,421,4469
1779710308,2026-05-25 11:58:28,1,35.78,68.27,25.17,45.45,423,632,514,432,4470
1779710608,2026-05-25 12:03:28,1,35.17,67.41,25.4,42.53,419,621,511,416,4471
1779710908,2026-05-25 12:08:28,1,35.99,67.74,24.79,40.15,425,626,507,402,4472
1779711208,2026-05-25 12:13:28,1,35.54,68.57,25.4,41.27,423,632,512,407,4473
1779711508,2026-05-25 12:18:28,1,35.64,67.8,24.91,45.09,424,624,507,432,4474
1779711808,2026-05-25 12:23:28,1,35.51,67.46,24.48,39.98,423,624,506,399,4475
1779712108,2026-05-25 12:28:28,1,35.51,67.66,24.48,40.75,425,625,507,405,4476
1779712408,2026-05-25 12:33:28,1,35.8,67.24,25.5,40.62,421,623,512,402,4477
1779712708,2026-05-25 12:38:28,1,35.55,67.72,24.82,40.91,421,629,508,402,4478
1779713008,2026-05-25 12:43:28,1,36.12,68.7,24.51,41.66,425,634,504,411,4479
1779713308,2026-05-25 12:48:28,1,35.58,68.57,25.1,41.08,423,637,507,403,4480
1779713608,2026-05-25 12:53:28,1,35.55,68.68,24.98,38.71,422,636,511,391,4481
1779713908,2026-05-25 12:58:28,1,35.88,68.78,24.6,39.26,425,635,508,393,4482
1779714208,2026-05-25 13:03:28,1,35.76,68.78,24.64,41.32,424,637,505,409,4483
1779714508,2026-05-25 13:08:28,1,35.43,68.91,24.97,41.23,422,639,509,408,4484
1779714808,2026-05-25 13:13:28,1,35.52,69.69,24.52,41.72,425,639,505,411,4485
1779715108,2026-05-25 13:18:28,1,35.72,70.02,24.43,40.31,423,645,507,403,4486
1779715408,2026-05-25 13:23:28,1,35.84,68.32,25.06,40.33,424,633,511,400,4487
1779715708,2026-05-25 13:28:28,1,35.55,67.98,24.26,42.74,423,629,504,418,4488
1779716008,2026-05-25 13:33:28,1,35.1,69.69,24.46,40.11,420,642,505,402,4489
1779716308,2026-05-25 13:38:28,1,35.92,68.69,24.7,37.52,425,634,507,383,4490
1779716608,2026-05-25 13:43:28,1,35.64,69.15,24.31,39.39,422,640,503,396,4491
1779716908,2026-05-25 13:48:28,1,35.52,69.26,24.69,37.96,422,642,505,388,4492
1779717208,2026-05-25 13:53:28,1,35.53,68.98,24.64,36.57,424,637,505,382,4493
1779717508,2026-05-25 13:58:28,1,35.7,68.8,24.29,34.61,426,638,505,367,4494
1779717808,2026-05-25 14:03:28,1,35.78,68.73,24.07,36.06,426,636,501,377,4495
1779718108,2026-05-25 14:08:28,1,36.08,70.0,24.76,37.48,425,647,504,385,4496
1779718408,2026-05-25 14:13:28,1,35.43,69.77,24.06,34.17,422,642,505,364,4497
1779718708,2026-05-25 14:18:28,1,35.69,70.07,24.02,34.39,423,649,503,365,4498
1779719008,2026-05-25 14:23:28,1,35.51,69.71,24.47,33.55,421,637,505,361,4499
1779719308,2026-05-25 14:28:28,1,36.13,68.67,23.2,35.76,426,636,494,375,4500
1779719608,2026-05-25 14:33:28,1,35.65,69.33,24.09,34.41,424,637,502,366,4501
1779719908,2026-05-25 14:38:28,1,35.53,69.77,24.06,35.32,424,644,503,371,4502
1779720208,2026-05-25 14:43:28,1,35.61,69.95,23.51,36.0,422,645,496,377,4503
1779720508,2026-05-25 14:48:28,1,35.59,69.61,23.75,35.78,423,641,499,374,4504
1779720808,2026-05-25 14:53:28,1,35.21,69.23,23.35,34.19,422,640,497,364,4505
1779721108,2026-05-25 14:58:28,1,35.22,69.55,23.42,33.39,422,646,498,361,4506
1779721408,2026-05-25 15:03:28,1,35.38,69.18,23.3,30.9,419,637,495,346,4507
1779721708,2026-05-25 15:08:28,1,35.15,69.48,23.04,31.0,421,639,493,345,4508
1779722008,2026-05-25 15:13:28,1,35.34,70.45,23.2,33.59,420,644,496,362,4509
1779722308,2026-05-25 15:18:28,1,35.57,68.51,23.78,31.38,427,630,498,345,4510
1779722608,2026-05-25 15:23:28,1,34.54,69.37,23.94,30.58,418,640,501,340,4511
1779722908,2026-05-25 15:28:28,1,35.18,68.83,22.87,28.59,418,635,492,332,4512
1779723208,2026-05-25 15:33:28,1,35.28,69.1,22.75,33.83,421,641,491,361,4513
1779723508,2026-05-25 15:38:28,1,34.89,68.58,23.2,28.2,422,634,496,327,4514
1779723808,2026-05-25 15:43:28,1,34.85,69.16,23.11,30.99,420,639,492,346,4515
1779724108,2026-05-25 15:48:28,1,34.99,69.04,22.69,28.0,419,637,490,325,4516
1779724408,2026-05-25 15:53:28,1,34.89,69.99,23.04,29.16,420,648,495,334,4517
1779724708,2026-05-25 15:58:28,1,35.36,68.89,22.84,28.66,422,638,493,329,4518
1779725008,2026-05-25 16:03:28,1,35.07,68.6,22.98,29.94,423,635,491,339,4519
1779725308,2026-05-25 16:08:28,1,35.44,68.82,22.25,27.7,425,635,489,324,4520
1779725608,2026-05-25 16:13:28,1,34.89,68.55,22.81,27.75,416,632,491,327,4521
1779725908,2026-05-25 16:18:28,1,34.88,68.94,22.59,27.77,416,635,489,325,4522
1779726208,2026-05-25 16:23:28,1,35.13,68.86,22.7,26.64,421,636,491,319,4523
1779726508,2026-05-25 16:28:28,1,35.02,67.98,22.58,25.23,418,628,488,312,4524
1779726808,2026-05-25 16:33:28,1,34.89,68.73,22.75,23.85,421,635,490,305,4525
1779727108,2026-05-25 16:38:28,1,35.19,68.88,21.61,22.82,422,636,484,295,4526
1779727408,2026-05-25 16:43:28,1,35.14,68.48,21.99,24.02,419,633,486,304,4527
1779727708,2026-05-25 16:48:28,1,35.23,68.16,22.43,24.01,422,626,488,302,4528
1779728008,2026-05-25 16:53:28,1,35.45,67.88,21.63,22.08,423,627,480,293,4529
1779728308,2026-05-25 16:58:28,1,34.54,67.56,21.95,22.74,417,627,486,294,4530
1779728608,2026-05-25 17:03:28,1,34.55,68.67,22.47,24.09,414,634,489,302,4531
1779728908,2026-05-25 17:08:28,1,34.75,67.88,22.53,22.1,419,629,492,290,4532
1779729208,2026-05-25 17:13:28,1,35.12,67.87,21.79,23.64,420,627,485,303,4533
1779729508,2026-05-25 17:18:28,1,34.49,66.9,20.98,21.81,417,621,479,293,4534
1779729808,2026-05-25 17:23:28,1,34.63,67.13,21.99,20.26,417,624,484,282,4535
1779730108,2026-05-25 17:28:28,1,34.92,67.24,21.16,23.04,420,625,477,301,4536
1779730408,2026-05-25 17:33:28,1,34.71,67.32,20.97,20.63,416,624,477,284,4537
1779730708,2026-05-25 17:38:28,1,34.42,66.68,21.78,21.7,418,621,485,287,4538
1779731008,2026-05-25 17:43:28,1,34.67,66.9,21.68,19.03,418,620,482,274,4539
1779731308,2026-05-25 17:48:28,1,34.5,66.9,20.16,19.86,415,619,472,278,4540
1779731608,2026-05-25 17:53:28,1,34.75,66.14,21.63,19.78,417,612,482,279,4541
1779731908,2026-05-25 17:58:28,1,34.37,66.37,20.87,19.11,417,616,475,274,4542
1779732208,2026-05-25 18:03:28,1,34.48,65.13,21.0,18.0,415,611,477,269,4543
1779732508,2026-05-25 18:08:28,1,34.35,65.92,20.67,18.0,416,612,474,268,4544
1779732808,2026-05-25 18:13:28,1,34.8,66.24,21.18,18.77,421,615,480,271,4545
1779733108,2026-05-25 18:18:28,1,34.49,65.48,20.97,18.19,414,610,478,270,4546
1779733408,2026-05-25 18:23:28,1,34.58,65.82,20.54,18.98,420,613,472,272,4547
1779733708,2026-05-25 18:28:28,1,34.25,65.59,20.78,18.87,414,610,476,273,4548
1779734008,2026-05-25 18:33:28,1,34.49,64.71,20.43,18.0,418,607,472,270,4549
1779734308,2026-05-25 18:38:28,1,34.06,64.51,20.26,18.48,417,604,471,271,4550
1779734608,2026-05-25 18:43:28,1,33.83,64.49,20.58,19.87,412,604,477,279,4551
1779734908,2026-05-25 18:48:28,1,34.0,65.4,20.86,23.02,414,608,475,299,4552
1779735208,2026-05-25 18:53:28,1,34.15,66.28,20.42,20.48,414,615,471,284,4553
1779735508,2026-05-25 18:58:28,1,33.95,65.46,20.34,21.75,416,613,473,290,4554
1779735808,2026-05-25 19:03:28,1,34.29,65.06,21.33,19.09,417,604,481,276,4555
1779736108,2026-05-25 19:08:28,1,34.52,65.64,20.46,18.0,419,617,475,267,4556
1779736408,2026-05-25 19:13:28,1,34.33,66.15,19.89,18.0,416,617,467,265,4557
1779736708,2026-05-25 19:18:28,1,33.72,64.71,20.28,18.02,411,605,469,268,4558
1779737008,2026-05-25 19:23:28,1,33.89,65.3,20.66,18.0,412,609,472,267,4559
1779737308,2026-05-25 19:28:28,1,34.46,64.88,19.57,18.0,414,605,467,269,4560
1779737608,2026-05-25 19:33:28,1,34.27,64.42,20.21,18.94,416,601,473,276,4561
1779737908,2026-05-25 19:38:28,1,34.23,64.35,19.02,18.0,416,601,459,268,4562
1779738208,2026-05-25 19:43:28,1,34.07,64.67,19.33,18.0,414,603,466,269,4563
1779738508,2026-05-25 19:48:28,1,33.73,64.21,20.15,18.12,411,601,472,268,4564
1779738808,2026-05-25 19:53:28,1,34.14,64.21,19.4,21.19,413,599,464,287,4565
1779739108,2026-05-25 19:58:28,1,34.37,65.02,20.19,18.0,414,606,471,268,4566
1779739408,2026-05-25 20:03:28,1,34.09,64.19,19.48,19.5,415,601,463,277,4567
1779739708,2026-05-25 20:08:28,1,34.06,64.69,19.98,18.0,413,604,470,265,4568
1779740008,2026-05-25 20:13:28,1,34.0,64.15,19.53,18.0,415,600,467,267,4569
1779740308,2026-05-25 20:18:28,1,33.92,64.81,18.74,19.48,412,607,460,275,4570
1779740608,2026-05-25 20:23:28,1,33.9,65.29,18.81,19.26,413,610,460,276,4571
1779740908,2026-05-25 20:28:28,1,34.09,64.35,19.62,19.67,416,605,466,276,4572
1779741208,2026-05-25 20:33:28,1,34.1,63.43,19.5,18.21,415,596,466,269,4573
1779741508,2026-05-25 20:38:28,1,33.74,63.5,18.22,20.27,412,594,453,280,4574
1779741808,2026-05-25 20:43:28,1,34.21,63.98,18.35,18.0,415,602,453,268,4575
1779742108,2026-05-25 20:48:28,1,34.06,63.56,19.37,20.44,415,595,462,283,4576
1779742408,2026-05-25 20:53:28,1,33.8,65.23,18.51,18.0,412,607,456,267,4577
1779742708,2026-05-25 20:58:28,1,33.96,65.04,18.77,22.05,416,608,458,294,4578
1779743008,2026-05-25 21:03:28,1,33.86,65.56,19.23,20.9,413,613,463,285,4579
1779743308,2026-05-25 21:08:28,1,33.63,63.45,18.6,20.14,409,594,459,281,4580
1779743608,2026-05-25 21:13:28,1,33.91,65.02,18.31,20.63,413,607,456,282,4581
1779743908,2026-05-25 21:18:28,1,34.04,65.02,18.7,21.45,414,609,456,290,4582
1779744208,2026-05-25 21:23:28,1,33.59,64.99,18.6,21.32,411,607,458,287,4583
1779744508,2026-05-25 21:28:28,1,34.4,64.31,18.23,22.18,415,603,455,292,4584
1779744808,2026-05-25 21:33:28,1,33.94,64.99,18.3,20.62,415,604,457,283,4585
1779745108,2026-05-25 21:38:28,1,34.0,65.06,19.09,24.81,414,607,461,309,4586
1779745408,2026-05-25 21:43:28,1,34.1,64.98,17.91,22.43,414,606,452,293,4587
1779745708,2026-05-25 21:48:28,1,34.04,65.0,17.94,22.27,415,606,453,292,4588
1779746008,2026-05-25 21:53:28,1,33.9,64.21,18.71,18.09,415,602,459,268,4589
1779746308,2026-05-25 21:58:28,1,34.22,65.13,17.87,23.94,416,608,455,306,4590
1779746608,2026-05-25 22:03:28,1,33.77,65.89,18.31,20.95,414,613,454,284,4591
1779746908,2026-05-25 22:08:28,1,33.49,65.23,17.94,22.74,413,611,452,294,4592
1779747208,2026-05-25 22:13:28,1,33.89,65.16,18.38,25.89,413,605,453,313,4593
1779747508,2026-05-25 22:18:28,1,33.94,66.03,18.43,23.69,415,614,456,303,4594
1779747808,2026-05-25 22:23:28,1,33.83,65.46,18.3,26.24,413,610,455,314,4595
1779748108,2026-05-25 22:28:28,1,33.7,65.18,18.19,25.35,414,607,453,313,4596
1779748408,2026-05-25 22:33:28,1,33.89,64.87,18.62,26.43,415,602,458,319,4597
1779748708,2026-05-25 22:38:28,1,33.9,66.16,18.58,25.53,413,619,457,313,4598
1779749008,2026-05-25 22:43:28,1,33.81,66.21,17.63,25.01,413,618,449,310,4599
1779749308,2026-05-25 22:48:28,1,34.1,66.31,17.81,25.89,414,618,451,314,4600
1779749608,2026-05-25 22:53:28,1,33.76,67.2,18.96,26.11,410,625,464,318,4601
1779749908,2026-05-25 22:58:28,1,33.69,67.25,18.45,25.93,414,624,457,316,4602
1779750208,2026-05-25 23:03:28,1,33.81,66.61,18.27,26.91,413,623,453,320,4603
1779750508,2026-05-25 23:08:28,1,33.91,66.43,17.7,30.92,412,617,449,345,4604
1779750808,2026-05-25 23:13:28,1,33.71,66.57,17.63,30.4,411,618,452,345,4605
1779751108,2026-05-25 23:18:28,1,33.87,66.18,18.23,30.62,414,614,458,343,4606
1779751408,2026-05-25 23:23:28,1,34.12,66.78,18.66,27.84,415,619,458,326,4607
1779751708,2026-05-25 23:28:28,1,33.6,66.33,17.67,31.9,412,618,451,350,4608
1779752008,2026-05-25 23:33:28,1,33.92,68.04,17.72,31.67,414,632,447,348,4609
1779752308,2026-05-25 23:38:28,1,33.67,66.66,18.22,32.03,414,619,455,352,4610
1779752608,2026-05-25 23:43:28,1,33.84,67.73,18.38,31.2,414,627,456,346,4611
1779752908,2026-05-25 23:48:28,1,33.64,67.16,18.31,30.43,412,624,453,344,4612
1779753208,2026-05-25 23:53:28,1,33.77,67.93,17.8,31.57,408,627,453,349,4613
1779753508,2026-05-25 23:58:28,1,34.04,67.64,17.81,31.6,412,623,452,350,4614
1779753808,2026-05-26 00:03:28,1,34.1,67.21,17.31,35.49,413,624,449,371,4615
1779754108,2026-05-26 00:08:28,1,34.23,66.81,17.79,34.64,417,621,451,367,4616
1779754408,2026-05-26 00:13:28,1,34.22,67.89,17.79,34.54,416,629,456,366,4617
1779754708,2026-05-26 00:18:28,1,33.69,67.74,18.78,33.88,411,629,460,363,4618
1779755008,2026-05-26 00:23:28,1,33.81,68.77,18.36,33.88,413,634,455,362,4619
1779755308,2026-05-26 00:28:28,1,34.62,68.3,17.48,31.84,414,630,449,351,4620
1779755608,2026-05-26 00:33:28,1,34.27,68.63,18.96,33.5,414,636,461,361,4621
1779755908,2026-05-26 00:38:28,1,34.15,67.76,19.24,35.57,414,629,463,374,4622
1779756208,2026-05-26 00:43:28,1,33.89,69.29,18.0,33.96,413,638,453,359,4623
1779756508,2026-05-26 00:48:28,1,34.24,67.86,18.66,35.59,414,628,460,377,4624
1779756808,2026-05-26 00:53:28,1,34.18,68.78,18.14,34.09,416,635,454,363,4625
1779757108,2026-05-26 00:58:28,1,33.98,68.77,18.89,38.27,415,633,465,389,4626
1779757408,2026-05-26 01:03:28,1,33.96,69.27,18.56,40.76,414,640,459,403,4627
1779757708,2026-05-26 01:08:28,1,34.47,69.48,18.31,37.17,416,641,454,384,4628
1779758008,2026-05-26 01:13:28,1,34.39,70.26,18.4,37.89,416,645,457,386,4629
1779758308,2026-05-26 01:18:28,1,34.48,68.24,18.04,37.05,418,634,454,382,4630
1779758608,2026-05-26 01:23:28,1,33.77,68.38,19.04,37.22,413,633,460,384,4631
1779758908,2026-05-26 01:28:28,1,34.22,68.85,19.27,41.34,417,631,467,409,4632
1779759208,2026-05-26 01:33:28,1,34.75,68.47,19.11,36.69,419,633,459,379,4633
1779759508,2026-05-26 01:38:28,1,34.72,68.74,17.73,39.12,418,635,449,394,4634
1779759808,2026-05-26 01:43:28,1,34.57,70.0,18.17,39.85,416,641,454,399,4635
1779760108,2026-05-26 01:48:28,1,33.96,68.27,19.61,38.14,413,633,467,390,4636
1779760408,2026-05-26 01:53:28,1,34.44,69.9,18.95,38.14,416,641,461,389,4637
1779760708,2026-05-26 01:58:28,1,34.36,69.53,19.5,40.75,416,640,465,404,4638
1779761008,2026-05-26 02:03:28,1,34.63,69.58,19.49,40.48,418,640,465,404,4639
1779761308,2026-05-26 02:08:28,1,34.9,69.16,19.01,43.14,420,637,460,419,4640
1779761608,2026-05-26 02:13:28,1,34.48,69.81,18.62,37.78,414,642,457,387,4641
1779761908,2026-05-26 02:18:28,1,34.42,68.83,18.71,40.08,415,635,459,401,4642
1779762208,2026-05-26 02:23:28,1,34.53,69.47,19.14,39.54,418,644,461,396,4643
1779762508,2026-05-26 02:28:28,1,34.57,70.55,19.46,42.66,419,642,467,415,4644
1779762808,2026-05-26 02:33:28,1,35.01,70.02,18.77,41.77,417,644,459,408,4645
1779763108,2026-05-26 02:38:28,1,34.82,70.14,19.64,42.26,421,646,470,411,4646
1779763408,2026-05-26 02:43:28,1,34.59,69.08,19.6,44.14,418,634,468,426,4647
1779763708,2026-05-26 02:48:28,1,34.59,69.16,19.07,39.98,418,637,462,399,4648
1779764008,2026-05-26 02:53:28,1,34.39,69.47,19.27,40.5,417,641,463,399,4649
1779764308,2026-05-26 02:58:28,1,34.93,70.03,19.44,40.89,420,644,464,403,4650
1779764608,2026-05-26 03:03:28,1,34.82,69.13,19.18,42.5,418,636,465,415,4651
1779764908,2026-05-26 03:08:28,1,34.66,69.53,19.88,41.48,419,644,469,406,4652
1779765208,2026-05-26 03:13:28,1,35.2,69.14,19.37,43.55,421,639,465,421,4653
1779765508,2026-05-26 03:18:28,1,34.78,68.48,19.61,41.76,419,632,467,407,4654
1779765808,2026-05-26 03:23:28,1,35.03,69.93,19.46,41.73,421,645,467,413,4655
1779766108,2026-05-26 03:28:28,1,35.14,68.83,19.02,42.19,419,636,462,413,4656
1779766408,2026-05-26 03:33:28,1,35.45,68.34,19.51,42.51,421,629,465,415,4657
1779766708,2026-05-26 03:38:28,1,35.11,70.37,19.57,44.32,421,649,467,424,4658
1779767008,2026-05-26 03:43:28,1,35.11,68.2,18.68,43.29,417,631,460,419,4659
1779767308,2026-05-26 03:48:28,1,35.38,68.46,19.74,40.47,422,636,463,403,4660
1779767608,2026-05-26 03:53:28,1,35.82,68.86,20.25,43.51,425,636,470,418,4661
1779767908,2026-05-26 03:58:28,1,35.24,69.36,20.31,43.97,420,637,470,422,4662
1779768208,2026-05-26 04:03:28,1,35.46,68.35,20.51,43.55,421,633,472,421,4663
1779768508,2026-05-26 04:08:28,1,35.34,68.3,20.77,41.95,422,630,479,411,4664
1779768808,2026-05-26 04:13:28,1,35.74,67.92,20.29,41.76,423,630,472,411,4665
1779769108,2026-05-26 04:18:28,1,34.94,67.72,20.63,40.88,418,625,475,406,4666
1779769408,2026-05-26 04:23:28,1,35.49,67.83,20.88,41.48,421,623,481,407,4667
1779769708,2026-05-26 04:28:28,1,35.46,68.62,20.95,39.72,421,633,476,397,4668
1779770008,2026-05-26 04:33:28,1,36.01,66.74,21.14,42.66,426,621,479,416,4669
1779770308,2026-05-26 04:38:28,1,35.81,67.85,21.03,39.04,424,631,478,396,4670
1779770608,2026-05-26 04:43:28,1,35.94,68.32,20.53,42.75,425,635,472,413,4671
1779770908,2026-05-26 04:48:28,1,35.8,67.42,20.73,40.64,425,626,475,405,4672
1779771208,2026-05-26 04:53:28,1,35.64,67.85,21.27,38.43,422,627,480,392,4673
1779771508,2026-05-26 04:58:28,1,36.06,66.72,21.68,38.98,426,621,482,394,4674
1779771808,2026-05-26 05:03:28,1,36.39,67.03,21.17,37.68,427,625,478,383,4675
1779772108,2026-05-26 05:08:28,1,36.02,67.66,21.25,39.04,427,630,479,393,4676
1779772408,2026-05-26 05:13:28,1,35.93,68.24,21.65,38.09,427,631,482,388,4677
1779772708,2026-05-26 05:18:28,1,36.11,66.84,21.69,39.12,425,621,484,392,4678
1779773008,2026-05-26 05:23:28,1,36.39,67.93,21.61,38.38,430,627,481,390,4679
1779773308,2026-05-26 05:28:28,1,36.07,68.55,21.59,37.4,425,632,482,384,4680
1779773608,2026-05-26 05:33:28,1,36.09,67.16,21.35,36.02,425,625,479,375,4681
1779773908,2026-05-26 05:38:28,1,36.0,66.56,20.93,36.91,425,618,476,382,4682
1779774208,2026-05-26 05:43:28,1,36.35,67.37,21.48,34.63,425,630,480,368,4683
1779774508,2026-05-26 05:48:28,1,36.27,67.14,21.85,40.05,428,624,485,402,4684
1779774808,2026-05-26 05:53:28,1,36.41,66.48,21.96,35.37,431,620,485,370,4685
1779775108,2026-05-26 05:58:28,1,36.66,66.05,21.6,35.14,430,619,482,369,4686
1779775408,2026-05-26 06:03:28,1,36.81,67.46,22.56,34.91,428,627,490,369,4687
1779775708,2026-05-26 06:08:28,1,36.14,66.24,22.41,35.66,428,615,489,372,4688
1779776008,2026-05-26 06:13:28,1,36.56,67.06,22.25,35.93,428,623,487,375,4689
1779776308,2026-05-26 06:18:28,1,36.39,65.79,22.23,35.39,426,613,488,371,4690
1779776608,2026-05-26 06:23:28,1,36.78,65.8,21.89,38.39,428,614,482,394,4691
1779776908,2026-05-26 06:28:28,1,36.54,65.56,21.99,36.45,427,613,486,377,4692
1779777208,2026-05-26 06:33:28,1,36.7,65.83,21.61,35.79,428,611,483,374,4693
1779777508,2026-05-26 06:38:28,1,36.57,65.51,22.7,30.97,427,611,491,345,4694
1779777808,2026-05-26 06:43:28,1,37.16,66.02,22.81,32.99,429,613,490,360,4695
1779778108,2026-05-26 06:48:28,1,37.37,64.93,22.28,34.39,432,606,487,367,4696
1779778408,2026-05-26 06:53:28,1,36.83,65.56,22.63,31.25,429,611,492,346,4697
1779778708,2026-05-26 06:58:28,1,36.78,66.09,22.42,32.97,429,615,486,358,4698
1779779008,2026-05-26 07:03:28,1,37.12,64.37,22.81,32.53,432,605,494,356,4699
1779779308,2026-05-26 07:08:28,1,37.12,65.33,23.62,30.8,433,608,501,343,4700
1779779608,2026-05-26 07:13:28,1,37.47,63.92,23.18,30.78,432,600,495,342,4701
1779779908,2026-05-26 07:18:28,1,37.57,64.01,23.13,31.0,434,601,493,345,4702
1779780208,2026-05-26 07:23:28,1,37.01,64.43,23.09,30.96,433,607,494,345,4703
1779780508,2026-05-26 07:28:28,1,37.4,63.96,22.96,30.91,434,600,494,346,4704
1779780808,2026-05-26 07:33:28,1,36.84,64.55,23.58,30.15,435,609,499,339,4705
1779781108,2026-05-26 07:38:28,1,37.32,64.01,23.38,27.27,433,599,496,323,4706
1779781408,2026-05-26 07:43:28,1,37.4,64.81,24.01,29.66,432,607,501,339,4707
1779781708,2026-05-26 07:48:28,1,37.44,65.61,23.22,29.67,432,614,496,337,4708
1779782008,2026-05-26 07:53:28,1,37.2,63.98,23.67,27.7,433,602,497,325,4709
1779782308,2026-05-26 07:58:28,1,37.47,64.75,23.96,27.7,434,602,501,325,4710
1779782608,2026-05-26 08:03:28,1,37.76,64.93,23.86,27.0,436,605,501,321,4711
1779782908,2026-05-26 08:08:28,1,37.34,64.85,23.6,25.86,433,604,499,315,4712
1779783208,2026-05-26 08:13:28,1,37.05,65.3,23.99,26.97,430,606,502,321,4713
1779783508,2026-05-26 08:18:28,1,37.66,64.88,24.11,23.52,436,606,502,301,4714
1779783808,2026-05-26 08:23:28,1,37.4,64.67,22.83,28.02,437,605,493,327,4715
1779784108,2026-05-26 08:28:28,1,37.44,64.7,24.09,25.83,433,606,500,316,4716
1779784408,2026-05-26 08:33:28,1,37.77,64.5,23.85,25.57,435,604,498,316,4717
1779784708,2026-05-26 08:38:28,1,37.45,64.03,24.36,24.18,431,599,506,303,4718
1779785008,2026-05-26 08:43:28,1,37.71,64.44,23.95,22.36,432,598,500,291,4719
1779785308,2026-05-26 08:48:28,1,37.85,64.4,24.09,24.62,433,601,500,308,4720
1779785608,2026-05-26 08:53:28,1,37.78,64.9,24.03,23.53,437,610,503,300,4721
1779785908,2026-05-26 08:58:28,1,37.76,64.1,24.51,22.95,433,598,506,300,4722
1779786208,2026-05-26 09:03:28,1,38.12,64.72,23.63,20.84,435,602,498,281,4723
1779786508,2026-05-26 09:08:28,1,37.96,64.06,24.07,20.76,437,600,501,285,4724
1779786808,2026-05-26 09:13:28,1,38.32,64.08,24.6,24.37,441,600,504,304,4725
1779787108,2026-05-26 09:18:28,1,38.14,64.8,24.46,22.95,438,605,507,299,4726
1779787408,2026-05-26 09:23:28,1,38.1,64.4,24.88,22.36,436,600,511,293,4727
1779787708,2026-05-26 09:28:28,1,37.68,64.17,25.05,22.74,434,600,512,295,4728
1779788008,2026-05-26 09:33:28,1,37.99,65.12,24.88,22.05,437,608,509,292,4729
1779788308,2026-05-26 09:38:28,1,38.17,66.02,23.6,21.59,436,616,498,288,4730
1779788608,2026-05-26 09:43:28,1,38.02,64.38,24.17,19.62,436,600,502,276,4731
1779788908,2026-05-26 09:48:28,1,38.09,63.81,23.82,22.84,437,601,500,296,4732
1779789208,2026-05-26 09:53:28,1,38.21,65.33,24.81,20.84,439,610,510,283,4733
1779789508,2026-05-26 09:58:28,1,38.37,64.93,24.53,20.09,439,603,507,278,4734
1779789808,2026-05-26 10:03:28,1,38.15,66.17,24.16,18.39,439,617,503,268,4735
1779790108,2026-05-26 10:08:28,1,38.35,65.08,24.79,19.34,439,604,506,276,4736
1779790408,2026-05-26 10:13:28,1,38.62,65.28,25.05,18.15,440,608,508,268,4737
1779790708,2026-05-26 10:18:28,1,38.52,66.07,24.77,21.43,438,618,509,287,4738
1779791008,2026-05-26 10:23:28,1,38.32,66.62,24.83,19.55,436,617,506,276,4739
1779791308,2026-05-26 10:28:28,1,38.31,65.75,24.22,19.16,438,612,504,276,4740
1779791608,2026-05-26 10:33:28,1,38.6,65.06,24.98,18.0,438,604,509,267,4741
1779791908,2026-05-26 10:38:28,1,38.49,66.17,24.07,18.0,440,617,501,269,4742
1779792208,2026-05-26 10:43:28,1,39.11,67.5,24.66,19.27,442,625,508,274,4743
1779792508,2026-05-26 10:48:28,1,38.41,66.18,25.08,18.77,440,619,509,270,4744
1779792808,2026-05-26 10:53:28,1,38.64,65.54,25.49,18.0,440,610,511,268,4745
1779793108,2026-05-26 10:58:28,1,38.58,65.75,24.58,18.42,438,612,509,269,4746
1779793408,2026-05-26 11:03:28,1,38.51,65.8,25.9,18.0,440,612,518,267,4747
1779793708,2026-05-26 11:08:28,1,38.25,66.69,25.47,18.86,438,621,514,274,4748
1779794008,2026-05-26 11:13:28,1,38.77,66.59,25.2,18.0,442,619,514,267,4749
1779794308,2026-05-26 11:18:28,1,38.49,66.59,25.23,18.0,442,618,510,265,4750
1779794608,2026-05-26 11:23:28,1,38.73,67.13,25.3,18.7,439,622,509,272,4751
1779794908,2026-05-26 11:28:28,1,38.67,67.34,24.08,18.0,442,624,503,267,4752
1779795208,2026-05-26 11:33:28,1,38.84,67.35,24.15,18.0,442,625,502,268,4753
1779795508,2026-05-26 11:38:28,1,38.15,67.55,25.0,18.0,437,626,512,265,4754
1779795808,2026-05-26 11:43:28,1,38.68,67.82,25.4,18.0,442,629,514,269,4755
1779796108,2026-05-26 11:48:28,1,38.19,67.99,24.82,19.4,438,631,507,275,4756
1779796408,2026-05-26 11:53:28,1,38.9,67.13,24.33,18.76,442,622,505,272,4757
1779796708,2026-05-26 11:58:28,1,38.58,67.29,25.17,20.22,440,624,510,282,4758
1779797008,2026-05-26 12:03:28,1,38.66,68.2,25.36,18.0,440,633,512,265,4759
1779797308,2026-05-26 12:08:28,1,38.91,66.9,24.01,19.92,442,620,503,279,4760
1779797608,2026-05-26 12:13:28,1,38.82,67.64,25.08,20.91,441,624,506,284,4761
1779797908,2026-05-26 12:18:28,1,38.89,68.07,25.63,18.0,445,631,517,267,4762
1779798208,2026-05-26 12:23:28,1,38.64,68.36,25.63,18.75,440,634,515,270,4763
1779798508,2026-05-26 12:28:28,1,38.4,68.5,24.93,18.0,440,632,512,267,4764
1779798808,2026-05-26 12:33:28,1,38.53,67.58,24.53,18.0,440,626,507,271,4765
1779799108,2026-05-26 12:38:28,1,38.8,68.42,25.04,18.53,442,632,509,269,4766
1779799408,2026-05-26 12:43:28,1,38.52,69.08,24.38,18.18,439,637,505,268,4767
1779799708,2026-05-26 12:48:28,1,38.64,67.8,25.11,20.18,441,626,508,281,4768
1779800008,2026-05-26 12:53:28,1,38.36,68.04,25.32,20.36,440,633,512,279,4769
1779800308,2026-05-26 12:58:28,1,38.44,68.41,25.03,18.8,437,633,512,273,4770
1779800608,2026-05-26 13:03:28,1,38.65,69.08,24.56,19.65,442,639,505,277,4771
1779800908,2026-05-26 13:08:28,1,38.4,69.87,24.63,20.02,438,641,506,280,4772
1779801208,2026-05-26 13:13:28,1,38.26,69.12,24.12,21.24,437,632,500,286,4773
1779801508,2026-05-26 13:18:28,1,38.87,69.61,24.54,21.01,440,641,506,288,4774
1779801808,2026-05-26 13:23:28,1,38.59,69.06,24.59,19.76,440,639,504,279,4775
1779802108,2026-05-26 13:28:28,1,38.9,68.81,25.04,21.86,443,637,512,292,4776
1779802408,2026-05-26 13:33:28,1,38.42,68.65,24.6,22.41,439,634,507,295,4777
1779802708,2026-05-26 13:38:28,1,38.85,70.24,24.5,22.9,439,642,506,299,4778
1779803008,2026-05-26 13:43:28,1,38.82,68.49,23.91,23.54,442,635,499,300,4779
1779803308,2026-05-26 13:48:28,1,38.3,69.92,24.58,20.86,437,646,508,285,4780
1779803608,2026-05-26 13:53:28,1,38.96,69.54,24.25,22.95,439,643,501,297,4781
1779803908,2026-05-26 13:58:28,1,38.85,69.94,24.59,22.64,443,643,503,296,4782
1779804208,2026-05-26 14:03:28,1,38.59,69.8,24.29,23.86,441,642,503,301,4783
1779804508,2026-05-26 14:08:28,1,38.51,69.57,24.29,21.9,440,642,504,292,4784
1779804808,2026-05-26 14:13:28,1,39.01,68.46,24.63,24.26,444,632,508,306,4785
1779805108,2026-05-26 14:18:28,1,38.77,70.89,23.86,26.39,440,653,501,320,4786
1779805408,2026-05-26 14:23:28,1,38.75,69.56,24.75,24.4,441,640,508,304,4787
1779805708,2026-05-26 14:28:28,1,38.83,69.55,23.92,25.78,442,639,498,313,4788
1779806008,2026-05-26 14:33:28,1,38.72,69.22,23.04,27.74,439,635,494,328,4789
1779806308,2026-05-26 14:38:28,1,38.75,70.01,24.21,25.83,439,641,502,314,4790
1779806608,2026-05-26 14:43:28,1,38.97,69.31,24.01,27.71,442,638,502,325,4791
1779806908,2026-05-26 14:48:28,1,39.05,69.6,24.46,24.46,442,643,506,305,4792
1779807208,2026-05-26 14:53:28,1,38.46,69.04,23.78,24.48,438,635,499,310,4793
1779807508,2026-05-26 14:58:28,1,38.33,69.88,23.41,25.02,438,642,496,309,4794
1779807808,2026-05-26 15:03:28,1,38.77,70.26,23.16,28.54,440,644,497,329,4795
1779808108,2026-05-26 15:08:28,1,38.03,69.93,23.68,29.37,440,644,499,336,4796
1779808408,2026-05-26 15:13:28,1,38.39,69.0,22.98,27.02,438,638,493,321,4797
1779808708,2026-05-26 15:18:28,1,38.68,68.42,23.78,29.03,441,632,499,335,4798
1779809008,2026-05-26 15:23:28,1,38.14,70.53,23.33,30.84,439,649,498,342,4799
1779809308,2026-05-26 15:28:28,1,38.87,68.69,24.06,31.66,440,634,502,349,4800
1779809608,2026-05-26 15:33:28,1,38.17,68.34,23.1,30.91,440,632,496,345,4801
1779809908,2026-05-26 15:38:28,1,38.35,70.0,23.93,30.81,441,642,506,347,4802
1779810208,2026-05-26 15:43:28,1,38.28,68.66,22.95,31.67,441,637,494,351,4803
1779810508,2026-05-26 15:48:28,1,37.9,68.31,23.01,34.15,437,635,495,364,4804
1779810808,2026-05-26 15:53:28,1,38.43,70.02,22.13,32.91,437,645,487,358,4805
1779811108,2026-05-26 15:58:28,1,38.21,70.32,22.59,32.68,439,647,490,356,4806
1779811408,2026-05-26 16:03:28,1,38.3,68.22,22.72,30.84,438,629,490,344,4807
1779811708,2026-05-26 16:08:28,1,37.93,68.27,22.05,32.45,436,634,485,355,4808
1779812008,2026-05-26 16:13:28,1,38.35,69.78,22.09,31.61,436,642,486,354,4809
1779812308,2026-05-26 16:18:28,1,38.31,67.94,22.25,36.93,436,631,487,383,4810
1779812608,2026-05-26 16:23:28,1,38.18,68.08,22.3,34.72,439,627,489,369,4811
1779812908,2026-05-26 16:28:28,1,38.82,67.74,22.63,34.26,439,627,491,368,4812
1779813208,2026-05-26 16:33:28,1,38.42,67.97,22.35,35.33,440,628,487,371,4813
1779813508,2026-05-26 16:38:28,1,38.27,68.05,21.66,33.87,435,632,479,362,4814
1779813808,2026-05-26 16:43:28,1,38.2,68.67,22.11,35.13,441,637,489,369,4815
1779814108,2026-05-26 16:48:28,1,38.66,68.51,21.91,38.18,443,630,487,388,4816
1779814408,2026-05-26 16:53:28,1,37.9,67.28,21.94,36.65,434,624,484,380,4817
1779814708,2026-05-26 16:58:28,1,38.51,67.89,21.8,36.68,439,628,487,377,4818
1779815008,2026-05-26 17:03:28,1,38.38,68.3,22.03,39.16,438,632,483,395,4819
1779815308,2026-05-26 17:08:28,1,38.03,67.36,21.99,36.55,437,621,484,380,4820
1779815608,2026-05-26 17:13:28,1,38.37,67.85,22.61,36.22,436,627,489,375,4821
1779815908,2026-05-26 17:18:28,1,38.7,67.84,22.35,36.77,443,625,488,380,4822
1779816208,2026-05-26 17:23:28,1,37.8,67.5,21.76,36.96,437,627,481,385,4823
1779816508,2026-05-26 17:28:28,1,38.22,67.73,22.06,38.67,439,627,485,393,4824
1779816808,2026-05-26 17:33:28,1,37.62,68.42,21.17,41.02,432,634,480,406,4825
1779817108,2026-05-26 17:38:28,1,38.05,66.19,21.96,38.23,436,615,486,388,4826
1779817408,2026-05-26 17:43:28,1,38.22,66.13,21.01,42.77,438,615,478,416,4827
1779817708,2026-05-26 17:48:28,1,38.53,66.7,21.81,37.82,439,620,483,385,4828
1779818008,2026-05-26 17:53:28,1,38.14,65.84,21.01,36.59,439,615,478,379,4829
1779818308,2026-05-26 17:58:28,1,38.24,65.49,21.85,38.46,438,613,483,388,4830
1779818608,2026-05-26 18:03:28,1,38.07,64.65,21.0,39.7,435,603,477,397,4831
1779818908,2026-05-26 18:08:28,1,38.03,66.5,21.13,39.65,436,621,479,400,4832
1779819208,2026-05-26 18:13:28,1,37.73,66.58,21.05,39.89,436,616,477,400,4833
1779819508,2026-05-26 18:18:28,1,37.98,65.51,20.87,40.72,437,611,474,403,4834
1779819808,2026-05-26 18:23:28,1,37.7,65.35,20.78,43.5,434,610,475,419,4835
1779820108,2026-05-26 18:28:28,1,37.58,65.71,20.6,42.93,434,611,475,417,4836
1779820408,2026-05-26 18:33:28,1,37.51,65.42,20.45,40.52,432,613,475,405,4837
1779820708,2026-05-26 18:38:28,1,37.66,65.44,20.06,41.06,436,610,469,406,4838
1779821008,2026-05-26 18:43:28,1,37.69,64.71,20.22,42.56,436,606,472,413,4839
1779821308,2026-05-26 18:48:28,1,37.98,65.17,19.94,40.22,437,609,468,405,4840
1779821608,2026-05-26 18:53:28,1,37.65,64.56,19.97,41.47,435,606,470,410,4841
1779821908,2026-05-26 18:58:28,1,37.6,64.8,20.17,39.24,436,607,470,397,4842
1779822208,2026-05-26 19:03:28,1,37.9,65.26,20.29,44.87,437,611,470,429,4843
1779822508,2026-05-26 19:08:28,1,37.56,65.02,20.34,41.62,436,607,471,410,4844
1779822808,2026-05-26 19:13:28,1,37.69,64.98,20.14,44.34,436,605,468,428,4845
1779823108,2026-05-26 19:18:28,1,37.89,64.93,20.58,42.56,434,609,473,416,4846
1779823408,2026-05-26 19:23:28,1,37.56,64.97,20.04,41.39,434,608,471,410,4847
1779823708,2026-05-26 19:28:28,1,38.02,65.1,19.43,37.65,437,608,464,384,4848
1779824008,2026-05-26 19:33:28,1,37.52,64.76,19.5,43.05,433,603,464,419,4849
1779824308,2026-05-26 19:38:28,1,37.41,64.94,19.4,42.9,434,605,467,418,4850
1779824608,2026-05-26 19:43:28,1,37.11,64.54,19.27,40.24,431,604,463,403,4851
1779824908,2026-05-26 19:48:28,1,37.24,64.11,19.58,43.17,433,598,466,418,4852
1779825208,2026-05-26 19:53:28,1,37.61,64.74,19.26,42.63,434,602,465,416,4853
1779825508,2026-05-26 19:58:28,1,37.91,64.21,19.24,41.05,438,600,463,407,4854
1779825808,2026-05-26 20:03:28,1,37.16,64.76,19.68,42.33,432,605,468,413,4855
1779826108,2026-05-26 20:08:28,1,37.91,64.8,18.25,39.37,439,600,456,397,4856
1779826408,2026-05-26 20:13:28,1,37.59,64.95,18.93,41.87,436,609,457,410,4857
1779826708,2026-05-26 20:18:28,1,37.67,64.57,18.94,41.26,434,606,462,407,4858
1779827008,2026-05-26 20:23:28,1,37.77,65.12,18.96,41.92,436,607,461,409,4859
1779827308,2026-05-26 20:28:28,1,37.62,63.78,19.09,42.36,437,595,465,415,4860
1779827608,2026-05-26 20:33:28,1,37.25,65.39,18.33,41.79,432,610,457,412,4861
1779827908,2026-05-26 20:38:28,1,37.51,65.03,19.15,40.34,431,607,463,406,4862
1779828208,2026-05-26 20:43:28,1,38.06,64.27,18.93,41.23,438,603,462,405,4863
1779828508,2026-05-26 20:48:28,1,37.44,64.65,19.12,40.92,435,602,464,403,4864
1779828808,2026-05-26 20:53:28,1,37.82,65.9,19.07,40.79,434,613,461,406,4865
1779829108,2026-05-26 20:58:28,1,37.23,65.06,18.76,40.2,431,608,461,400,4866
1779829408,2026-05-26 21:03:28,1,37.5,64.59,18.43,39.2,432,605,459,392,4867
1779829708,2026-05-26 21:08:28,1,37.22,64.44,19.39,37.53,434,606,467,383,4868
1779830008,2026-05-26 21:13:28,1,37.23,65.21,17.77,38.96,432,610,451,392,4869
1779830308,2026-05-26 21:18:28,1,37.47,65.38,18.79,37.82,435,611,460,387,4870
1779830608,2026-05-26 21:23:28,1,37.45,64.44,18.46,37.86,434,603,459,389,4871
1779830908,2026-05-26 21:28:28,1,37.64,64.88,18.77,38.95,434,609,458,393,4872
1779831208,2026-05-26 21:33:28,1,37.67,64.88,18.76,36.27,434,610,459,378,4873
1779831508,2026-05-26 21:38:28,1,37.09,64.35,18.36,39.86,430,599,455,398,4874
1779831808,2026-05-26 21:43:28,1,37.29,64.95,18.75,36.65,433,606,457,379,4875
1779832108,2026-05-26 21:48:28,1,37.41,64.71,18.31,35.85,433,605,455,378,4876
1779832408,2026-05-26 21:53:28,1,37.7,64.43,18.51,37.66,434,603,458,386,4877
1779832708,2026-05-26 21:58:28,1,37.92,64.1,18.48,38.86,435,597,459,395,4878
1779833008,2026-05-26 22:03:28,1,37.89,64.92,18.15,33.51,435,605,455,361,4879
1779833308,2026-05-26 22:08:28,1,37.22,65.16,17.47,35.46,434,609,448,372,4880
1779833608,2026-05-26 22:13:28,1,37.41,64.97,18.24,36.06,433,608,455,376,4881
1779833908,2026-05-26 22:18:28,1,37.7,65.27,18.03,34.4,435,610,454,366,4882
1779834208,2026-05-26 22:23:28,1,37.56,65.5,17.89,33.49,433,609,453,360,4883
1779834508,2026-05-26 22:28:28,1,37.61,65.86,18.29,35.1,433,613,457,370,4884
1779834808,2026-05-26 22:33:28,1,37.58,64.99,18.08,34.94,435,608,454,370,4885
1779835108,2026-05-26 22:38:28,1,37.78,65.33,17.48,35.16,436,610,448,372,4886
1779835408,2026-05-26 22:43:28,1,37.74,66.37,18.25,35.43,436,616,457,371,4887
1779835708,2026-05-26 22:48:28,1,37.25,66.69,17.91,31.27,434,622,455,349,4888
1779836008,2026-05-26 22:53:28,1,37.39,65.72,18.19,33.91,436,610,457,363,4889
1779836308,2026-05-26 22:58:28,1,38.08,66.78,17.83,31.36,436,622,455,349,4890
1779836608,2026-05-26 23:03:28,1,37.74,67.25,18.06,32.78,436,622,454,354,4891
1779836908,2026-05-26 23:08:28,1,37.7,66.93,18.11,29.98,434,620,456,338,4892
1779837208,2026-05-26 23:13:28,1,37.63,65.89,18.04,31.05,436,612,455,346,4893
1779837508,2026-05-26 23:18:28,1,37.8,65.23,18.27,29.39,435,608,453,336,4894
1779837808,2026-05-26 23:23:28,1,37.74,67.13,17.26,31.78,435,623,450,350,4895
1779838108,2026-05-26 23:28:28,1,37.5,65.75,17.74,29.45,435,611,452,337,4896
1779838408,2026-05-26 23:33:28,1,37.66,67.14,17.92,30.36,437,623,453,339,4897
1779838708,2026-05-26 23:38:28,1,37.8,67.13,18.28,29.23,437,623,456,336,4898
1779839008,2026-05-26 23:43:28,1,37.84,67.63,18.54,29.33,438,624,456,335,4899
1779839308,2026-05-26 23:48:28,1,37.62,67.88,17.87,27.58,434,629,453,323,4900
1779839608,2026-05-26 23:53:28,1,38.0,65.5,17.74,26.93,436,613,452,320,4901
1779839908,2026-05-26 23:58:28,1,38.2,68.28,17.23,26.51,437,629,449,318,4902
1779840208,2026-05-27 00:03:28,1,37.57,67.0,18.16,24.31,433,623,455,306,4903
1779840508,2026-05-27 00:08:28,1,37.66,67.74,17.61,26.72,435,630,452,318,4904
1779840808,2026-05-27 00:13:28,1,37.72,68.86,18.24,27.52,435,636,457,324,4905
1779841108,2026-05-27 00:18:28,1,38.04,68.13,17.92,27.48,437,628,451,323,4906
1779841408,2026-05-27 00:23:28,1,38.07,68.14,18.5,26.45,437,629,457,318,4907
1779841708,2026-05-27 00:28:28,1,38.14,68.67,18.8,24.47,440,638,460,306,4908
1779842008,2026-05-27 00:33:28,1,38.26,67.8,18.21,24.64,438,627,453,307,4909
1779842308,2026-05-27 00:38:28,1,37.97,68.69,17.62,25.18,438,635,453,310,4910
1779842608,2026-05-27 00:43:28,1,38.58,68.33,18.27,23.22,437,631,455,301,4911
1779842908,2026-05-27 00:48:28,1,37.72,68.77,17.79,24.8,437,636,449,309,4912
1779843208,2026-05-27 00:53:28,1,38.11,69.08,18.08,22.46,438,641,455,296,4913
1779843508,2026-05-27 00:58:28,1,38.22,68.4,18.1,21.95,436,635,456,291,4914
1779843808,2026-05-27 01:03:28,1,38.12,68.31,18.39,22.16,438,630,456,291,4915
1779844108,2026-05-27 01:08:28,1,38.25,69.92,18.01,21.4,439,643,453,285,4916
1779844408,2026-05-27 01:13:28,1,38.26,68.6,18.22,22.05,436,635,456,289,4917
1779844708,2026-05-27 01:18:28,1,38.1,68.1,17.91,21.56,437,629,455,287,4918
1779845008,2026-05-27 01:23:28,1,37.96,68.9,18.21,20.27,438,635,455,284,4919
1779845308,2026-05-27 01:28:28,1,37.98,69.67,18.15,19.38,439,645,454,274,4920
1779845608,2026-05-27 01:33:28,1,38.15,69.3,18.81,21.07,440,640,461,287,4921
1779845908,2026-05-27 01:38:28,1,38.54,68.57,18.61,21.35,439,634,458,288,4922
1779846208,2026-05-27 01:43:28,1,38.38,70.23,19.16,19.94,438,645,462,281,4923
1779846508,2026-05-27 01:48:28,1,38.13,69.47,18.31,21.13,436,640,457,286,4924
1779846808,2026-05-27 01:53:28,1,38.16,68.98,18.37,19.56,437,638,456,275,4925
1779847108,2026-05-27 01:58:28,1,38.27,69.2,19.12,19.69,435,640,465,279,4926
1779847408,2026-05-27 02:03:28,1,38.72,68.74,17.95,18.96,443,631,454,273,4927
1779847708,2026-05-27 02:08:28,1,38.52,68.99,19.18,19.35,440,633,462,274,4928
1779848008,2026-05-27 02:13:28,1,38.33,69.76,19.07,20.52,440,643,461,281,4929
1779848308,2026-05-27 02:18:28,1,38.4,69.77,18.81,18.0,435,644,460,264,4930
1779848608,2026-05-27 02:23:28,1,38.78,70.42,18.15,19.87,440,654,454,279,4931
1779848908,2026-05-27 02:28:28,1,38.71,69.59,19.4,21.96,440,644,465,293,4932
1779849208,2026-05-27 02:33:28,1,38.4,69.53,18.28,21.12,439,642,456,283,4933
1779849508,2026-05-27 02:38:28,1,38.81,69.67,19.3,18.0,440,643,466,269,4934
1779849808,2026-05-27 02:43:28,1,38.64,70.41,19.16,18.36,443,648,464,272,4935
1779850108,2026-05-27 02:48:28,1,38.82,68.42,19.13,19.82,441,631,461,278,4936
1779850408,2026-05-27 02:53:28,1,38.9,70.7,19.4,19.07,440,649,466,275,4937
1779850708,2026-05-27 02:58:28,1,38.86,70.7,19.21,19.6,440,652,462,277,4938
1779851008,2026-05-27 03:03:28,1,39.09,70.94,19.96,18.03,442,654,469,268,4939
1779851308,2026-05-27 03:08:28,1,39.36,69.55,19.61,18.2,445,643,466,268,4940
1779851608,2026-05-27 03:13:28,1,39.07,68.83,19.75,18.0,443,637,469,268,4941
1779851908,2026-05-27 03:18:28,1,38.87,68.56,19.3,18.0,439,634,465,268,4942
1779852208,2026-05-27 03:23:28,1,39.46,68.7,19.52,19.71,443,631,468,278,4943
1779852508,2026-05-27 03:28:28,1,39.25,69.7,20.24,18.0,441,643,474,267,4944
1779852808,2026-05-27 03:33:28,1,39.3,68.48,20.04,18.0,446,631,469,268,4945
1779853108,2026-05-27 03:38:28,1,39.12,68.67,19.54,18.46,442,636,467,272,4946
1779853408,2026-05-27 03:43:28,1,39.42,68.43,20.01,21.83,443,634,471,288,4947
1779853708,2026-05-27 03:48:28,1,39.16,68.17,20.47,18.65,444,633,473,270,4948
1779854008,2026-05-27 03:53:28,1,39.48,70.09,19.6,18.0,444,646,466,267,4949
1779854308,2026-05-27 03:58:28,1,39.41,69.51,20.64,18.0,447,643,475,268,4950
1779854608,2026-05-27 04:03:28,1,39.22,68.48,20.93,21.13,448,630,478,287,4951
1779854908,2026-05-27 04:08:28,1,39.57,69.39,20.1,19.15,444,640,468,276,4952
1779855208,2026-05-27 04:13:28,1,39.73,67.76,20.45,18.59,447,628,473,274,4953
1779855508,2026-05-27 04:18:28,1,39.45,67.95,20.5,18.88,445,626,474,274,4954
1779855808,2026-05-27 04:23:28,1,39.77,68.88,21.11,18.0,444,632,477,272,4955
1779856108,2026-05-27 04:28:28,1,40.04,67.89,19.63,19.96,447,628,468,278,4956
1779856408,2026-05-27 04:33:28,1,39.41,68.41,20.2,18.0,443,634,471,268,4957
1779856708,2026-05-27 04:38:28,1,39.56,68.75,20.56,18.0,447,634,474,267,4958
1779857008,2026-05-27 04:43:28,1,39.75,67.95,20.81,20.12,447,629,475,283,4959
1779857308,2026-05-27 04:48:28,1,39.67,68.43,20.63,22.74,446,635,476,295,4960
1779857608,2026-05-27 04:53:28,1,40.03,67.31,21.49,18.46,446,626,482,271,4961
1779857908,2026-05-27 04:58:28,1,39.91,68.93,21.54,18.45,447,638,482,270,4962
1779858208,2026-05-27 05:03:28,1,40.19,68.64,20.68,18.63,448,633,476,271,4963
1779858508,2026-05-27 05:08:28,1,40.2,68.17,20.5,19.92,448,632,475,277,4964
1779858808,2026-05-27 05:13:28,1,39.99,68.47,21.29,22.33,446,630,479,294,4965
1779859108,2026-05-27 05:18:28,1,40.02,66.57,21.96,18.37,448,620,486,269,4966
1779859408,2026-05-27 05:23:28,1,40.04,67.14,21.74,21.01,448,620,486,284,4967
1779859708,2026-05-27 05:28:28,1,40.58,67.37,21.05,21.15,450,629,478,287,4968
1779860008,2026-05-27 05:33:28,1,40.52,67.18,21.16,23.25,452,624,478,299,4969
1779860308,2026-05-27 05:38:28,1,40.43,66.35,21.85,20.93,451,618,485,289,4970
1779860608,2026-05-27 05:43:28,1,40.49,67.21,21.91,22.36,452,626,486,292,4971
1779860908,2026-05-27 05:48:28,1,40.62,65.36,21.36,22.82,452,608,479,294,4972
1779861208,2026-05-27 05:53:28,1,40.26,66.85,21.52,21.03,448,618,483,288,4973
1779861508,2026-05-27 05:58:28,1,40.74,66.74,21.8,23.18,455,618,486,300,4974
1779861808,2026-05-27 06:03:28,1,40.97,65.88,22.86,22.85,454,613,489,294,4975
1779862108,2026-05-27 06:08:28,1,40.64,65.89,22.04,24.8,451,613,485,311,4976
1779862408,2026-05-27 06:13:28,1,40.8,65.41,22.11,22.59,454,614,488,293,4977
1779862708,2026-05-27 06:18:28,1,40.91,66.02,22.56,23.21,455,613,489,299,4978
1779863008,2026-05-27 06:23:28,1,40.83,65.92,22.5,26.34,452,616,490,318,4979
1779863308,2026-05-27 06:28:28,1,41.07,66.15,22.5,23.39,454,618,488,300,4980
1779863608,2026-05-27 06:33:28,1,41.1,66.02,22.02,24.93,451,614,485,312,4981
1779863908,2026-05-27 06:38:28,1,41.27,65.1,22.49,26.54,456,608,489,320,4982
1779864208,2026-05-27 06:43:28,1,41.37,65.01,22.98,28.7,454,609,494,333,4983
1779864508,2026-05-27 06:48:28,1,40.8,64.97,23.02,25.93,451,606,492,317,4984
1779864808,2026-05-27 06:53:28,1,41.43,65.37,22.44,25.22,456,611,491,310,4985
1779865108,2026-05-27 06:58:28,1,41.2,65.67,23.72,27.21,451,612,497,322,4986
1779865408,2026-05-27 07:03:28,1,41.36,64.9,22.89,27.66,457,608,492,326,4987
1779865708,2026-05-27 07:08:28,1,41.33,65.5,23.43,28.65,454,612,497,330,4988
1779866008,2026-05-27 07:13:28,1,41.47,65.87,23.07,27.88,458,611,494,324,4989
1779866308,2026-05-27 07:18:28,1,41.32,64.8,23.75,30.39,453,604,499,344,4990
1779866608,2026-05-27 07:23:28,1,41.44,65.14,23.8,27.41,457,608,501,324,4991
1779866908,2026-05-27 07:28:28,1,41.26,64.16,23.79,29.76,455,600,500,340,4992
1779867208,2026-05-27 07:33:28,1,41.6,64.81,23.11,31.91,456,607,495,351,4993
1779867508,2026-05-27 07:38:28,1,41.67,65.17,23.38,29.25,458,609,496,336,4994
1779867808,2026-05-27 07:43:28,1,41.75,63.12,23.88,29.02,456,593,500,333,4995
1779868108,2026-05-27 07:48:28,1,41.78,64.92,24.18,33.32,456,604,502,359,4996
1779868408,2026-05-27 07:53:28,1,41.75,64.42,23.36,32.61,457,602,497,355,4997
1779868708,2026-05-27 07:58:28,1,41.61,66.28,23.56,34.49,457,622,497,369,4998
1779869008,2026-05-27 08:03:28,1,41.52,64.25,23.12,34.15,455,598,493,364,4999
1779869308,2026-05-27 08:08:28,1,42.09,64.16,24.43,34.14,460,597,505,365,5000
1779869608,2026-05-27 08:13:28,1,41.56,64.01,23.71,32.92,454,599,498,357,5001
1779869908,2026-05-27 08:18:28,1,42.09,64.2,23.58,32.88,460,602,494,359,5002
1779870208,2026-05-27 08:23:28,1,42.01,64.82,23.58,34.35,459,610,499,366,5003
1779870508,2026-05-27 08:28:28,1,42.38,64.45,24.43,36.57,460,607,504,380,5004
1779870808,2026-05-27 08:33:28,1,42.25,64.5,24.44,33.53,460,601,504,364,5005
1779871108,2026-05-27 08:38:28,1,42.37,64.24,24.46,37.43,464,603,506,381,5006
1779871408,2026-05-27 08:43:28,1,42.0,64.05,23.68,37.54,458,601,499,383,5007
1779871708,2026-05-27 08:48:28,1,41.94,64.01,24.3,36.04,459,601,506,377,5008
1779872008,2026-05-27 08:53:28,1,42.6,65.14,24.07,36.89,462,606,502,380,5009
1779872308,2026-05-27 08:58:28,1,42.39,64.73,24.21,35.47,464,603,504,373,5010
1779872608,2026-05-27 09:03:28,1,42.31,64.68,23.59,37.38,461,606,496,384,5011
1779872908,2026-05-27 09:08:28,1,42.43,65.05,24.44,36.42,464,610,503,378,5012
1779873208,2026-05-27 09:13:28,1,42.06,65.19,24.11,37.96,459,612,501,388,5013
1779873508,2026-05-27 09:18:28,1,42.84,64.7,24.39,40.44,466,603,501,401,5014
1779873808,2026-05-27 09:23:28,1,42.58,65.19,25.14,37.68,462,612,512,386,5015
1779874108,2026-05-27 09:28:28,1,41.86,64.39,24.18,38.09,457,600,505,390,5016
1779874408,2026-05-27 09:33:28,1,42.35,65.59,24.35,39.2,460,609,505,393,5017
1779874708,2026-05-27 09:38:28,1,42.06,64.47,25.06,38.9,459,602,511,393,5018
1779875008,2026-05-27 09:43:28,1,43.06,64.05,24.79,37.73,465,601,507,386,5019
1779875308,2026-05-27 09:48:28,1,42.46,64.72,24.64,41.83,462,603,507,411,5020
1779875608,2026-05-27 09:53:28,1,42.32,64.53,25.06,39.83,462,603,508,397,5021
1779875908,2026-05-27 09:58:28,1,42.63,64.65,25.4,40.14,465,605,512,402,5022
1779876208,2026-05-27 10:03:28,1,42.71,65.99,24.15,40.28,462,616,499,400,5023
1779876508,2026-05-27 10:08:28,1,42.33,64.98,24.3,39.59,460,608,506,393,5024
1779876808,2026-05-27 10:13:28,1,42.6,65.85,24.52,40.57,462,610,506,401,5025
1779877108,2026-05-27 10:18:28,1,42.8,65.21,24.93,43.26,465,609,510,420,5026
1779877408,2026-05-27 10:23:28,1,43.25,65.48,24.9,39.24,468,613,505,395,5027
1779877708,2026-05-27 10:28:28,1,42.68,65.78,24.22,40.89,466,614,504,405,5028
1779878008,2026-05-27 10:33:28,1,42.5,64.79,25.0,40.61,462,604,507,403,5029
1779878308,2026-05-27 10:38:28,1,42.7,65.16,25.44,40.93,464,603,513,407,5030
1779878608,2026-05-27 10:43:28,1,42.43,66.22,24.99,39.52,460,613,509,396,5031
1779878908,2026-05-27 10:48:28,1,43.16,65.09,25.38,42.61,467,608,512,414,5032
1779879208,2026-05-27 10:53:28,1,42.78,65.88,25.78,41.98,465,617,518,412,5033
1779879508,2026-05-27 10:58:28,1,42.92,65.72,24.95,38.93,464,613,510,394,5034
1779879808,2026-05-27 11:03:28,1,43.41,65.25,24.86,42.37,468,605,506,413,5035
1779880108,2026-05-27 11:08:28,1,43.35,66.53,25.06,42.95,465,619,510,418,5036
1779880408,2026-05-27 11:13:28,1,42.64,67.16,25.5,42.73,465,625,513,416,5037
1779880708,2026-05-27 11:18:28,1,43.0,67.87,25.04,44.87,466,627,514,427,5038
1779881008,2026-05-27 11:23:28,1,43.4,66.51,24.92,42.63,467,619,510,416,5039
1779881308,2026-05-27 11:28:28,1,43.1,66.89,24.89,43.47,470,618,507,421,5040
1779881608,2026-05-27 11:33:28,1,43.33,67.25,24.74,42.63,468,625,505,416,5041
1779881908,2026-05-27 11:38:28,1,43.02,66.29,25.21,42.93,465,617,512,417,5042
1779882208,2026-05-27 11:43:28,1,42.82,67.16,24.8,43.56,464,623,507,419,5043
1779882508,2026-05-27 11:48:28,1,43.18,66.43,24.38,39.98,466,620,505,400,5044
1779882808,2026-05-27 11:53:28,1,43.33,68.33,25.14,40.54,469,629,510,402,5045
1779883108,2026-05-27 11:58:28,1,43.21,67.91,25.17,41.42,464,626,509,408,5046
1779883408,2026-05-27 12:03:28,1,43.58,66.83,25.08,41.2,470,621,510,406,5047
1779883708,2026-05-27 12:08:28,1,43.32,67.34,24.27,42.57,466,628,501,415,5048
1779884008,2026-05-27 12:13:28,1,43.35,69.03,25.1,41.27,469,635,508,406,5049
1779884308,2026-05-27 12:18:28,1,43.34,68.62,24.67,41.3,467,633,506,406,5050
1779884608,2026-05-27 12:23:28,1,43.37,68.87,24.74,42.34,467,636,507,412,5051
1779884908,2026-05-27 12:28:28,1,43.15,68.73,24.3,41.58,467,635,503,410,5052
1779885208,2026-05-27 12:33:28,1,43.14,67.68,24.86,40.15,465,632,507,401,5053
1779885508,2026-05-27 12:38:28,1,43.44,68.6,24.96,40.19,468,634,509,401,5054
1779885808,2026-05-27 12:43:28,1,43.33,69.6,25.09,42.04,469,641,509,411,5055
1779886108,2026-05-27 12:48:28,1,43.06,68.53,25.11,40.72,466,631,511,404,5056
1779886408,2026-05-27 12:53:28,1,43.46,68.28,24.6,40.17,469,630,507,398,5057
1779886708,2026-05-27 12:58:28,1,43.65,69.25,25.15,39.22,470,641,509,395,5058
1779887008,2026-05-27 13:03:28,1,43.47,69.33,24.74,38.58,469,640,508,394,5059
1779887308,2026-05-27 13:08:28,1,43.55,68.79,25.28,42.8,469,639,514,420,5060
1779887608,2026-05-27 13:13:28,1,43.44,70.07,24.56,39.06,468,645,509,392,5061
1779887908,2026-05-27 13:18:28,1,43.18,69.45,25.21,41.2,468,641,511,406,5062
1779888208,2026-05-27 13:23:28,1,43.43,69.53,24.79,36.57,466,640,506,380,5063
1779888508,2026-05-27 13:28:28,1,43.6,69.22,24.91,39.15,466,637,508,393,5064
1779888808,2026-05-27 13:33:28,1,43.36,69.81,24.74,37.96,467,643,509,388,5065
1779889108,2026-05-27 13:38:28,1,43.36,69.17,24.48,37.54,467,643,503,385,5066
1779889408,2026-05-27 13:43:28,1,43.46,69.52,24.65,38.29,467,641,506,388,5067
1779889708,2026-05-27 13:48:28,1,43.46,69.66,24.89,37.29,467,642,508,384,5068
1779890008,2026-05-27 13:53:28,1,43.02,69.3,23.94,35.34,463,638,500,369,5069
1779890308,2026-05-27 13:58:28,1,43.45,69.35,24.74,35.24,467,642,506,370,5070
1779890608,2026-05-27 14:03:28,1,43.78,71.1,24.24,36.89,470,648,502,384,5071
1779890908,2026-05-27 14:08:28,1,43.52,68.93,24.08,36.41,468,639,501,378,5072
1779891208,2026-05-27 14:13:28,1,43.56,68.78,23.87,37.43,469,637,501,384,5073
1779891508,2026-05-27 14:18:28,1,43.62,69.36,23.01,37.17,465,640,495,381,5074
1779891808,2026-05-27 14:23:28,1,43.45,69.76,24.4,37.36,469,644,505,384,5075
1779892108,2026-05-27 14:28:28,1,43.33,68.62,24.38,31.64,467,635,504,347,5076
1779892408,2026-05-27 14:33:28,1,43.33,68.4,23.74,37.17,465,633,498,382,5077
1779892708,2026-05-27 14:38:28,1,43.43,69.57,23.32,35.16,468,640,496,373,5078
1779893008,2026-05-27 14:43:28,1,43.44,69.7,24.45,33.88,463,643,503,363,5079
1779893308,2026-05-27 14:48:28,1,43.44,69.47,23.93,35.06,468,638,500,370,5080
1779893608,2026-05-27 14:53:28,1,43.17,69.9,23.88,33.19,464,645,501,359,5081
1779893908,2026-05-27 14:58:28,1,43.06,68.97,23.94,31.7,464,637,502,350,5082
1779894208,2026-05-27 15:03:28,1,43.52,69.44,23.54,32.2,467,638,497,353,5083
1779894508,2026-05-27 15:08:28,1,43.49,69.5,23.47,29.4,470,638,501,334,5084
1779894808,2026-05-27 15:13:28,1,43.55,69.2,23.59,28.16,469,637,498,328,5085
1779895108,2026-05-27 15:18:28,1,43.65,69.01,23.94,29.03,471,637,498,336,5086
1779895408,2026-05-27 15:23:28,1,43.46,70.17,23.9,27.42,468,648,501,326,5087
1779895708,2026-05-27 15:28:28,1,43.17,69.4,22.83,29.79,468,639,492,338,5088
1779896008,2026-05-27 15:33:28,1,43.12,69.41,23.85,29.1,468,642,499,333,5089
1779896308,2026-05-27 15:38:28,1,43.05,69.88,22.97,26.07,466,641,491,315,5090
1779896608,2026-05-27 15:43:28,1,43.15,68.71,22.7,29.28,466,636,491,338,5091
1779896908,2026-05-27 15:48:28,1,43.08,69.01,22.84,25.12,466,640,494,310,5092
1779897208,2026-05-27 15:53:28,1,42.64,67.91,22.48,26.35,462,633,488,316,5093
1779897508,2026-05-27 15:58:28,1,43.38,68.87,22.87,29.06,465,637,491,337,5094
1779897808,2026-05-27 16:03:28,1,43.64,68.15,22.73,26.61,468,634,493,318,5095
1779898108,2026-05-27 16:08:28,1,43.63,69.09,22.98,26.59,471,640,493,319,5096
1779898408,2026-05-27 16:13:28,1,43.08,69.42,22.64,25.55,467,639,493,315,5097
1779898708,2026-05-27 16:18:28,1,43.15,67.32,23.26,24.97,467,623,496,308,5098
1779899008,2026-05-27 16:23:28,1,43.04,68.19,23.08,23.76,463,631,494,300,5099
1779899308,2026-05-27 16:28:28,1,43.34,68.87,22.23,24.12,466,636,487,303,5100
1779899608,2026-05-27 16:33:28,1,43.4,69.1,22.59,25.87,466,639,490,314,5101
1779899908,2026-05-27 16:38:28,1,43.04,68.21,22.69,25.2,466,631,491,311,5102
1779900208,2026-05-27 16:43:28,1,43.09,67.83,22.65,26.73,463,628,490,316,5103
1779900508,2026-05-27 16:48:28,1,43.25,67.78,22.3,23.12,465,626,488,300,5104
1779900808,2026-05-27 16:53:28,1,43.26,68.72,21.13,22.78,466,638,480,296,5105
1779901108,2026-05-27 16:58:28,1,43.38,67.94,22.1,22.53,466,627,487,297,5106
1779901408,2026-05-27 17:03:28,1,42.88,66.84,21.46,22.16,465,625,483,293,5107
1779901708,2026-05-27 17:08:28,1,43.25,67.4,21.51,23.98,468,627,481,300,5108
1779902008,2026-05-27 17:13:28,1,42.98,67.03,21.1,22.36,464,621,478,293,5109
1779902308,2026-05-27 17:18:28,1,43.46,67.3,21.32,20.07,467,625,482,279,5110
1779902608,2026-05-27 17:23:28,1,43.24,67.28,21.71,22.07,468,629,482,295,5111
1779902908,2026-05-27 17:28:28,1,42.87,66.87,21.58,24.02,465,619,481,304,5112
1779903208,2026-05-27 17:33:28,1,42.88,66.81,21.73,19.77,468,616,483,281,5113
1779903508,2026-05-27 17:38:28,1,43.25,67.42,21.78,19.57,468,628,480,279,5114
1779903808,2026-05-27 17:43:28,1,43.01,66.19,20.6,20.16,466,617,475,283,5115
1779904108,2026-05-27 17:48:28,1,42.82,67.69,20.63,19.19,464,630,478,276,5116
1779904408,2026-05-27 17:53:28,1,43.17,67.08,21.81,20.17,467,622,482,279,5117
1779904708,2026-05-27 17:58:28,1,43.13,66.11,21.92,19.1,463,617,485,274,5118
1779905008,2026-05-27 18:03:28,1,43.04,64.66,20.19,21.81,470,605,473,290,5119
1779905308,2026-05-27 18:08:28,1,42.7,66.47,20.89,19.97,462,621,474,279,5120
1779905608,2026-05-27 18:13:28,1,42.54,65.88,21.02,18.64,464,617,476,271,5121
1779905908,2026-05-27 18:18:28,1,42.83,65.63,20.52,18.0,466,609,472,266,5122
1779906208,2026-05-27 18:23:28,1,42.35,64.85,20.61,18.0,461,603,472,268,5123
1779906508,2026-05-27 18:28:28,1,42.95,65.69,20.69,18.0,465,611,478,268,5124
1779906808,2026-05-27 18:33:28,1,42.74,66.57,20.21,18.0,461,616,469,267,5125
1779907108,2026-05-27 18:38:28,1,42.97,65.27,20.2,19.74,465,607,472,275,5126
1779907408,2026-05-27 18:43:28,1,42.71,66.34,19.41,18.35,464,619,463,270,5127
1779907708,2026-05-27 18:48:28,1,42.48,64.29,20.01,18.0,463,601,469,267,5128
1779908008,2026-05-27 18:53:28,1,42.65,64.48,20.1,19.18,466,607,468,278,5129
1779908308,2026-05-27 18:58:28,1,42.8,64.89,20.38,20.03,465,605,471,281,5130
1779908608,2026-05-27 19:03:28,1,42.55,64.38,19.87,18.33,465,600,468,270,5131
1779908908,2026-05-27 19:08:28,1,42.91,65.42,20.17,21.95,462,610,472,292,5132
1779909208,2026-05-27 19:13:28,1,42.75,65.54,20.02,19.37,466,612,469,275,5133
1779909508,2026-05-27 19:18:28,1,42.15,64.3,20.35,18.0,460,597,472,271,5134
1779909808,2026-05-27 19:23:28,1,42.69,64.65,19.46,18.0,464,605,464,268,5135
1779910108,2026-05-27 19:28:28,1,42.59,65.45,20.25,18.01,463,611,473,267,5136
1779910408,2026-05-27 19:33:28,1,42.18,65.46,19.87,18.0,463,613,468,266,5137
1779910708,2026-05-27 19:38:28,1,43.04,65.97,19.93,18.0,466,613,467,269,5138
1779911008,2026-05-27 19:43:28,1,42.53,64.89,19.95,18.0,460,606,468,266,5139
1779911308,2026-05-27 19:48:28,1,42.18,64.63,18.7,18.0,462,603,462,268,5140
1779911608,2026-05-27 19:53:28,1,42.25,64.14,19.37,20.11,461,600,466,281,5141
1779911908,2026-05-27 19:58:28,1,42.28,63.11,19.66,18.37,460,593,468,271,5142
1779912208,2026-05-27 20:03:28,1,42.44,64.2,18.64,20.72,459,603,460,284,5143
1779912508,2026-05-27 20:08:28,1,42.57,64.64,19.83,20.21,461,608,469,282,5144
1779912808,2026-05-27 20:13:28,1,42.2,63.19,19.0,20.4,460,596,461,279,5145
1779913108,2026-05-27 20:18:28,1,42.49,64.02,19.65,18.34,463,602,467,269,5146
1779913408,2026-05-27 20:23:28,1,42.2,65.51,19.0,18.27,459,612,462,267,5147
1779913708,2026-05-27 20:28:28,1,42.8,65.44,18.73,18.27,465,610,457,271,5148
1779914008,2026-05-27 20:33:28,1,42.45,63.52,18.93,18.45,461,597,462,271,5149
1779914308,2026-05-27 20:38:28,1,42.47,64.87,19.2,18.0,461,608,464,266,5150
1779914608,2026-05-27 20:43:28,1,42.31,64.67,18.85,18.0,463,605,460,267,5151
1779914908,2026-05-27 20:48:28,1,42.42,65.17,18.46,18.0,464,612,458,269,5152
1779915208,2026-05-27 20:53:28,1,42.88,63.99,18.8,20.11,463,600,461,280,5153
1779915508,2026-05-27 20:58:28,1,42.41,65.72,18.76,20.21,462,615,459,282,5154
1779915808,2026-05-27 21:03:28,1,42.78,64.22,18.47,20.27,465,600,458,283,5155
1779916108,2026-05-27 21:08:28,1,42.7,65.8,19.0,21.1,463,615,460,287,5156
1779916408,2026-05-27 21:13:28,1,42.61,64.01,18.05,19.61,468,600,452,277,5157
1779916708,2026-05-27 21:18:28,1,42.23,64.44,19.01,24.76,460,603,463,307,5158
1779917008,2026-05-27 21:23:28,1,42.67,64.5,18.76,21.1,463,603,458,285,5159
1779917308,2026-05-27 21:28:28,1,42.74,64.67,18.4,18.13,465,604,456,271,5160
1779917608,2026-05-27 21:33:28,1,42.35,64.25,18.31,22.55,461,601,457,293,5161
1779917908,2026-05-27 21:38:28,1,42.98,66.18,18.07,22.27,464,614,456,291,5162
1779918208,2026-05-27 21:43:28,1,42.73,65.02,18.2,23.69,465,608,454,300,5163
1779918508,2026-05-27 21:48:28,1,42.63,65.63,18.73,20.18,463,615,459,280,5164
1779918808,2026-05-27 21:53:28,1,42.32,65.03,19.08,22.46,461,606,462,295,5165
1779919108,2026-05-27 21:58:28,1,42.46,65.57,18.5,22.53,463,610,458,296,5166
1779919408,2026-05-27 22:03:28,1,42.5,65.77,18.17,21.14,462,609,453,287,5167
1779919708,2026-05-27 22:08:28,1,42.49,64.92,18.35,25.79,465,608,455,317,5168
1779920008,2026-05-27 22:13:28,1,42.16,65.03,17.0,22.9,462,607,446,297,5169
1779920308,2026-05-27 22:18:28,1,42.79,65.51,17.86,24.58,465,611,451,309,5170
1779920608,2026-05-27 22:23:28,1,42.65,66.1,18.64,26.2,463,613,459,318,5171
1779920908,2026-05-27 22:28:28,1,42.48,66.21,18.5,23.88,462,616,457,303,5172
1779921208,2026-05-27 22:33:28,1,42.64,66.12,18.07,26.41,463,614,457,315,5173
1779921508,2026-05-27 22:38:28,1,42.73,66.31,18.12,27.02,463,617,456,322,5174
1779921808,2026-05-27 22:43:28,1,42.7,65.76,18.1,25.4,462,613,456,314,5175
1779922108,2026-05-27 22:48:28,1,42.68,66.34,17.96,27.04,463,613,456,320,5176
1779922408,2026-05-27 22:53:28,1,42.42,66.05,18.45,28.49,463,619,460,332,5177
1779922708,2026-05-27 22:58:28,1,42.46,66.41,18.5,27.31,463,617,458,324,5178
1779923008,2026-05-27 23:03:28,1,42.63,65.96,17.98,27.7,464,612,451,325,5179
1779923308,2026-05-27 23:08:28,1,42.27,66.34,18.21,28.8,462,619,456,333,5180
1779923608,2026-05-27 23:13:28,1,42.37,67.39,17.7,30.83,461,626,450,347,5181
1779923908,2026-05-27 23:18:28,1,42.98,66.89,17.1,30.76,467,619,446,343,5182
1779924208,2026-05-27 23:23:28,1,42.65,66.73,17.87,29.52,466,618,455,340,5183
1779924508,2026-05-27 23:28:28,1,42.62,67.9,18.06,29.35,463,629,456,334,5184
1779924808,2026-05-27 23:33:28,1,43.15,66.09,17.59,31.83,468,617,452,349,5185
1779925108,2026-05-27 23:38:28,1,43.05,67.59,18.52,31.57,467,625,460,348,5186
1779925408,2026-05-27 23:43:28,1,42.99,67.75,17.57,33.69,465,629,451,360,5187
1779925708,2026-05-27 23:48:28,1,42.98,66.95,17.73,29.47,466,622,451,335,5188
1779926008,2026-05-27 23:53:28,1,42.82,67.07,18.61,30.54,466,621,459,341,5189
1779926308,2026-05-27 23:58:28,1,42.78,67.73,18.22,29.05,464,627,455,333,5190
1779926608,2026-05-28 00:03:28,1,42.84,67.11,17.64,33.45,465,620,449,359,5191
1779926908,2026-05-28 00:08:28,1,43.1,67.87,18.15,29.68,467,629,453,337,5192
1779927208,2026-05-28 00:13:28,1,43.1,67.98,18.34,31.58,468,628,455,349,5193
1779927508,2026-05-28 00:18:28,1,43.56,67.41,18.78,33.37,467,624,461,360,5194
1779927808,2026-05-28 00:23:28,1,43.28,68.03,18.5,34.03,467,629,458,362,5195
1779928108,2026-05-28 00:28:28,1,43.42,67.39,18.15,37.13,470,621,454,384,5196
1779928408,2026-05-28 00:33:28,1,42.67,68.55,17.49,35.75,464,634,451,375,5197
1779928708,2026-05-28 00:38:28,1,43.12,67.55,18.39,33.06,465,628,457,359,5198
1779929008,2026-05-28 00:43:28,1,43.29,69.22,18.11,35.15,469,638,456,369,5199
1779929308,2026-05-28 00:48:28,1,43.62,68.77,18.56,37.02,468,637,459,381,5200
1779929608,2026-05-28 00:53:28,1,43.13,67.81,17.88,36.53,466,632,455,380,5201
1779929908,2026-05-28 00:58:28,1,43.28,69.3,17.79,36.26,467,636,451,376,5202
1779930208,2026-05-28 01:03:28,1,43.11,67.92,18.56,38.55,467,630,456,392,5203
1779930508,2026-05-28 01:08:28,1,43.19,69.13,18.2,37.27,466,639,456,383,5204
1779930808,2026-05-28 01:13:28,1,43.47,68.48,17.89,37.81,468,636,449,385,5205
1779931108,2026-05-28 01:18:28,1,42.85,69.15,19.24,37.93,463,642,462,384,5206
1779931408,2026-05-28 01:23:28,1,43.58,67.86,17.9,36.11,466,629,452,378,5207
1779931708,2026-05-28 01:28:28,1,43.39,69.57,18.22,39.5,466,642,457,395,5208
1779932008,2026-05-28 01:33:28,1,43.58,68.46,18.44,38.37,467,632,455,388,5209
1779932308,2026-05-28 01:38:28,1,43.38,69.62,18.51,40.58,468,638,457,403,5210
1779932608,2026-05-28 01:43:28,1,43.57,68.77,18.45,40.95,469,635,456,404,5211
1779932908,2026-05-28 01:48:28,1,43.6,69.65,18.63,38.09,468,643,456,387,5212
1779933208,2026-05-28 01:53:28,1,43.92,70.21,18.54,37.9,472,647,458,388,5213
1779933508,2026-05-28 01:58:28,1,43.61,69.16,18.11,39.27,467,640,454,391,5214
1779933808,2026-05-28 02:03:28,1,43.35,69.64,18.93,38.63,468,644,462,392,5215
1779934108,2026-05-28 02:08:28,1,43.87,69.72,18.93,37.96,470,639,463,386,5216
1779934408,2026-05-28 02:13:28,1,44.07,69.04,18.88,39.0,472,640,457,393,5217
1779934708,2026-05-28 02:18:28,1,43.42,68.72,18.99,40.65,466,635,462,406,5218
1779935008,2026-05-28 02:23:28,1,43.65,69.6,18.8,38.24,471,643,459,389,5219
1779935308,2026-05-28 02:28:28,1,43.79,68.76,18.42,40.66,470,636,456,402,5220
1779935608,2026-05-28 02:33:28,1,43.88,69.29,19.4,40.7,470,639,466,404,5221
1779935908,2026-05-28 02:38:28,1,44.11,70.41,18.74,40.5,471,648,459,403,5222
1779936208,2026-05-28 02:43:28,1,43.86,70.29,18.75,43.21,471,648,456,419,5223
1779936508,2026-05-28 02:48:28,1,44.0,69.78,19.35,41.21,472,641,463,408,5224
1779936808,2026-05-28 02:53:28,1,43.95,69.59,19.19,42.94,470,640,461,417,5225
1779937108,2026-05-28 02:58:28,1,44.14,70.13,19.51,39.97,470,645,466,401,5226
1779937408,2026-05-28 03:03:28,1,44.63,68.56,19.59,41.72,471,635,464,411,5227
1779937708,2026-05-28 03:08:28,1,44.03,69.89,20.02,41.73,473,645,468,410,5228
1779938008,2026-05-28 03:13:28,1,44.37,69.4,19.39,42.93,473,638,467,417,5229
1779938308,2026-05-28 03:18:28,1,44.7,69.48,18.94,41.64,476,640,459,410,5230
1779938608,2026-05-28 03:23:28,1,44.42,68.42,19.58,41.14,477,636,465,407,5231
1779938908,2026-05-28 03:28:28,1,44.41,68.44,20.02,38.99,474,630,472,390,5232
1779939208,2026-05-28 03:33:28,1,44.31,70.04,19.08,41.82,472,646,460,411,5233
1779939508,2026-05-28 03:38:28,1,44.53,69.53,19.53,41.79,475,642,466,411,5234
1779939808,2026-05-28 03:43:28,1,44.54,68.89,20.38,40.23,476,635,474,399,5235
1779940108,2026-05-28 03:48:28,1,44.56,69.64,19.73,41.08,475,644,466,404,5236
1779940408,2026-05-28 03:53:28,1,44.96,70.45,19.81,42.15,476,647,470,410,5237
1779940708,2026-05-28 03:58:28,1,44.51,67.78,19.57,40.62,477,630,466,403,5238
1779941008,2026-05-28 04:03:28,1,44.85,68.65,20.63,42.71,476,636,474,416,5239
1779941308,2026-05-28 04:08:28,1,45.11,68.6,20.22,41.29,474,634,469,406,5240
1779941608,2026-05-28 04:13:28,1,45.32,69.43,21.0,41.44,478,639,476,407,5241
1779941908,2026-05-28 04:18:28,1,44.88,68.8,19.8,41.43,476,634,467,409,5242
1779942208,2026-05-28 04:23:28,1,44.64,68.83,19.5,39.46,476,634,465,397,5243
1779942508,2026-05-28 04:28:28,1,45.02,67.06,20.18,42.7,475,620,473,416,5244
1779942808,2026-05-28 04:33:28,1,45.19,67.98,20.19,40.2,477,629,470,401,5245
1779943108,2026-05-28 04:38:28,1,45.06,67.13,21.17,40.72,478,624,479,402,5246
1779943408,2026-05-28 04:43:28,1,45.17,68.19,20.71,38.15,478,631,477,385,5247
1779943708,2026-05-28 04:48:28,1,45.27,66.58,21.21,40.63,480,622,481,404,5248
1779944008,2026-05-28 04:53:28,1,45.12,68.34,20.84,41.65,476,633,475,409,5249
1779944308,2026-05-28 04:58:28,1,45.28,67.27,21.54,39.39,479,624,480,396,5250
1779944608,2026-05-28 05:03:28,1,44.85,66.51,20.66,38.12,478,621,477,388,5251
1779944908,2026-05-28 05:08:28,1,45.69,67.64,21.53,38.13,480,626,482,390,5252
1779945208,2026-05-28 05:13:28,1,45.95,67.61,20.69,39.83,483,630,473,398,5253
1779945508,2026-05-28 05:18:28,1,45.27,68.14,21.36,40.67,480,631,479,405,5254
1779945808,2026-05-28 05:23:28,1,45.59,67.31,21.14,39.96,476,627,480,398,5255
1779946108,2026-05-28 05:28:28,1,45.31,67.65,21.09,40.21,477,622,481,397,5256
1779946408,2026-05-28 05:33:28,1,45.82,66.18,21.37,35.52,481,616,482,370,5257
1779946708,2026-05-28 05:38:28,1,45.86,66.67,21.32,37.16,481,617,480,383,5258
1779947008,2026-05-28 05:43:28,1,46.0,67.24,21.36,34.47,482,622,479,365,5259
1779947308,2026-05-28 05:48:28,1,45.72,67.03,21.28,38.29,481,620,480,392,5260
1779947608,2026-05-28 05:53:28,1,46.11,65.76,21.36,36.84,483,612,480,378,5261
1779947908,2026-05-28 05:58:28,1,46.1,65.82,22.63,38.3,485,612,490,390,5262
1779948208,2026-05-28 06:03:28,1,45.85,66.62,22.56,37.75,482,617,488,389,5263
1779948508,2026-05-28 06:08:28,1,45.83,67.76,22.54,38.34,481,631,488,392,5264
1779948808,2026-05-28 06:13:28,1,45.7,66.82,21.68,33.7,481,619,483,364,5265
1779949108,2026-05-28 06:18:28,1,46.06,68.0,22.11,35.58,480,628,488,372,5266
1779949408,2026-05-28 06:23:28,1,46.65,65.7,22.52,33.05,486,615,492,358,5267
1779949708,2026-05-28 06:28:28,1,46.29,65.45,22.13,34.16,484,610,488,365,5268
1779950008,2026-05-28 06:33:28,1,46.35,64.84,21.61,32.34,484,606,483,354,5269
1779950308,2026-05-28 06:38:28,1,46.52,65.89,22.72,29.32,486,613,491,337,5270
1779950608,2026-05-28 06:43:28,1,46.31,65.63,22.09,31.83,484,609,484,350,5271
1779950908,2026-05-28 06:48:28,1,46.24,65.8,22.51,34.41,482,614,490,363,5272
1779951208,2026-05-28 06:53:28,1,46.43,65.2,22.98,33.23,483,608,496,359,5273
1779951508,2026-05-28 06:58:28,1,46.79,64.49,22.26,30.78,487,601,490,344,5274
1779951808,2026-05-28 07:03:28,1,46.4,64.57,22.2,31.36,485,601,489,347,5275
1779952108,2026-05-28 07:08:28,1,46.67,65.3,22.55,31.35,486,609,489,348,5276
1779952408,2026-05-28 07:13:28,1,46.52,64.6,22.92,32.99,487,603,493,361,5277
1779952708,2026-05-28 07:18:28,1,46.2,64.76,23.04,32.01,483,605,493,351,5278
1779953008,2026-05-28 07:23:28,1,46.8,65.21,22.35,31.13,487,609,491,345,5279
1779953308,2026-05-28 07:28:28,1,46.55,64.46,23.55,33.74,485,601,496,364,5280
1779953608,2026-05-28 07:33:28,1,46.8,65.14,23.38,30.04,488,612,497,339,5281
1779953908,2026-05-28 07:38:28,1,46.54,64.47,23.14,31.68,485,603,497,350,5282
1779954208,2026-05-28 07:43:28,1,47.19,63.69,24.09,29.6,488,596,504,337,5283
1779954508,2026-05-28 07:48:28,1,47.26,65.46,23.5,28.67,488,613,495,335,5284
1779954808,2026-05-28 07:53:28,1,47.21,63.91,23.24,30.71,489,601,494,345,5285
1779955108,2026-05-28 07:58:28,1,47.08,64.22,23.76,27.16,486,602,499,321,5286
1779955408,2026-05-28 08:03:28,1,47.63,64.3,23.6,27.21,493,600,497,323,5287
1779955708,2026-05-28 08:08:28,1,47.22,64.19,23.16,28.39,488,602,497,330,5288
1779956008,2026-05-28 08:13:28,1,46.91,63.36,24.07,25.19,487,597,503,312,5289
1779956308,2026-05-28 08:18:28,1,47.22,63.9,23.64,27.0,490,599,495,320,5290
1779956608,2026-05-28 08:23:28,1,47.56,64.13,24.26,25.51,492,604,501,314,5291
1779956908,2026-05-28 08:28:28,1,47.65,63.93,23.77,26.7,491,600,500,322,5292
1779957208,2026-05-28 08:33:28,1,48.09,65.71,24.32,25.51,492,610,504,312,5293
1779957508,2026-05-28 08:38:28,1,47.31,65.54,23.25,24.66,491,611,494,310,5294
1779957808,2026-05-28 08:43:28,1,47.34,63.64,24.26,24.27,490,596,503,306,5295
1779958108,2026-05-28 08:48:28,1,47.67,64.18,24.12,26.29,493,600,501,318,5296
1779958408,2026-05-28 08:53:28,1,47.22,64.4,24.64,23.62,489,604,506,301,5297
1779958708,2026-05-28 08:58:28,1,47.39,63.69,23.76,23.01,489,598,502,297,5298
1779959008,2026-05-28 09:03:28,1,47.34,64.14,24.32,22.24,489,601,505,294,5299
1779959308,2026-05-28 09:08:28,1,47.3,63.32,24.0,20.58,489,593,503,283,5300
1779959608,2026-05-28 09:13:28,1,47.4,63.49,23.87,21.22,491,596,502,286,5301
1779959908,2026-05-28 09:18:28,1,47.85,65.17,24.4,22.15,492,608,504,293,5302
1779960208,2026-05-28 09:23:28,1,47.65,64.66,24.68,19.82,491,604,506,277,5303
1779960508,2026-05-28 09:28:28,1,48.19,65.86,24.7,21.59,491,615,509,290,5304
1779960808,2026-05-28 09:33:28,1,47.86,64.98,24.59,21.12,495,605,506,286,5305
1779961108,2026-05-28 09:38:28,1,47.98,66.76,24.6,21.16,494,618,506,286,5306
1779961408,2026-05-28 09:43:28,1,47.97,65.62,24.07,18.0,495,610,499,268,5307
1779961708,2026-05-28 09:48:28,1,48.25,64.26,24.75,22.51,494,604,507,294,5308
1779962008,2026-05-28 09:53:28,1,47.38,64.7,24.79,19.64,494,607,508,280,5309
1779962308,2026-05-28 09:58:28,1,47.92,66.4,25.0,19.85,496,620,509,280,5310
1779962608,2026-05-28 10:03:28,1,47.96,66.53,25.23,18.0,494,621,510,267,5311
1779962908,2026-05-28 10:08:28,1,48.14,65.44,24.97,18.0,494,612,509,270,5312
1779963208,2026-05-28 10:13:28,1,48.33,64.81,24.96,18.0,497,603,513,267,5313
1779963508,2026-05-28 10:18:28,1,48.27,65.12,24.75,19.37,492,605,510,275,5314
1779963808,2026-05-28 10:23:28,1,47.99,66.32,25.26,21.24,491,616,512,288,5315
1779964108,2026-05-28 10:28:28,1,48.8,66.47,24.92,19.85,497,620,508,276,5316
1779964408,2026-05-28 10:33:28,1,48.45,66.99,24.63,19.88,497,622,507,278,5317
1779964708,2026-05-28 10:38:28,1,48.44,66.8,25.38,19.19,495,620,511,276,5318
1779965008,2026-05-28 10:43:28,1,48.6,65.57,24.4,18.0,500,613,506,266,5319
1779965308,2026-05-28 10:48:28,1,48.14,65.96,25.13,18.0,495,616,511,268,5320
1779965608,2026-05-28 10:53:28,1,48.45,66.91,24.62,19.34,497,622,507,276,5321
1779965908,2026-05-28 10:58:28,1,48.55,66.69,25.16,20.47,498,620,510,284,5322
1779966208,2026-05-28 11:03:28,1,48.38,65.97,24.64,20.01,497,614,505,282,5323
1779966508,2026-05-28 11:08:28,1,48.46,66.38,24.35,18.11,495,616,503,269,5324
1779966808,2026-05-28 11:13:28,1,48.64,66.67,23.85,18.0,498,621,500,269,5325
1779967108,2026-05-28 11:18:28,1,48.74,66.81,25.45,18.14,495,620,511,268,5326
1779967408,2026-05-28 11:23:28,1,48.02,67.15,24.95,18.5,494,627,510,269,5327
1779967708,2026-05-28 11:28:28,1,48.17,67.48,25.09,19.25,493,626,511,273,5328
1779968008,2026-05-28 11:33:28,1,48.89,66.94,24.68,18.0,501,622,506,268,5329
1779968308,2026-05-28 11:38:28,1,48.3,66.89,24.85,18.0,497,622,510,266,5330
1779968608,2026-05-28 11:43:28,1,48.52,68.21,25.0,18.0,495,629,508,268,5331
1779968908,2026-05-28 11:48:28,1,48.19,67.72,24.34,18.0,496,628,505,267,5332
1779969208,2026-05-28 11:53:28,1,48.92,67.01,25.64,21.72,500,623,516,291,5333
1779969508,2026-05-28 11:58:28,1,48.71,67.28,24.81,18.42,498,624,509,270,5334
1779969808,2026-05-28 12:03:28,1,48.59,67.73,25.23,19.76,500,627,513,277,5335
1779970108,2026-05-28 12:08:28,1,48.26,67.81,24.57,19.66,495,627,505,275,5336
1779970408,2026-05-28 12:13:28,1,48.54,68.48,25.12,19.06,496,633,512,274,5337
1779970708,2026-05-28 12:18:28,1,48.46,67.84,24.4,21.09,494,629,502,288,5338
1779971008,2026-05-28 12:23:28,1,48.42,67.39,24.98,20.41,496,624,509,281,5339
1779971308,2026-05-28 12:28:28,1,48.92,69.23,24.96,21.33,502,638,509,288,5340
1779971608,2026-05-28 12:33:28,1,48.56,67.11,25.15,18.22,499,625,511,270,5341
1779971908,2026-05-28 12:38:28,1,48.54,68.95,25.0,20.49,497,636,508,285,5342
1779972208,2026-05-28 12:43:28,1,48.99,68.63,24.24,20.44,499,629,503,280,5343
1779972508,2026-05-28 12:48:28,1,48.68,69.23,25.11,23.89,500,640,508,302,5344
1779972808,2026-05-28 12:53:28,1,48.66,69.28,25.65,19.31,498,637,516,277,5345
1779973108,2026-05-28 12:58:28,1,48.48,67.49,24.76,21.28,494,626,507,287,5346
1779973408,2026-05-28 13:03:28,1,49.31,68.18,24.83,21.46,500,630,506,288,5347
1779973708,2026-05-28 13:08:28,1,48.6,68.28,25.49,19.94,498,631,510,277,5348
1779974008,2026-05-28 13:13:28,1,48.57,69.56,24.36,21.08,500,639,506,287,5349
1779974308,2026-05-28 13:18:28,1,48.47,69.86,24.56,24.0,498,647,506,303,5350
1779974608,2026-05-28 13:23:28,1,48.59,69.23,24.43,19.15,498,638,505,275,5351
1779974908,2026-05-28 13:28:28,1,48.5,69.62,24.24,21.79,498,640,502,290,5352
1779975208,2026-05-28 13:33:28,1,48.66,70.13,25.74,20.95,496,647,516,285,5353
1779975508,2026-05-28 13:38:28,1,48.24,69.24,24.48,19.49,495,636,505,276,5354
1779975808,2026-05-28 13:43:28,1,48.73,69.02,24.02,20.84,500,637,504,284,5355
1779976108,2026-05-28 13:48:28,1,48.92,68.84,24.8,22.59,501,633,508,298,5356
1779976408,2026-05-28 13:53:28,1,48.73,69.86,24.36,26.21,500,643,505,317,5357
1779976708,2026-05-28 13:58:28,1,48.76,69.48,24.53,24.35,500,642,505,302,5358
1779977008,2026-05-28 14:03:28,1,48.69,69.75,24.69,24.2,497,642,508,305,5359
1779977308,2026-05-28 14:08:28,1,48.82,69.34,24.55,24.1,498,640,505,302,5360
1779977608,2026-05-28 14:13:28,1,48.61,68.99,24.23,21.49,497,634,504,287,5361
1779977908,2026-05-28 14:18:28,1,48.54,68.44,23.88,24.09,496,631,500,305,5362
1779978208,2026-05-28 14:23:28,1,49.11,70.63,24.43,21.48,498,647,505,287,5363
1779978508,2026-05-28 14:28:28,1,48.54,69.75,24.02,25.23,497,644,502,312,5364
1779978808,2026-05-28 14:33:28,1,48.71,69.31,24.01,25.23,497,641,502,309,5365
1779979108,2026-05-28 14:38:28,1,48.79,69.78,23.39,27.63,499,642,495,324,5366
1779979408,2026-05-28 14:43:28,1,48.65,69.12,24.16,27.68,497,641,504,326,5367
1779979708,2026-05-28 14:48:28,1,48.64,70.01,23.47,25.14,497,644,500,312,5368
1779980008,2026-05-28 14:53:28,1,48.73,68.28,23.88,27.12,498,632,499,323,5369
1779980308,2026-05-28 14:58:28,1,48.78,69.26,23.75,26.76,496,638,500,319,5370
1779980608,2026-05-28 15:03:28,1,48.57,70.4,23.23,27.65,499,646,498,326,5371
1779980908,2026-05-28 15:08:28,1,48.52,69.02,24.37,27.12,498,636,501,322,5372
1779981208,2026-05-28 15:13:28,1,48.6,69.43,23.7,29.51,497,636,500,334,5373
1779981508,2026-05-28 15:18:28,1,48.71,69.74,22.72,29.42,499,643,490,336,5374
1779981808,2026-05-28 15:23:28,1,48.52,70.67,23.89,26.53,497,650,500,319,5375
1779982108,2026-05-28 15:28:28,1,48.56,68.48,22.58,29.56,497,630,491,335,5376
1779982408,2026-05-28 15:33:28,1,49.09,69.06,23.73,33.07,499,641,498,360,5377
1779982708,2026-05-28 15:38:28,1,48.66,69.58,23.15,31.68,497,642,497,350,5378
1779983008,2026-05-28 15:43:28,1,48.61,69.72,23.49,32.04,497,644,495,352,5379
1779983308,2026-05-28 15:48:28,1,48.95,68.0,23.39,31.32,499,624,495,346,5380
1779983608,2026-05-28 15:53:28,1,48.39,68.94,22.95,31.72,499,632,494,348,5381
1779983908,2026-05-28 15:58:28,1,48.79,69.16,22.8,34.65,497,639,490,368,5382
1779984208,2026-05-28 16:03:28,1,48.52,69.32,23.43,31.15,496,645,499,346,5383
1779984508,2026-05-28 16:08:28,1,48.47,68.38,22.32,31.72,497,630,490,350,5384
1779984808,2026-05-28 16:13:28,1,48.79,68.13,22.85,31.61,498,632,492,352,5385
1779985108,2026-05-28 16:18:28,1,48.6,68.56,22.32,34.07,497,635,488,363,5386
1779985408,2026-05-28 16:23:28,1,48.64,68.49,22.1,35.93,498,632,486,376,5387
1779985708,2026-05-28 16:28:28,1,48.91,68.81,22.26,35.12,497,637,491,368,5388
1779986008,2026-05-28 16:33:28,1,48.39,67.96,22.16,35.67,496,628,487,373,5389
1779986308,2026-05-28 16:38:28,1,48.41,67.7,22.42,37.26,497,626,489,380,5390
1779986608,2026-05-28 16:43:28,1,48.54,67.27,22.6,35.58,498,625,493,372,5391
1779986908,2026-05-28 16:48:28,1,48.68,67.45,22.45,35.63,498,623,491,375,5392
1779987208,2026-05-28 16:53:28,1,48.28,67.92,21.8,35.64,495,631,485,372,5393
1779987508,2026-05-28 16:58:28,1,48.02,67.42,21.78,37.27,496,627,485,383,5394
1779987808,2026-05-28 17:03:28,1,48.72,67.6,22.14,35.52,499,626,487,373,5395
1779988108,2026-05-28 17:08:28,1,48.34,67.0,21.75,38.2,497,621,481,388,5396
1779988408,2026-05-28 17:13:28,1,48.18,68.17,21.85,37.99,494,632,484,387,5397
1779988708,2026-05-28 17:18:28,1,48.14,67.88,22.17,36.92,494,632,486,381,5398
1779989008,2026-05-28 17:23:28,1,48.56,66.88,21.47,38.34,496,623,482,390,5399
1779989308,2026-05-28 17:28:28,1,48.21,66.61,21.25,38.54,496,623,479,393,5400
1779989608,2026-05-28 17:33:28,1,48.16,68.14,21.86,36.57,493,630,485,380,5401
1779989908,2026-05-28 17:38:28,1,48.28,66.92,21.52,40.22,495,621,479,400,5402
1779990208,2026-05-28 17:43:28,1,48.02,67.26,20.92,39.44,492,626,477,397,5403
1779990508,2026-05-28 17:48:28,1,48.13,65.78,21.96,39.21,497,613,483,392,5404
1779990808,2026-05-28 17:53:28,1,48.62,66.65,20.91,38.99,498,620,475,394,5405
1779991108,2026-05-28 17:58:28,1,47.94,66.74,20.77,42.75,494,616,476,417,5406
1779991408,2026-05-28 18:03:28,1,47.95,66.13,21.1,41.3,493,614,479,408,5407
1779991708,2026-05-28 18:08:28,1,47.66,66.24,20.96,39.57,491,617,476,397,5408
1779992008,2026-05-28 18:13:28,1,48.53,65.35,20.79,40.8,498,606,476,406,5409
1779992308,2026-05-28 18:18:28,1,48.37,65.88,20.69,39.29,497,610,475,397,5410
1779992608,2026-05-28 18:23:28,1,48.49,65.51,20.87,42.89,497,613,476,417,5411
1779992908,2026-05-28 18:28:28,1,48.26,65.55,20.63,40.82,495,610,475,408,5412
1779993208,2026-05-28 18:33:28,1,47.85,64.99,20.34,40.85,491,605,473,407,5413
1779993508,2026-05-28 18:38:28,1,48.01,65.03,20.52,41.03,495,609,475,405,5414
1779993808,2026-05-28 18:43:28,1,48.25,65.1,20.51,41.06,498,601,472,405,5415
1779994108,2026-05-28 18:48:28,1,47.87,64.66,20.47,38.09,496,610,473,387,5416
1779994408,2026-05-28 18:53:28,1,48.04,65.25,20.04,41.94,494,610,469,410,5417
1779994708,2026-05-28 18:58:28,1,47.86,65.55,20.34,43.42,494,614,473,419,5418
1779995008,2026-05-28 19:03:28,1,47.92,64.96,20.62,40.54,493,605,473,401,5419
1779995308,2026-05-28 19:08:28,1,47.96,64.95,20.53,37.79,493,605,475,384,5420
1779995608,2026-05-28 19:13:28,1,48.1,63.97,20.1,42.89,496,600,469,419,5421
1779995908,2026-05-28 19:18:28,1,47.73,63.7,20.47,44.86,490,597,476,428,5422
1779996208,2026-05-28 19:23:28,1,48.34,64.73,19.99,42.37,496,608,471,414,5423
1779996508,2026-05-28 19:28:28,1,48.23,66.0,19.56,43.04,496,615,465,417,5424
1779996808,2026-05-28 19:33:28,1,47.87,65.26,19.08,40.81,492,612,462,403,5425
1779997108,2026-05-28 19:38:28,1,47.47,64.31,19.16,43.57,492,603,465,423,5426
1779997408,2026-05-28 19:43:28,1,47.84,63.89,19.75,42.85,493,598,465,415,5427
1779997708,2026-05-28 19:48:28,1,48.32,64.69,19.03,42.17,499,603,464,415,5428
1779998008,2026-05-28 19:53:28,1,47.82,63.77,19.3,42.68,494,593,464,420,5429
1779998308,2026-05-28 19:58:28,1,47.68,64.74,18.99,43.01,491,607,462,417,5430
1779998608,2026-05-28 20:03:28,1,48.24,65.94,18.31,38.84,496,613,457,394,5431
1779998908,2026-05-28 20:08:28,1,47.92,64.59,18.94,41.18,494,609,462,408,5432
1779999208,2026-05-28 20:13:28,1,48.1,64.48,19.39,42.16,493,599,466,415,5433
1779999508,2026-05-28 20:18:28,1,47.98,64.04,19.85,41.32,492,599,468,407,5434
1779999808,2026-05-28 20:23:28,1,47.85,65.05,19.19,40.71,494,609,462,403,5435
1780000108,2026-05-28 20:28:28,1,48.08,64.45,19.57,42.69,493,602,464,416,5436
1780000408,2026-05-28 20:33:28,1,48.02,64.57,18.68,41.39,495,603,457,408,5437
1780000708,2026-05-28 20:38:28,1,48.01,64.28,17.83,38.15,493,603,450,389,5438
1780001008,2026-05-28 20:43:28,1,47.73,64.49,19.11,40.97,492,605,464,402,5439
1780001308,2026-05-28 20:48:28,1,48.44,65.34,18.43,40.61,494,611,455,402,5440
1780001608,2026-05-28 20:53:28,1,47.74,64.33,18.5,41.16,491,602,457,406,5441
1780001908,2026-05-28 20:58:28,1,47.82,64.61,18.7,40.88,493,602,460,401,5442
1780002208,2026-05-28 21:03:28,1,47.78,65.29,19.26,38.91,493,607,463,392,5443
1780002508,2026-05-28 21:08:28,1,48.46,65.64,18.57,42.2,494,612,456,413,5444
1780002808,2026-05-28 21:13:28,1,47.99,64.65,18.42,38.03,495,605,459,387,5445
1780003108,2026-05-28 21:18:28,1,48.06,64.61,18.37,41.33,494,605,456,407,5446
1780003408,2026-05-28 21:23:28,1,47.64,64.32,18.52,40.09,491,602,456,399,5447
1780003708,2026-05-28 21:28:28,1,48.08,63.88,18.76,39.3,495,601,457,395,5448
1780004008,2026-05-28 21:33:28,1,47.73,65.11,18.82,39.06,493,610,459,395,5449
1780004308,2026-05-28 21:38:28,1,48.15,64.08,18.62,37.98,495,602,459,388,5450
1780004608,2026-05-28 21:43:28,1,47.37,64.79,19.13,37.68,489,607,462,386,5451
1780004908,2026-05-28 21:48:28,1,47.85,65.22,18.25,38.21,492,610,456,390,5452
1780005208,2026-05-28 21:53:28,1,47.87,65.79,17.18,39.26,493,615,447,397,5453
1780005508,2026-05-28 21:58:28,1,47.79,63.94,17.79,35.73,493,596,451,375,5454
1780005808,2026-05-28 22:03:28,1,47.57,64.44,18.22,34.71,493,601,454,367,5455
1780006108,2026-05-28 22:08:28,1,48.17,65.88,18.29,36.41,495,612,456,377,5456
1780006408,2026-05-28 22:13:28,1,47.87,64.31,18.13,33.98,495,599,458,365,5457
1780006708,2026-05-28 22:18:28,1,48.09,65.84,18.33,36.9,495,610,457,381,5458
1780007008,2026-05-28 22:23:28,1,48.02,64.96,17.73,34.54,494,608,449,367,5459
1780007308,2026-05-28 22:28:28,1,47.75,66.21,18.3,34.09,493,616,457,364,5460
1780007608,2026-05-28 22:33:28,1,47.67,65.79,17.94,35.32,491,612,452,371,5461
1780007908,2026-05-28 22:38:28,1,48.08,65.58,17.98,33.02,493,614,452,356,5462
1780008208,2026-05-28 22:43:28,1,48.31,65.9,17.46,30.46,494,614,448,342,5463
1780008508,2026-05-28 22:48:28,1,47.9,65.56,17.57,35.08,492,612,449,371,5464
1780008808,2026-05-28 22:53:28,1,47.82,64.97,17.79,31.72,494,606,450,349,5465
1780009108,2026-05-28 22:58:28,1,47.8,66.75,18.1,34.78,491,617,457,367,5466
1780009408,2026-05-28 23:03:28,1,48.54,67.6,17.75,32.81,497,623,449,356,5467
1780009708,2026-05-28 23:08:28,1,48.22,66.62,18.17,28.13,495,622,456,328,5468
1780010008,2026-05-28 23:13:28,1,47.92,66.64,18.19,32.24,493,623,454,350,5469
1780010308,2026-05-28 23:18:28,1,48.26,65.91,18.59,32.31,495,615,455,355,5470
1780010608,2026-05-28 23:23:28,1,48.13,66.96,17.42,31.15,493,622,449,346,5471
1780010908,2026-05-28 23:28:28,1,48.44,67.86,17.76,33.45,497,634,454,362,5472
1780011208,2026-05-28 23:33:28,1,48.15,67.3,17.93,31.59,493,623,455,348,5473
1780011508,2026-05-28 23:38:28,1,48.17,66.51,18.06,28.51,497,618,455,332,5474
1780011808,2026-05-28 23:43:28,1,48.06,66.38,17.83,28.42,493,615,452,334,5475
1780012108,2026-05-28 23:48:28,1,48.39,68.34,17.8,28.27,497,633,451,330,5476
1780012408,2026-05-28 23:53:28,1,47.81,67.01,18.07,28.85,493,621,455,332,5477
1780012708,2026-05-28 23:58:28,1,47.92,67.44,17.85,28.78,492,623,453,332,5478
1780013008,2026-05-29 00:03:28,1,48.24,66.2,17.84,28.05,494,617,452,325,5479
1780013308,2026-05-29 00:08:28,1,48.11,67.71,18.23,26.97,494,630,455,320,5480
1780013608,2026-05-29 00:13:28,1,48.21,67.88,18.26,29.49,497,626,458,335,5481
1780013908,2026-05-29 00:18:28,1,48.41,68.77,18.36,26.41,495,637,457,318,5482
1780014208,2026-05-29 00:23:28,1,48.75,69.45,18.78,22.1,497,641,459,294,5483
1780014508,2026-05-29 00:28:28,1,48.13,67.62,17.99,25.05,497,628,454,312,5484
1780014808,2026-05-29 00:33:28,1,48.3,68.66,18.15,25.61,497,635,456,312,5485
1780015108,2026-05-29 00:38:28,1,48.14,68.11,19.0,26.97,496,627,462,321,5486
1780015408,2026-05-29 00:43:28,1,48.62,68.92,17.75,25.6,497,636,454,312,5487
1780015708,2026-05-29 00:48:28,1,48.78,69.58,18.11,23.93,497,642,454,303,5488
1780016008,2026-05-29 00:53:28,1,48.78,69.65,18.87,23.96,498,640,460,301,5489
1780016308,2026-05-29 00:58:28,1,48.7,69.14,17.89,23.26,497,639,452,298,5490
1780016608,2026-05-29 01:03:28,1,48.36,68.74,18.18,23.59,494,631,456,301,5491
1780016908,2026-05-29 01:08:28,1,48.63,68.57,18.19,21.89,498,639,454,289,5492
1780017208,2026-05-29 01:13:28,1,48.5,69.65,18.76,21.24,498,641,463,286,5493
1780017508,2026-05-29 01:18:28,1,49.14,70.24,18.17,23.68,501,646,456,302,5494
1780017808,2026-05-29 01:23:28,1,48.75,69.75,17.87,22.85,499,643,453,296,5495
1780018108,2026-05-29 01:28:28,1,48.83,69.13,18.88,20.52,497,638,462,286,5496
1780018408,2026-05-29 01:33:28,1,48.81,68.7,18.21,19.83,501,633,455,277,5497
1780018708,2026-05-29 01:38:28,1,49.06,68.51,17.85,20.17,499,632,451,280,5498
1780019008,2026-05-29 01:43:28,1,48.65,69.84,18.91,20.6,499,644,462,282,5499
1780019308,2026-05-29 01:48:28,1,48.77,70.55,19.03,19.98,500,647,462,280,5500
1780019608,2026-05-29 01:53:28,1,48.71,69.69,18.76,21.63,496,637,460,289,5501
1780019908,2026-05-29 01:58:28,1,49.03,68.72,18.63,19.96,500,636,459,281,5502
1780020208,2026-05-29 02:03:28,1,48.94,68.75,18.41,19.47,499,632,456,277,5503
1780020508,2026-05-29 02:08:28,1,48.85,70.08,18.85,19.63,497,645,461,276,5504
1780020808,2026-05-29 02:13:28,1,49.32,69.7,18.48,19.17,501,644,456,276,5505
1780021108,2026-05-29 02:18:28,1,49.57,70.4,18.88,21.34,503,649,462,287,5506
1780021408,2026-05-29 02:23:28,1,48.95,69.56,19.43,18.0,497,638,463,268,5507
1780021708,2026-05-29 02:28:28,1,49.3,68.67,18.52,19.17,500,633,460,273,5508
1780022008,2026-05-29 02:33:28,1,49.16,69.25,19.29,19.86,503,637,465,279,5509
1780022308,2026-05-29 02:38:28,1,48.59,68.64,18.63,18.89,496,633,458,276,5510
1780022608,2026-05-29 02:43:28,1,49.47,69.76,19.06,18.0,501,640,463,268,5511
1780022908,2026-05-29 02:48:28,1,49.36,68.58,19.56,18.26,500,631,466,267,5512
1780023208,2026-05-29 02:53:28,1,49.69,69.12,19.74,18.0,505,634,466,267,5513
1780023508,2026-05-29 02:58:28,1,49.28,69.61,19.84,20.71,501,642,468,287,5514
1780023808,2026-05-29 03:03:28,1,49.65,68.9,19.59,18.0,503,637,467,267,5515
1780024108,2026-05-29 03:08:28,1,49.41,69.47,19.15,18.93,506,640,461,275,5516
1780024408,2026-05-29 03:13:28,1,49.72,68.9,19.51,18.0,502,634,467,268,5517
1780024708,2026-05-29 03:18:28,1,50.03,68.85,19.61,18.0,506,635,468,269,5518
1780025008,2026-05-29 03:23:28,1,49.72,68.59,20.1,18.31,505,634,472,270,5519
1780025308,2026-05-29 03:28:28,1,49.81,69.12,19.74,18.0,505,637,468,267,5520
1780025608,2026-05-29 03:33:28,1,49.67,69.47,20.45,18.0,504,639,475,268,5521
1780025908,2026-05-29 03:38:28,1,49.88,69.21,19.55,18.0,503,638,466,269,5522
1780026208,2026-05-29 03:43:28,1,49.63,69.08,20.04,18.0,503,639,468,268,5523
1780026508,2026-05-29 03:48:28,1,50.19,69.36,20.86,18.0,505,641,476,268,5524
1780026808,2026-05-29 03:53:28,1,50.5,67.94,20.65,20.58,506,626,475,283,5525
1780027108,2026-05-29 03:58:28,1,49.92,68.59,19.91,21.29,503,634,466,285,5526
1780027408,2026-05-29 04:03:28,1,50.09,67.94,19.38,20.65,506,625,461,282,5527
1780027708,2026-05-29 04:08:28,1,50.58,69.07,20.31,19.65,510,638,473,279,5528
1780028008,2026-05-29 04:13:28,1,49.69,69.08,20.19,19.59,499,639,470,275,5529
1780028308,2026-05-29 04:18:28,1,50.25,68.49,19.78,20.67,509,631,467,284,5530
1780028608,2026-05-29 04:23:28,1,50.33,68.1,20.3,20.25,508,628,472,280,5531
1780028908,2026-05-29 04:28:28,1,49.91,69.58,20.79,18.0,507,640,477,267,5532
1780029208,2026-05-29 04:33:28,1,50.01,68.55,20.93,18.61,504,632,476,272,5533
1780029508,2026-05-29 04:38:28,1,50.3,67.71,20.93,22.19,506,627,475,288,5534
1780029808,2026-05-29 04:43:28,1,49.99,68.77,20.86,20.11,507,634,477,278,5535
1780030108,2026-05-29 04:48:28,1,50.46,67.39,20.44,18.5,509,627,473,272,5536
1780030408,2026-05-29 04:53:28,1,50.51,67.4,21.06,19.44,509,629,478,277,5537
1780030708,2026-05-29 04:58:28,1,50.29,68.22,20.66,19.53,508,633,474,275,5538
1780031008,2026-05-29 05:03:28,1,50.7,67.4,21.08,18.0,510,625,480,271,5539
1780031308,2026-05-29 05:08:28,1,50.48,67.97,21.04,20.67,509,633,476,281,5540
1780031608,2026-05-29 05:13:28,1,50.74,67.93,21.79,20.93,511,627,482,284,5541
1780031908,2026-05-29 05:18:28,1,50.73,66.78,21.01,20.12,510,622,479,280,5542
1780032208,2026-05-29 05:23:28,1,50.23,67.73,21.24,21.21,506,627,478,286,5543
1780032508,2026-05-29 05:28:28,1,50.78,67.76,21.89,23.42,509,631,486,301,5544
1780032808,2026-05-29 05:33:28,1,51.09,66.99,21.62,25.13,514,624,484,310,5545
1780033108,2026-05-29 05:38:28,1,50.97,66.94,21.98,21.34,510,622,488,286,5546
1780033408,2026-05-29 05:43:28,1,50.93,66.94,21.23,22.5,510,621,480,294,5547
1780033708,2026-05-29 05:48:28,1,51.4,66.42,21.69,22.46,511,619,483,293,5548
1780034008,2026-05-29 05:53:28,1,51.32,66.52,21.34,19.16,513,620,481,274,5549
1780034308,2026-05-29 05:58:28,1,51.6,66.34,22.58,25.06,514,614,491,312,5550
1780034608,2026-05-29 06:03:28,1,51.43,66.35,21.96,23.04,512,617,487,295,5551
1780034908,2026-05-29 06:08:28,1,51.4,66.64,21.93,26.87,512,616,488,323,5552
1780035208,2026-05-29 06:13:28,1,51.09,65.59,21.74,25.12,513,609,483,312,5553
1780035508,2026-05-29 06:18:28,1,51.34,66.29,22.89,25.73,511,616,494,315,5554
1780035808,2026-05-29 06:23:28,1,51.29,65.45,22.67,24.42,511,610,493,306,5555
1780036108,2026-05-29 06:28:28,1,51.74,64.87,22.24,24.81,513,609,488,311,5556
1780036408,2026-05-29 06:33:28,1,51.44,65.98,22.65,27.47,511,613,490,325,5557
1780036708,2026-05-29 06:38:28,1,51.66,64.79,22.58,26.55,512,603,490,318,5558
1780037008,2026-05-29 06:43:28,1,51.0,64.58,23.21,22.58,513,606,495,293,5559
1780037308,2026-05-29 06:48:28,1,51.77,64.39,23.05,26.81,515,602,493,323,5560
1780037608,2026-05-29 06:53:28,1,52.02,64.4,23.3,29.39,517,599,497,336,5561
1780037908,2026-05-29 06:58:28,1,51.68,64.84,22.83,30.32,514,606,492,343,5562
1780038208,2026-05-29 07:03:28,1,51.58,65.27,23.14,28.32,513,609,493,328,5563
1780038508,2026-05-29 07:08:28,1,51.67,64.55,23.05,28.71,514,606,491,329,5564
1780038808,2026-05-29 07:13:28,1,51.94,64.97,22.51,28.92,518,607,488,336,5565
1780039108,2026-05-29 07:18:28,1,51.77,65.03,22.68,28.46,518,605,491,328,5566
1780039408,2026-05-29 07:23:28,1,51.95,64.87,22.91,27.33,517,607,491,326,5567
1780039708,2026-05-29 07:28:28,1,52.37,65.18,23.02,29.82,514,606,491,339,5568
1780040008,2026-05-29 07:33:28,1,51.91,64.45,23.23,30.04,517,601,497,337,5569
1780040308,2026-05-29 07:38:28,1,51.63,65.47,22.78,33.14,514,610,493,359,5570
1780040608,2026-05-29 07:43:28,1,52.05,64.21,23.87,31.03,517,599,499,347,5571
1780040908,2026-05-29 07:48:28,1,52.38,64.42,24.06,32.53,519,601,500,354,5572
1780041208,2026-05-29 07:53:28,1,52.06,63.51,24.19,31.12,519,596,502,348,5573
1780041508,2026-05-29 07:58:28,1,52.28,65.27,23.74,32.85,520,608,497,358,5574
1780041808,2026-05-29 08:03:28,1,52.49,65.38,23.19,32.3,518,610,495,354,5575
1780042108,2026-05-29 08:08:28,1,52.5,63.94,23.51,31.27,514,596,496,349,5576
1780042408,2026-05-29 08:13:28,1,52.23,65.19,23.7,33.49,517,607,501,363,5577
1780042708,2026-05-29 08:18:28,1,52.68,63.91,23.98,32.32,522,596,500,351,5578
1780043008,2026-05-29 08:23:28,1,52.26,65.57,23.33,31.4,516,613,499,350,5579
1780043308,2026-05-29 08:28:28,1,52.51,64.39,23.83,33.28,519,600,500,362,5580
1780043608,2026-05-29 08:33:28,1,53.22,66.31,24.05,37.26,522,618,501,384,5581
1780043908,2026-05-29 08:38:28,1,52.75,63.4,23.97,35.44,520,596,502,372,5582
1780044208,2026-05-29 08:43:28,1,52.77,65.06,24.63,34.99,520,607,507,368,5583
1780044508,2026-05-29 08:48:28,1,52.91,64.14,24.2,35.02,522,600,503,371,5584
1780044808,2026-05-29 08:53:28,1,52.78,64.61,23.96,34.37,522,604,499,364,5585
1780045108,2026-05-29 08:58:28,1,52.91,65.48,24.45,35.68,523,612,506,373,5586
1780045408,2026-05-29 09:03:28,1,52.24,64.58,24.28,36.09,517,605,505,377,5587
1780045708,2026-05-29 09:08:28,1,53.02,63.84,24.23,33.44,517,600,503,359,5588
1780046008,2026-05-29 09:13:28,1,53.15,64.77,23.94,36.82,524,612,503,379,5589
1780046308,2026-05-29 09:18:28,1,53.12,64.57,24.9,38.87,525,604,509,394,5590
1780046608,2026-05-29 09:23:28,1,52.93,65.43,24.92,38.44,524,612,509,390,5591
1780046908,2026-05-29 09:28:28,1,52.98,64.12,24.14,37.81,523,603,504,386,5592
1780047208,2026-05-29 09:33:28,1,52.77,65.39,24.18,36.73,521,609,503,383,5593
1780047508,2026-05-29 09:38:28,1,53.05,64.33,23.72,39.16,523,600,499,392,5594
1780047808,2026-05-29 09:43:28,1,52.89,64.31,24.46,41.28,523,602,504,407,5595
1780048108,2026-05-29 09:48:28,1,53.14,65.8,24.99,40.76,525,611,512,405,5596
1780048408,2026-05-29 09:53:28,1,52.86,65.07,25.05,37.55,518,610,511,386,5597
1780048708,2026-05-29 09:58:28,1,53.13,65.36,25.32,40.9,523,612,514,404,5598
1780049008,2026-05-29 10:03:28,1,53.0,65.21,24.5,39.39,522,604,503,395,5599
1780049308,2026-05-29 10:08:28,1,53.31,65.57,24.36,38.33,525,609,505,388,5600
1780049608,2026-05-29 10:13:28,1,53.03,65.76,25.33,40.83,520,610,512,403,5601
1780049908,2026-05-29 10:18:28,1,53.41,66.25,25.13,41.82,526,613,509,409,5602
1780050208,2026-05-29 10:23:28,1,53.04,65.23,25.19,41.56,525,609,510,410,5603
1780050508,2026-05-29 10:28:28,1,53.53,66.22,25.47,39.75,525,616,514,399,5604
1780050808,2026-05-29 10:33:28,1,53.24,66.35,25.59,40.92,526,616,515,406,5605
1780051108,2026-05-29 10:38:28,1,53.74,66.58,25.49,42.51,526,617,513,412,5606
1780051408,2026-05-29 10:43:28,1,53.67,67.35,24.63,41.15,524,623,507,409,5607
1780051708,2026-05-29 10:48:28,1,53.49,67.21,24.76,41.66,528,624,506,408,5608
1780052008,2026-05-29 10:53:28,1,53.7,67.18,24.96,42.57,525,625,510,419,5609
1780052308,2026-05-29 10:58:28,1,52.96,67.6,24.92,41.34,524,625,507,407,5610
1780052608,2026-05-29 11:03:28,1,54.01,66.86,24.64,40.73,531,619,507,407,5611
1780052908,2026-05-29 11:08:28,1,53.19,66.99,25.19,40.01,525,621,512,401,5612
1780053208,2026-05-29 11:13:28,1,53.57,67.73,24.35,41.59,529,627,503,411,5613
1780053508,2026-05-29 11:18:28,1,53.63,66.69,25.12,40.51,524,617,511,405,5614
1780053808,2026-05-29 11:23:28,1,53.28,66.26,25.62,43.23,523,617,514,418,5615
1780054108,2026-05-29 11:28:28,1,53.83,68.2,25.12,41.72,527,629,510,410,5616
1780054408,2026-05-29 11:33:28,1,53.51,66.4,23.65,45.32,527,618,499,432,5617
1780054708,2026-05-29 11:38:28,1,53.54,66.39,24.25,39.55,529,616,504,399,5618
1780055008,2026-05-29 11:43:28,1,53.28,67.5,25.13,43.16,523,626,511,419,5619
1780055308,2026-05-29 11:48:28,1,53.75,66.68,24.76,42.03,529,620,506,409,5620
1780055608,2026-05-29 11:53:28,1,53.63,67.76,24.89,41.67,526,627,507,408,5621
1780055908,2026-05-29 11:58:28,1,53.74,67.21,24.81,41.27,527,626,508,409,5622
1780056208,2026-05-29 12:03:28,1,53.6,68.08,24.26,43.81,526,627,502,422,5623
1780056508,2026-05-29 12:08:28,1,53.62,67.91,24.59,38.9,526,629,508,389,5624
1780056808,2026-05-29 12:13:28,1,53.36,67.18,24.84,44.77,526,625,510,430,5625
1780057108,2026-05-29 12:18:28,1,53.52,68.52,24.83,42.27,526,632,509,413,5626
1780057408,2026-05-29 12:23:28,1,53.72,68.83,25.66,40.68,526,638,515,404,5627
1780057708,2026-05-29 12:28:28,1,54.03,68.84,24.62,42.5,531,637,506,418,5628
1780058008,2026-05-29 12:33:28,1,53.86,67.98,24.78,40.13,528,632,509,402,5629
1780058308,2026-05-29 12:38:28,1,53.95,68.47,24.71,40.65,527,634,510,400,5630
1780058608,2026-05-29 12:43:28,1,53.93,68.51,24.7,40.33,526,634,507,402,5631
1780058908,2026-05-29 12:48:28,1,53.29,68.03,24.75,40.73,523,631,509,406,5632
1780059208,2026-05-29 12:53:28,1,54.06,69.3,24.81,37.43,530,642,510,385,5633
1780059508,2026-05-29 12:58:28,1,53.9,68.07,25.05,38.48,528,632,511,389,5634
1780059808,2026-05-29 13:03:28,1,53.81,68.66,23.88,40.1,528,638,499,402,5635
1780060108,2026-05-29 13:08:28,1,53.99,68.31,24.14,42.11,530,631,503,411,5636
1780060408,2026-05-29 13:13:28,1,53.58,68.95,23.74,37.42,524,638,499,387,5637
1780060708,2026-05-29 13:18:28,1,53.85,69.68,24.67,39.45,528,645,505,398,5638
1780061008,2026-05-29 13:23:28,1,53.85,69.43,25.1,35.81,528,639,511,377,5639
1780061308,2026-05-29 13:28:28,1,53.33,69.16,24.48,37.79,524,639,507,387,5640
1780061608,2026-05-29 13:33:28,1,53.52,67.82,24.25,40.17,526,628,503,402,5641
1780061908,2026-05-29 13:38:28,1,53.78,69.41,25.26,37.65,526,639,512,389,5642
1780062208,2026-05-29 13:43:28,1,53.55,68.95,24.63,38.69,524,637,506,395,5643
1780062508,2026-05-29 13:48:28,1,53.7,69.78,24.73,37.97,526,645,505,386,5644
1780062808,2026-05-29 13:53:28,1,53.5,68.9,23.83,38.0,527,634,501,389,5645
1780063108,2026-05-29 13:58:28,1,53.61,69.52,24.59,38.69,528,644,505,391,5646
1780063408,2026-05-29 14:03:28,1,53.57,69.89,24.13,35.8,527,641,502,376,5647
1780063708,2026-05-29 14:08:28,1,53.76,69.37,24.92,35.82,528,642,507,375,5648
1780064008,2026-05-29 14:13:28,1,53.67,69.15,23.25,37.21,524,637,493,382,5649
1780064308,2026-05-29 14:18:28,1,53.39,68.33,24.12,33.12,524,631,503,359,5650
1780064608,2026-05-29 14:23:28,1,53.72,69.39,23.68,35.23,527,644,499,369,5651
1780064908,2026-05-29 14:28:28,1,53.87,70.16,24.13,34.54,527,649,501,366,5652
1780065208,2026-05-29 14:33:28,1,53.41,69.62,24.0,33.47,529,641,503,359,5653
1780065508,2026-05-29 14:38:28,1,53.79,70.81,23.7,35.3,525,650,500,369,5654
1780065808,2026-05-29 14:43:28,1,53.99,70.13,23.74,31.58,530,645,498,348,5655
1780066108,2026-05-29 14:48:28,1,53.16,68.7,23.43,35.61,525,634,497,375,5656
1780066408,2026-05-29 14:53:28,1,53.69,69.67,24.13,32.39,525,645,501,354,5657
1780066708,2026-05-29 14:58:28,1,53.88,69.48,23.69,33.32,526,638,502,357,5658
1780067008,2026-05-29 15:03:28,1,54.09,68.57,23.11,30.64,528,632,493,345,5659
1780067308,2026-05-29 15:08:28,1,53.22,69.27,23.07,32.92,522,637,494,356,5660
1780067608,2026-05-29 15:13:28,1,54.05,69.87,23.11,30.9,528,645,497,345,5661
1780067908,2026-05-29 15:18:28,1,53.7,68.74,23.73,29.74,529,634,500,337,5662
1780068208,2026-05-29 15:23:28,1,53.28,69.3,22.68,31.61,523,642,489,350,5663
1780068508,2026-05-29 15:28:28,1,53.53,69.56,23.5,30.45,526,642,497,343,5664
1780068808,2026-05-29 15:33:28,1,53.59,68.96,23.36,30.87,525,635,497,345,5665
1780069108,2026-05-29 15:38:28,1,53.39,69.28,22.95,29.5,526,639,493,337,5666
1780069408,2026-05-29 15:43:28,1,53.67,69.03,22.61,30.01,527,638,489,339,5667
1780069708,2026-05-29 15:48:28,1,53.86,68.71,23.99,30.68,527,634,501,343,5668
1780070008,2026-05-29 15:53:28,1,53.65,69.55,23.17,29.17,523,638,497,335,5669
1780070308,2026-05-29 15:58:28,1,53.63,68.22,22.73,25.72,523,632,493,314,5670
1780070608,2026-05-29 16:03:28,1,53.48,68.29,22.53,29.23,525,632,489,333,5671
1780070908,2026-05-29 16:08:28,1,53.25,69.82,22.46,27.06,523,642,488,321,5672
1780071208,2026-05-29 16:13:28,1,52.94,69.28,22.8,28.32,525,636,494,330,5673
1780071508,2026-05-29 16:18:28,1,53.39,68.52,23.0,26.84,525,631,492,320,5674
1780071808,2026-05-29 16:23:28,1,52.83,68.42,22.2,26.05,520,631,490,315,5675
1780072108,2026-05-29 16:28:28,1,52.95,68.41,22.63,28.23,521,633,490,326,5676
1780072408,2026-05-29 16:33:28,1,53.44,67.94,21.96,26.79,528,629,482,320,5677
1780072708,2026-05-29 16:38:28,1,53.85,67.98,22.46,24.97,527,631,489,306,5678
1780073008,2026-05-29 16:43:28,1,53.1,68.13,21.97,24.42,524,631,485,305,5679
1780073308,2026-05-29 16:48:28,1,53.58,67.04,22.24,23.68,525,622,487,303,5680
1780073608,2026-05-29 16:53:28,1,53.33,67.54,21.87,21.7,525,626,485,288,5681
1780073908,2026-05-29 16:58:28,1,53.06,67.51,22.53,23.42,521,622,488,299,5682
1780074208,2026-05-29 17:03:28,1,53.36,67.17,22.03,21.23,526,626,485,286,5683
1780074508,2026-05-29 17:08:28,1,53.0,66.96,21.91,22.26,522,620,485,292,5684
1780074808,2026-05-29 17:13:28,1,53.76,67.6,21.41,22.95,527,628,481,296,5685
1780075108,2026-05-29 17:18:28,1,53.59,67.85,21.91,20.8,525,627,485,284,5686
1780075408,2026-05-29 17:23:28,1,52.88,67.1,21.84,22.59,523,627,486,296,5687
1780075708,2026-05-29 17:28:28,1,53.35,65.07,21.14,21.83,525,607,479,290,5688
1780076008,2026-05-29 17:33:28,1,53.19,65.92,21.3,24.12,524,615,479,306,5689
1780076308,2026-05-29 17:38:28,1,53.28,66.16,20.86,21.9,522,617,478,291,5690
1780076608,2026-05-29 17:43:28,1,52.94,67.08,20.32,19.73,524,627,471,278,5691
1780076908,2026-05-29 17:48:28,1,53.08,66.13,21.49,19.32,524,613,480,276,5692
1780077208,2026-05-29 17:53:28,1,53.3,65.7,20.92,21.52,522,613,478,287,5693
1780077508,2026-05-29 17:58:28,1,52.83,67.28,21.07,21.8,521,623,476,291,5694
1780077808,2026-05-29 18:03:28,1,53.37,66.2,21.1,19.74,523,615,478,280,5695
1780078108,2026-05-29 18:08:28,1,52.85,65.45,20.49,18.74,524,611,474,272,5696
1780078408,2026-05-29 18:13:28,1,52.77,66.02,21.46,19.76,523,615,481,277,5697
1780078708,2026-05-29 18:18:28,1,53.17,66.57,20.67,21.11,523,618,474,290,5698
1780079008,2026-05-29 18:23:28,1,53.28,67.32,20.14,20.03,523,625,471,277,5699
1780079308,2026-05-29 18:28:28,1,53.34,64.41,21.1,18.65,524,602,478,269,5700
1780079608,2026-05-29 18:33:28,1,53.34,67.6,20.55,18.63,527,626,475,271,5701
1780079908,2026-05-29 18:38:28,1,53.64,65.08,20.55,18.0,525,607,473,268,5702
1780080208,2026-05-29 18:43:28,1,52.97,66.8,20.75,19.28,522,617,473,275,5703
1780080508,2026-05-29 18:48:28,1,52.53,65.28,20.84,20.11,520,611,477,279,5704
1780080808,2026-05-29 18:53:28,1,53.35,66.23,20.51,18.0,525,616,474,268,5705
1780081108,2026-05-29 18:58:28,1,52.99,64.39,20.81,20.18,520,602,476,285,5706
1780081408,2026-05-29 19:03:28,1,52.52,64.6,20.39,18.83,519,603,470,271,5707
1780081708,2026-05-29 19:08:28,1,52.82,64.4,20.39,18.0,522,604,470,269,5708
1780082008,2026-05-29 19:13:28,1,53.28,64.04,19.72,18.0,523,596,468,267,5709
1780082308,2026-05-29 19:18:28,1,52.94,65.34,20.25,18.0,524,611,471,269,5710
1780082608,2026-05-29 19:23:28,1,52.63,65.77,19.75,19.03,519,610,467,271,5711
1780082908,2026-05-29 19:28:28,1,52.72,65.05,19.71,18.11,520,610,466,268,5712
1780083208,2026-05-29 19:33:28,1,52.89,65.53,19.45,18.0,521,610,468,267,5713
1780083508,2026-05-29 19:38:28,1,53.17,65.16,19.85,18.81,523,608,468,273,5714
1780083808,2026-05-29 19:43:28,1,52.75,64.05,19.79,18.0,522,601,466,270,5715
1780084108,2026-05-29 19:48:28,1,52.46,64.27,19.92,19.89,521,603,468,280,5716
1780084408,2026-05-29 19:53:28,1,52.92,64.84,19.14,20.46,522,602,459,282,5717
1780084708,2026-05-29 19:58:28,1,52.67,64.21,19.78,18.0,521,602,469,267,5718
1780085008,2026-05-29 20:03:28,1,52.69,64.73,18.73,18.87,521,607,461,269,5719
1780085308,2026-05-29 20:08:28,1,52.72,63.74,18.64,18.0,520,596,460,269,5720
1780085608,2026-05-29 20:13:28,1,52.87,64.82,19.59,19.84,523,606,467,280,5721
1780085908,2026-05-29 20:18:28,1,52.49,63.66,18.19,19.0,520,594,456,271,5722
1780086208,2026-05-29 20:23:28,1,52.36,65.62,19.67,18.63,522,612,469,272,5723
1780086508,2026-05-29 20:28:28,1,52.88,64.92,19.14,19.04,521,606,463,276,5724
1780086808,2026-05-29 20:33:28,1,52.87,63.7,18.92,18.0,522,596,459,270,5725
1780087108,2026-05-29 20:38:28,1,52.69,63.75,19.08,19.73,520,596,463,276,5726
1780087408,2026-05-29 20:43:28,1,52.59,64.87,18.67,20.81,519,610,459,284,5727
1780087708,2026-05-29 20:48:28,1,52.77,63.6,18.62,20.27,521,593,456,280,5728
1780088008,2026-05-29 20:53:28,1,52.44,64.37,18.07,20.33,518,603,454,284,5729
1780088308,2026-05-29 20:58:28,1,52.99,64.4,18.79,19.27,523,601,459,275,5730
1780088608,2026-05-29 21:03:28,1,52.47,64.73,17.97,21.66,519,604,456,290,5731
1780088908,2026-05-29 21:08:28,1,52.56,63.7,18.96,22.04,521,598,461,292,5732
1780089208,2026-05-29 21:13:28,1,53.02,64.31,18.75,21.84,520,602,459,292,5733
1780089508,2026-05-29 21:18:28,1,52.27,63.78,18.72,20.83,518,595,461,284,5734
1780089808,2026-05-29 21:23:28,1,52.97,64.43,18.72,22.57,522,602,459,294,5735
1780090108,2026-05-29 21:28:28,1,52.34,64.08,18.85,20.58,516,604,461,282,5736
1780090408,2026-05-29 21:33:28,1,52.51,64.97,18.1,23.02,519,603,454,300,5737
1780090708,2026-05-29 21:38:28,1,52.77,64.15,18.55,21.74,520,599,459,291,5738
1780091008,2026-05-29 21:43:28,1,52.55,65.74,17.21,23.83,521,612,447,301,5739
1780091308,2026-05-29 21:48:28,1,52.84,64.41,19.16,24.44,518,601,462,306,5740
1780091608,2026-05-29 21:53:28,1,52.86,65.06,18.46,25.42,521,607,460,313,5741
1780091908,2026-05-29 21:58:28,1,52.5,64.88,17.67,22.43,521,606,451,294,5742
1780092208,2026-05-29 22:03:28,1,51.9,64.29,18.28,25.61,517,603,456,310,5743
1780092508,2026-05-29 22:08:28,1,52.79,64.62,18.56,21.18,522,604,456,286,5744
1780092808,2026-05-29 22:13:28,1,52.4,65.14,18.55,20.51,520,608,460,283,5745
1780093108,2026-05-29 22:18:28,1,52.26,64.42,18.75,25.09,521,602,456,308,5746
1780093408,2026-05-29 22:23:28,1,52.63,65.16,18.34,23.48,520,607,456,301,5747
1780093708,2026-05-29 22:28:28,1,52.93,64.85,18.07,23.02,524,605,456,298,5748
1780094008,2026-05-29 22:33:28,1,52.93,65.8,18.03,27.5,521,611,453,326,5749
1780094308,2026-05-29 22:38:28,1,52.89,66.58,18.18,25.83,522,620,453,314,5750
1780094608,2026-05-29 22:43:28,1,52.5,66.73,17.62,25.46,518,620,449,314,5751
1780094908,2026-05-29 22:48:28,1,52.42,66.32,18.33,28.41,519,616,457,330,5752
1780095208,2026-05-29 22:53:28,1,52.65,66.4,17.69,29.88,518,616,451,340,5753
1780095508,2026-05-29 22:58:28,1,52.53,65.65,18.1,27.26,520,612,452,323,5754
1780095808,2026-05-29 23:03:28,1,52.64,66.03,17.59,30.39,519,612,450,342,5755
1780096108,2026-05-29 23:08:28,1,52.73,67.45,18.41,30.95,521,626,457,344,5756
1780096408,2026-05-29 23:13:28,1,52.64,66.43,17.07,31.81,521,619,445,353,5757
1780096708,2026-05-29 23:18:28,1,52.41,66.38,17.74,29.09,521,616,451,335,5758
1780097008,2026-05-29 23:23:28,1,52.86,65.26,17.93,28.68,522,606,451,332,5759
1780097308,2026-05-29 23:28:28,1,53.04,67.53,18.31,27.23,523,626,457,324,5760
1780097608,2026-05-29 23:33:28,1,52.49,66.52,17.61,31.02,518,617,449,344,5761
1780097908,2026-05-29 23:38:28,1,52.86,66.92,17.65,32.75,520,623,450,357,5762
1780098208,2026-05-29 23:43:28,1,52.68,67.57,18.16,31.16,520,630,456,346,5763
1780098508,2026-05-29 23:48:28,1,52.82,67.56,18.11,30.89,521,628,454,345,5764
1780098808,2026-05-29 23:53:28,1,52.56,68.59,17.8,30.1,521,634,450,338,5765
1780099108,2026-05-29 23:58:28,1,52.54,67.38,18.66,31.92,521,625,462,352,5766
1780099408,2026-05-30 00:03:28,1,52.3,68.56,18.55,32.26,518,636,458,354,5767
1780099708,2026-05-30 00:08:28,1,52.71,67.76,18.08,34.33,518,628,455,365,5768
1780100008,2026-05-30 00:13:28,1,52.72,66.54,17.75,31.16,518,621,452,348,5769
1780100308,2026-05-30 00:18:28,1,53.37,67.83,18.54,32.41,524,629,460,355,5770
1780100608,2026-05-30 00:23:28,1,53.14,68.43,18.33,37.39,523,630,454,384,5771
1780100908,2026-05-30 00:28:28,1,52.71,68.59,18.07,36.45,521,635,452,378,5772
1780101208,2026-05-30 00:33:28,1,52.86,67.74,18.64,32.76,524,625,459,356,5773
1780101508,2026-05-30 00:38:28,1,52.55,68.35,18.0,34.1,516,631,451,365,5774
1780101808,2026-05-30 00:43:28,1,52.72,68.53,18.1,33.42,523,634,455,358,5775
1780102108,2026-05-30 00:48:28,1,52.5,69.04,18.7,35.3,518,640,461,373,5776
1780102408,2026-05-30 00:53:28,1,52.79,69.07,18.54,34.31,519,638,459,364,5777
1780102708,2026-05-30 00:58:28,1,52.57,68.64,18.45,36.05,520,633,458,376,5778
1780103008,2026-05-30 01:03:28,1,52.97,68.85,18.3,39.79,521,636,456,394,5779
1780103308,2026-05-30 01:08:28,1,53.35,69.17,17.56,35.55,527,637,448,374,5780
1780103608,2026-05-30 01:13:28,1,53.4,68.09,18.59,39.13,527,628,457,394,5781
1780103908,2026-05-30 01:18:28,1,53.0,68.84,18.92,35.99,524,639,464,375,5782
1780104208,2026-05-30 01:23:28,1,53.14,69.39,18.22,38.35,525,638,458,388,5783
1780104508,2026-05-30 01:28:28,1,52.88,69.62,19.2,37.32,521,641,463,383,5784
1780104808,2026-05-30 01:33:28,1,53.23,68.56,18.27,36.46,520,633,458,379,5785
1780105108,2026-05-30 01:38:28,1,52.66,68.76,18.77,39.83,520,636,459,399,5786
1780105408,2026-05-30 01:43:28,1,53.7,69.24,19.1,38.35,529,641,460,390,5787
1780105708,2026-05-30 01:48:28,1,52.76,68.28,18.28,41.76,521,632,455,411,5788
1780106008,2026-05-30 01:53:28,1,53.65,68.96,18.71,40.19,526,637,459,399,5789
1780106308,2026-05-30 01:58:28,1,53.38,69.44,18.88,41.73,527,638,459,409,5790
1780106608,2026-05-30 02:03:28,1,53.08,69.18,18.69,39.03,520,639,459,393,5791
1780106908,2026-05-30 02:08:28,1,53.16,70.06,18.48,38.93,522,648,459,394,5792
1780107208,2026-05-30 02:13:28,1,52.95,68.57,19.26,42.1,520,633,464,412,5793
1780107508,2026-05-30 02:18:28,1,53.55,70.3,18.65,41.49,525,647,458,409,5794
1780107808,2026-05-30 02:23:28,1,53.64,69.04,19.21,42.56,527,640,465,415,5795
1780108108,2026-05-30 02:28:28,1,54.07,69.09,19.42,40.21,531,635,468,401,5796
1780108408,2026-05-30 02:33:28,1,53.68,69.07,19.19,39.28,528,635,464,394,5797
1780108708,2026-05-30 02:38:28,1,54.13,69.34,19.07,40.66,528,637,462,403,5798
1780109008,2026-05-30 02:43:28,1,54.24,69.96,19.46,41.71,528,649,463,408,5799
1780109308,2026-05-30 02:48:28,1,53.19,70.44,19.77,40.88,521,648,467,404,5800
1780109608,2026-05-30 02:53:28,1,54.13,69.03,19.02,41.86,529,638,460,412,5801
1780109908,2026-05-30 02:58:28,1,54.04,68.88,19.26,42.02,528,636,463,411,5802
1780110208,2026-05-30 03:03:28,1,54.05,69.56,19.26,40.06,527,638,462,402,5803
1780110508,2026-05-30 03:08:28,1,53.65,69.58,19.66,42.01,527,641,466,410,5804
1780110808,2026-05-30 03:13:28,1,54.19,70.09,19.37,42.28,527,643,462,416,5805
1780111108,2026-05-30 03:18:28,1,54.66,69.19,19.52,41.81,532,636,465,410,5806
1780111408,2026-05-30 03:23:28,1,54.49,68.97,19.45,42.47,529,635,466,413,5807
1780111708,2026-05-30 03:28:28,1,54.06,69.78,19.58,42.69,530,642,468,417,5808
1780112008,2026-05-30 03:33:28,1,54.2,70.32,19.67,40.76,531,646,465,403,5809
1780112308,2026-05-30 03:38:28,1,54.33,68.91,19.92,43.52,531,632,470,420,5810
1780112608,2026-05-30 03:43:28,1,54.67,68.97,19.42,42.83,532,638,463,417,5811
1780112908,2026-05-30 03:48:28,1,54.62,68.8,19.63,42.27,529,633,469,413,5812
1780113208,2026-05-30 03:53:28,1,53.88,69.64,20.18,41.85,526,643,471,411,5813
1780113508,2026-05-30 03:58:28,1,54.19,69.57,19.89,43.01,528,640,468,417,5814
1780113808,2026-05-30 04:03:28,1,54.63,68.92,20.35,39.87,534,634,473,398,5815
1780114108,2026-05-30 04:08:28,1,54.35,68.67,20.56,40.79,530,637,473,403,5816
1780114408,2026-05-30 04:13:28,1,54.29,68.8,20.45,42.92,529,637,476,418,5817
1780114708,2026-05-30 04:18:28,1,54.41,68.46,20.27,40.97,532,632,470,409,5818
1780115008,2026-05-30 04:23:28,1,54.61,68.66,20.54,36.83,533,634,474,381,5819
1780115308,2026-05-30 04:28:28,1,54.39,69.14,20.55,39.05,528,636,474,394,5820
1780115608,2026-05-30 04:33:28,1,54.71,68.15,21.08,40.71,535,629,478,403,5821
1780115908,2026-05-30 04:38:28,1,54.81,68.92,21.14,41.74,535,638,478,410,5822
1780116208,2026-05-30 04:43:28,1,55.02,67.58,21.19,37.54,534,626,478,384,5823
1780116508,2026-05-30 04:48:28,1,54.67,68.38,20.64,40.36,532,631,478,400,5824
1780116808,2026-05-30 04:53:28,1,54.86,67.98,20.64,40.26,533,630,476,400,5825
1780117108,2026-05-30 04:58:28,1,54.86,67.69,21.16,39.92,536,628,480,399,5826
1780117408,2026-05-30 05:03:28,1,55.36,66.69,21.32,39.02,536,618,481,394,5827
1780117708,2026-05-30 05:08:28,1,54.87,67.41,20.94,40.37,534,623,479,400,5828
1780118008,2026-05-30 05:13:28,1,54.96,67.7,21.45,37.84,534,629,479,387,5829
1780118308,2026-05-30 05:18:28,1,54.92,67.3,20.92,37.41,531,627,475,383,5830
1780118608,2026-05-30 05:23:28,1,55.48,66.11,21.77,37.46,537,614,486,384,5831
1780118908,2026-05-30 05:28:28,1,54.84,67.23,21.57,37.55,530,623,482,383,5832
1780119208,2026-05-30 05:33:28,1,55.13,67.22,21.43,35.98,535,627,481,380,5833
1780119508,2026-05-30 05:38:28,1,55.08,67.14,21.07,36.86,533,622,480,380,5834
1780119808,2026-05-30 05:43:28,1,55.21,66.72,21.37,38.52,535,620,481,390,5835
1780120108,2026-05-30 05:48:28,1,55.17,66.45,21.94,36.45,534,618,487,379,5836
1780120408,2026-05-30 05:53:28,1,54.97,66.79,21.19,38.76,536,618,479,391,5837
1780120708,2026-05-30 05:58:28,1,55.1,67.17,21.88,38.19,532,626,483,389,5838
1780121008,2026-05-30 06:03:28,1,55.28,65.67,21.87,37.58,537,616,484,383,5839
1780121308,2026-05-30 06:08:28,1,55.14,65.97,22.45,33.53,535,612,486,361,5840
1780121608,2026-05-30 06:13:28,1,55.6,66.0,21.83,35.26,539,616,484,372,5841
1780121908,2026-05-30 06:18:28,1,55.66,65.21,22.03,34.41,539,605,484,367,5842
1780122208,2026-05-30 06:23:28,1,55.37,65.07,22.48,36.1,535,609,487,376,5843
1780122508,2026-05-30 06:28:28,1,56.14,65.6,22.23,33.48,540,610,487,360,5844
1780122808,2026-05-30 06:33:28,1,55.62,64.81,23.23,35.0,537,605,494,369,5845
1780123108,2026-05-30 06:38:28,1,55.89,65.56,23.05,34.8,539,610,495,369,5846
1780123408,2026-05-30 06:43:28,1,56.31,65.16,23.24,34.74,543,605,496,368,5847
1780123708,2026-05-30 06:48:28,1,55.85,65.04,22.23,33.57,541,606,486,363,5848
1780124008,2026-05-30 06:53:28,1,55.95,65.33,23.14,33.4,538,610,494,360,5849
1780124308,2026-05-30 06:58:28,1,55.28,65.93,22.55,34.38,537,613,487,364,5850
1780124608,2026-05-30 07:03:28,1,55.57,64.74,23.24,32.55,538,607,495,354,5851
1780124908,2026-05-30 07:08:28,1,55.94,65.62,23.52,33.69,541,610,495,361,5852
1780125208,2026-05-30 07:13:28,1,56.05,64.41,22.61,32.14,541,602,491,351,5853
1780125508,2026-05-30 07:18:28,1,55.93,65.3,23.11,31.75,537,610,493,347,5854
1780125808,2026-05-30 07:23:28,1,56.01,65.06,23.56,31.25,542,610,499,349,5855
1780126108,2026-05-30 07:28:28,1,56.34,65.17,22.31,28.94,542,609,488,331,5856
1780126408,2026-05-30 07:33:28,1,56.16,64.18,23.18,27.22,539,602,494,323,5857
1780126708,2026-05-30 07:38:28,1,56.12,64.85,22.94,29.15,537,611,492,333,5858
1780127008,2026-05-30 07:43:28,1,56.74,65.59,23.65,30.28,545,607,498,340,5859
1780127308,2026-05-30 07:48:28,1,56.23,64.3,23.68,28.87,543,605,498,334,5860
1780127608,2026-05-30 07:53:28,1,55.86,64.04,23.38,27.96,539,600,498,327,5861
1780127908,2026-05-30 07:58:28,1,56.69,65.22,24.04,28.6,543,606,501,331,5862
1780128208,2026-05-30 08:03:28,1,56.29,64.19,23.64,27.96,540,604,497,326,5863
1780128508,2026-05-30 08:08:28,1,56.88,65.49,23.57,27.98,547,610,499,331,5864
1780128808,2026-05-30 08:13:28,1,56.51,64.43,23.6,24.72,542,603,499,309,5865
1780129108,2026-05-30 08:18:28,1,56.65,64.41,23.54,23.7,543,607,497,302,5866
1780129408,2026-05-30 08:23:28,1,56.66,64.82,23.83,25.2,543,603,500,313,5867
1780129708,2026-05-30 08:28:28,1,56.64,65.38,24.35,27.06,542,608,506,321,5868
1780130008,2026-05-30 08:33:28,1,56.39,64.13,24.38,23.72,539,597,505,303,5869
1780130308,2026-05-30 08:38:28,1,56.78,64.58,24.16,24.76,542,605,506,308,5870
1780130608,2026-05-30 08:43:28,1,56.85,65.57,24.37,23.85,547,610,503,305,5871
1780130908,2026-05-30 08:48:28,1,56.85,64.87,24.6,24.56,543,608,505,308,5872
1780131208,2026-05-30 08:53:28,1,57.4,64.86,24.15,24.2,551,604,503,305,5873
1780131508,2026-05-30 08:58:28,1,56.95,64.52,23.92,24.98,547,602,501,310,5874
1780131808,2026-05-30 09:03:28,1,57.08,65.2,24.35,24.98,544,606,505,311,5875
1780132108,2026-05-30 09:08:28,1,56.88,65.76,24.34,23.27,545,611,503,301,5876
1780132408,2026-05-30 09:13:28,1,56.98,64.54,24.3,24.54,547,603,502,306,5877
1780132708,2026-05-30 09:18:28,1,56.8,65.67,24.25,22.71,547,614,501,298,5878
1780133008,2026-05-30 09:23:28,1,57.34,64.49,24.31,21.57,548,607,504,288,5879
1780133308,2026-05-30 09:28:28,1,57.1,65.4,24.96,21.47,545,610,511,286,5880
1780133608,2026-05-30 09:33:28,1,56.81,64.12,24.45,21.07,545,601,504,285,5881
1780133908,2026-05-30 09:38:28,1,57.07,65.03,24.99,22.59,546,607,511,295,5882
1780134208,2026-05-30 09:43:28,1,57.46,65.06,24.88,20.96,550,607,507,285,5883
1780134508,2026-05-30 09:48:28,1,57.29,65.16,24.71,21.08,549,611,507,287,5884
1780134808,2026-05-30 09:53:28,1,57.4,65.12,24.42,20.44,549,605,504,281,5885
1780135108,2026-05-30 09:58:28,1,57.05,64.43,24.51,18.27,545,604,508,269,5886
1780135408,2026-05-30 10:03:28,1,57.18,65.16,25.09,18.29,543,609,513,271,5887
1780135708,2026-05-30 10:08:28,1,57.03,64.88,25.36,18.0,544,607,512,265,5888
1780136008,2026-05-30 10:13:28,1,57.26,65.32,24.84,18.0,547,611,511,269,5889
1780136308,2026-05-30 10:18:28,1,57.04,65.63,24.6,20.35,547,614,504,281,5890
1780136608,2026-05-30 10:23:28,1,57.55,64.68,24.78,18.12,549,609,505,270,5891
1780136908,2026-05-30 10:28:28,1,57.37,65.47,25.42,18.89,546,612,511,270,5892
1780137208,2026-05-30 10:33:28,1,57.15,65.22,24.47,18.36,548,608,509,272,5893
1780137508,2026-05-30 10:38:28,1,57.79,65.23,25.05,18.08,549,608,508,270,5894
1780137808,2026-05-30 10:43:28,1,57.62,65.37,24.53,21.84,548,612,502,291,5895
1780138108,2026-05-30 10:48:28,1,57.52,66.2,25.15,18.0,548,617,510,269,5896
1780138408,2026-05-30 10:53:28,1,57.13,66.48,24.97,19.85,544,618,509,279,5897
1780138708,2026-05-30 10:58:28,1,57.45,65.5,25.07,18.0,548,612,511,268,5898
1780139008,2026-05-30 11:03:28,1,57.01,67.95,25.13,20.79,548,630,511,282,5899
1780139308,2026-05-30 11:08:28,1,57.52,67.41,24.65,18.0,550,623,506,268,5900
1780139608,2026-05-30 11:13:28,1,57.45,66.98,25.35,19.66,546,624,512,276,5901
1780139908,2026-05-30 11:18:28,1,57.73,66.01,25.35,18.0,550,616,511,266,5902
1780140208,2026-05-30 11:23:28,1,57.26,67.5,25.2,18.0,547,625,512,267,5903
1780140508,2026-05-30 11:28:28,1,57.49,67.43,24.51,18.0,549,624,506,269,5904
1780140808,2026-05-30 11:33:28,1,57.32,66.69,25.46,18.0,549,620,512,268,5905
1780141108,2026-05-30 11:38:28,1,57.65,66.73,25.51,18.0,548,619,514,265,5906
1780141408,2026-05-30 11:43:28,1,58.1,66.62,24.37,18.0,554,620,505,269,5907
1780141708,2026-05-30 11:48:28,1,57.63,67.29,25.41,19.21,550,624,514,276,5908
1780142008,2026-05-30 11:53:28,1,57.56,67.67,25.58,18.0,547,626,515,269,5909
1780142308,2026-05-30 11:58:28,1,57.58,67.51,24.96,19.7,546,625,510,280,5910
1780142608,2026-05-30 12:03:28,1,57.64,67.65,24.79,20.37,548,628,506,281,5911
1780142908,2026-05-30 12:08:28,1,57.28,68.52,24.78,19.15,548,634,508,271,5912
1780143208,2026-05-30 12:13:28,1,57.56,67.52,24.13,18.0,549,625,501,266,5913
1780143508,2026-05-30 12:18:28,1,57.37,68.45,24.9,18.33,548,632,508,271,5914
1780143808,2026-05-30 12:23:28,1,57.7,68.22,24.67,21.41,549,631,507,287,5915
1780144108,2026-05-30 12:28:28,1,57.72,68.53,24.82,18.14,550,633,509,270,5916
1780144408,2026-05-30 12:33:28,1,57.78,67.66,25.18,19.95,550,630,508,280,5917
1780144708,2026-05-30 12:38:28,1,57.62,68.48,24.64,18.0,550,636,506,265,5918
1780145008,2026-05-30 12:43:28,1,58.47,69.25,24.96,18.0,554,645,509,267,5919
1780145308,2026-05-30 12:48:28,1,57.66,68.33,25.0,19.18,547,635,511,274,5920
1780145608,2026-05-30 12:53:28,1,57.79,68.81,24.68,19.41,549,638,509,275,5921
1780145908,2026-05-30 12:58:28,1,57.42,70.28,24.27,19.84,548,645,503,277,5922
1780146208,2026-05-30 13:03:28,1,57.44,69.37,24.93,18.46,549,640,508,271,5923
1780146508,2026-05-30 13:08:28,1,57.67,68.89,25.04,21.02,547,637,511,287,5924
1780146808,2026-05-30 13:13:28,1,57.76,68.43,24.54,23.1,549,633,507,298,5925
1780147108,2026-05-30 13:18:28,1,57.84,69.91,25.25,20.61,549,644,511,285,5926
1780147408,2026-05-30 13:23:28,1,57.4,69.69,24.62,20.33,546,643,509,282,5927
1780147708,2026-05-30 13:28:28,1,57.9,68.85,24.32,19.98,550,637,504,278,5928
1780148008,2026-05-30 13:33:28,1,57.82,68.85,24.83,19.46,550,637,509,277,5929
1780148308,2026-05-30 13:38:28,1,57.52,70.39,25.01,23.0,550,646,508,296,5930
1780148608,2026-05-30 13:43:28,1,57.56,69.73,24.64,19.79,550,644,504,278,5931
1780148908,2026-05-30 13:48:28,1,57.58,69.27,24.08,21.49,545,644,501,287,5932
1780149208,2026-05-30 13:53:28,1,57.95,69.25,24.74,21.98,548,641,507,293,5933
1780149508,2026-05-30 13:58:28,1,57.68,68.74,24.17,23.55,550,633,504,298,5934
1780149808,2026-05-30 14:03:28,1,57.65,69.62,24.31,23.11,547,641,504,300,5935
1780150108,2026-05-30 14:08:28,1,57.26,69.55,24.55,24.95,547,642,506,309,5936
1780150408,2026-05-30 14:13:28,1,57.36,68.79,24.03,26.38,548,638,502,317,5937
1780150708,2026-05-30 14:18:28,1,57.97,70.11,23.41,21.4,549,647,498,289,5938
1780151008,2026-05-30 14:23:28,1,57.75,69.47,23.76,26.34,547,639,498,318,5939
1780151308,2026-05-30 14:28:28,1,57.21,69.93,24.24,22.4,548,642,504,295,5940
1780151608,2026-05-30 14:33:28,1,57.03,69.12,24.19,25.02,545,638,502,311,5941
1780151908,2026-05-30 14:38:28,1,58.22,69.98,24.33,27.11,552,646,504,320,5942
1780152208,2026-05-30 14:43:28,1,57.73,68.43,23.46,25.87,550,635,498,316,5943
1780152508,2026-05-30 14:48:28,1,57.35,70.74,23.94,25.04,547,649,501,310,5944
1780152808,2026-05-30 14:53:28,1,57.57,69.25,24.39,26.04,548,635,505,314,5945
1780153108,2026-05-30 14:58:28,1,57.6,69.89,23.7,27.61,548,641,500,323,5946
1780153408,2026-05-30 15:03:28,1,57.73,70.35,23.55,26.03,549,645,497,318,5947
1780153708,2026-05-30 15:08:28,1,57.79,70.43,23.66,28.18,549,648,498,325,5948
1780154008,2026-05-30 15:13:28,1,57.55,68.67,23.27,29.32,548,635,496,335,5949
1780154308,2026-05-30 15:18:28,1,57.47,68.71,23.54,30.62,549,633,501,343,5950
1780154608,2026-05-30 15:23:28,1,57.37,68.89,23.02,29.49,550,639,491,336,5951
1780154908,2026-05-30 15:28:28,1,57.25,68.62,23.22,28.89,547,635,496,331,5952
1780155208,2026-05-30 15:33:28,1,57.2,69.65,23.69,31.5,547,643,498,348,5953
1780155508,2026-05-30 15:38:28,1,57.26,68.7,22.83,30.32,547,635,493,342,5954
1780155808,2026-05-30 15:43:28,1,57.36,68.28,22.92,30.51,549,634,494,341,5955
1780156108,2026-05-30 15:48:28,1,57.57,69.02,23.03,33.4,552,636,497,362,5956
1780156408,2026-05-30 15:53:28,1,57.17,68.9,23.56,33.9,548,635,497,362,5957
1780156708,2026-05-30 15:58:28,1,56.87,68.39,22.81,31.97,543,638,496,352,5958
1780157008,2026-05-30 16:03:28,1,57.45,68.65,22.87,31.8,547,637,493,349,5959
1780157308,2026-05-30 16:08:28,1,57.33,69.15,22.59,34.19,549,641,492,364,5960
1780157608,2026-05-30 16:13:28,1,57.49,68.62,23.11,34.81,547,636,494,369,5961
1780157908,2026-05-30 16:18:28,1,57.33,68.42,23.34,30.93,547,634,497,344,5962
1780158208,2026-05-30 16:23:28,1,57.4,68.53,22.79,30.65,548,633,492,343,5963
1780158508,2026-05-30 16:28:28,1,57.05,68.14,22.8,32.44,544,632,490,352,5964
1780158808,2026-05-30 16:33:28,1,57.02,68.76,22.92,34.97,544,635,493,369,5965
1780159108,2026-05-30 16:38:28,1,57.16,68.16,21.94,34.86,546,633,482,367,5966
1780159408,2026-05-30 16:43:28,1,57.11,68.23,22.43,37.02,546,631,492,384,5967
1780159708,2026-05-30 16:48:28,1,56.93,68.09,22.37,35.57,546,631,488,373,5968
1780160008,2026-05-30 16:53:28,1,57.25,68.19,22.72,35.89,543,627,489,377,5969
1780160308,2026-05-30 16:58:28,1,56.82,67.37,21.4,34.68,546,626,477,368,5970
1780160608,2026-05-30 17:03:28,1,57.05,67.43,21.5,36.3,547,626,479,377,5971
1780160908,2026-05-30 17:08:28,1,56.54,67.9,21.9,34.94,544,628,482,371,5972
1780161208,2026-05-30 17:13:28,1,57.53,66.82,21.31,37.94,548,621,479,389,5973
1780161508,2026-05-30 17:18:28,1,57.14,67.88,22.02,39.21,546,626,486,393,5974
1780161808,2026-05-30 17:23:28,1,56.78,68.42,21.56,39.09,543,631,482,393,5975
1780162108,2026-05-30 17:28:28,1,56.93,66.72,21.27,35.54,545,618,480,374,5976
1780162408,2026-05-30 17:33:28,1,56.73,66.35,21.45,37.01,543,621,482,380,5977
1780162708,2026-05-30 17:38:28,1,57.01,66.99,21.44,40.1,549,623,484,400,5978
1780163008,2026-05-30 17:43:28,1,56.7,66.65,21.29,42.7,541,617,479,416,5979
1780163308,2026-05-30 17:48:28,1,56.62,66.91,20.85,38.54,542,620,475,392,5980
1780163608,2026-05-30 17:53:28,1,56.47,66.07,21.54,39.06,541,614,485,392,5981
1780163908,2026-05-30 17:58:28,1,56.65,65.79,21.03,39.47,543,617,477,397,5982
1780164208,2026-05-30 18:03:28,1,56.66,66.36,20.25,40.9,543,618,471,404,5983
1780164508,2026-05-30 18:08:28,1,56.65,66.27,21.71,40.58,544,617,481,403,5984
1780164808,2026-05-30 18:13:28,1,56.34,65.43,20.46,40.36,541,610,475,401,5985
1780165108,2026-05-30 18:18:28,1,56.97,66.88,20.5,42.63,546,619,474,417,5986
1780165408,2026-05-30 18:23:28,1,56.63,65.98,20.75,41.94,543,618,476,412,5987
1780165708,2026-05-30 18:28:28,1,56.48,64.58,21.15,39.62,543,603,481,398,5988
1780166008,2026-05-30 18:33:28,1,56.49,66.42,20.25,39.98,543,620,472,400,5989
1780166308,2026-05-30 18:38:28,1,56.43,66.09,20.24,41.03,543,616,473,404,5990
1780166608,2026-05-30 18:43:28,1,56.42,66.2,20.53,43.93,542,618,472,423,5991
1780166908,2026-05-30 18:48:28,1,56.66,65.48,20.36,42.58,544,610,473,415,5992
1780167208,2026-05-30 18:53:28,1,56.34,65.19,19.8,41.24,541,609,470,405,5993
1780167508,2026-05-30 18:58:28,1,56.18,65.72,20.16,44.16,540,611,467,423,5994
1780167808,2026-05-30 19:03:28,1,56.26,65.55,19.92,42.52,539,609,466,414,5995
1780168108,2026-05-30 19:08:28,1,56.64,65.87,20.24,42.37,543,613,472,413,5996
1780168408,2026-05-30 19:13:28,1,56.55,65.19,19.85,39.71,540,607,466,397,5997
1780168708,2026-05-30 19:18:28,1,56.53,63.74,19.28,42.83,540,599,466,416,5998
1780169008,2026-05-30 19:23:28,1,56.69,65.03,19.38,40.55,544,604,466,403,5999
1780169308,2026-05-30 19:28:28,1,56.27,64.94,20.36,39.45,539,604,471,396,6000
1780169608,2026-05-30 19:33:28,1,56.08,64.05,19.89,41.17,540,600,468,408,6001
1780169908,2026-05-30 19:38:28,1,56.62,64.85,20.7,42.13,543,607,476,412,6002
1780170208,2026-05-30 19:43:28,1,56.09,64.08,19.38,40.99,539,600,465,406,6003
1780170508,2026-05-30 19:48:28,1,56.56,64.93,19.77,42.22,541,606,467,412,6004
1780170808,2026-05-30 19:53:28,1,55.97,64.01,19.45,43.53,538,598,464,421,6005
1780171108,2026-05-30 19:58:28,1,56.08,64.69,18.87,41.17,538,604,464,406,6006
1780171408,2026-05-30 20:03:28,1,56.45,64.01,19.09,39.9,541,601,465,401,6007
1780171708,2026-05-30 20:08:28,1,55.97,64.51,19.09,40.84,538,602,463,404,6008
1780172008,2026-05-30 20:13:28,1,55.87,64.61,19.5,38.85,537,602,469,390,6009
1780172308,2026-05-30 20:18:28,1,56.0,64.54,18.99,42.63,537,602,462,415,6010
1780172608,2026-05-30 20:23:28,1,56.34,64.23,20.06,40.59,539,600,469,405,6011
1780172908,2026-05-30 20:28:28,1,56.11,64.97,18.88,40.77,539,606,460,403,6012
1780173208,2026-05-30 20:33:28,1,55.92,63.65,19.23,41.36,539,598,462,407,6013
1780173508,2026-05-30 20:38:28,1,55.99,63.43,19.31,39.57,538,595,464,396,6014
1780173808,2026-05-30 20:43:28,1,56.62,64.5,18.88,40.01,544,605,462,400,6015
1780174108,2026-05-30 20:48:28,1,56.08,65.11,18.91,38.85,538,606,464,391,6016
1780174408,2026-05-30 20:53:28,1,55.92,65.5,19.02,39.58,538,609,462,395,6017
1780174708,2026-05-30 20:58:28,1,56.08,65.06,18.29,38.38,541,609,455,389,6018
1780175008,2026-05-30 21:03:28,1,55.99,64.52,17.62,40.99,538,604,452,408,6019
1780175308,2026-05-30 21:08:28,1,56.61,65.41,18.91,39.55,544,613,458,397,6020
1780175608,2026-05-30 21:13:28,1,55.7,65.06,19.19,39.57,538,606,463,396,6021
1780175908,2026-05-30 21:18:28,1,56.69,65.35,18.64,39.34,543,607,459,396,6022
1780176208,2026-05-30 21:23:28,1,56.02,64.49,19.19,39.77,542,605,459,399,6023
1780176508,2026-05-30 21:28:28,1,55.94,64.94,18.71,38.16,541,608,462,388,6024
1780176808,2026-05-30 21:33:28,1,56.05,64.4,17.87,40.91,538,601,454,405,6025
1780177108,2026-05-30 21:38:28,1,56.53,65.07,18.2,37.14,541,605,456,384,6026
1780177408,2026-05-30 21:43:28,1,56.37,64.2,18.87,40.56,541,597,457,403,6027
1780177708,2026-05-30 21:48:28,1,56.02,65.02,18.44,39.22,540,610,457,396,6028
1780178008,2026-05-30 21:53:28,1,56.26,65.2,17.98,34.23,541,605,455,361,6029
1780178308,2026-05-30 21:58:28,1,56.15,65.13,17.62,37.89,541,606,448,387,6030
1780178608,2026-05-30 22:03:28,1,55.87,66.49,18.31,35.57,540,617,454,371,6031
1780178908,2026-05-30 22:08:28,1,56.06,66.11,18.37,36.85,540,616,456,379,6032
1780179208,2026-05-30 22:13:28,1,56.14,64.73,18.48,35.88,542,607,461,373,6033
1780179508,2026-05-30 22:18:28,1,55.76,66.46,18.59,33.02,539,619,458,355,6034
1780179808,2026-05-30 22:23:28,1,55.87,65.45,18.26,35.22,540,611,456,371,6035
1780180108,2026-05-30 22:28:28,1,55.95,66.43,18.46,33.8,538,616,461,363,6036
1780180408,2026-05-30 22:33:28,1,56.06,66.0,17.74,34.74,540,617,451,366,6037
1780180708,2026-05-30 22:38:28,1,56.33,66.69,18.19,35.74,541,623,456,373,6038
1780181008,2026-05-30 22:43:28,1,55.97,66.28,17.89,33.43,541,614,451,360,6039
1780181308,2026-05-30 22:48:28,1,56.42,66.37,18.51,33.47,543,616,454,359,6040
1780181608,2026-05-30 22:53:28,1,56.14,66.76,17.72,33.42,538,621,451,361,6041
1780181908,2026-05-30 22:58:28,1,56.29,66.97,17.39,34.17,539,623,448,365,6042
1780182208,2026-05-30 23:03:28,1,55.93,66.83,17.76,32.25,538,622,451,354,6043
1780182508,2026-05-30 23:08:28,1,56.46,67.07,18.12,28.77,541,624,456,331,6044
1780182808,2026-05-30 23:13:28,1,56.07,66.53,17.48,29.35,541,619,452,336,6045
1780183108,2026-05-30 23:18:28,1,55.91,67.65,17.8,32.21,539,628,448,354,6046
1780183408,2026-05-30 23:23:28,1,56.18,67.51,18.2,29.43,541,626,455,336,6047
1780183708,2026-05-30 23:28:28,1,56.12,66.79,17.33,31.36,542,620,451,347,6048
1780184008,2026-05-30 23:33:28,1,56.11,67.0,18.15,29.03,543,623,453,334,6049
1780184308,2026-05-30 23:38:28,1,55.68,67.02,17.92,27.8,538,624,452,324,6050
1780184608,2026-05-30 23:43:28,1,56.36,67.24,18.25,27.95,543,622,456,329,6051
1780184908,2026-05-30 23:48:28,1,56.43,67.99,17.85,29.05,540,631,452,336,6052
1780185208,2026-05-30 23:53:28,1,56.59,66.71,17.85,28.6,544,622,453,330,6053
1780185508,2026-05-30 23:58:28,1,56.23,68.17,17.77,27.95,541,632,451,325,6054
1780185808,2026-05-31 00:03:28,1,55.96,67.26,18.25,24.71,541,622,457,307,6055
1780186108,2026-05-31 00:08:28,1,56.59,68.89,17.85,23.39,544,637,451,299,6056
1780186408,2026-05-31 00:13:28,1,56.14,67.96,18.54,26.56,542,631,460,319,6057
1780186708,2026-05-31 00:18:28,1,55.94,67.96,17.84,28.36,540,629,453,330,6058
1780187008,2026-05-31 00:23:28,1,56.43,68.59,18.61,23.44,541,628,459,301,6059
1780187308,2026-05-31 00:28:28,1,56.26,68.2,17.8,27.87,540,629,453,326,6060
1780187608,2026-05-31 00:33:28,1,56.13,68.11,18.33,25.43,540,627,454,312,6061
1780187908,2026-05-31 00:38:28,1,56.05,68.56,17.62,27.03,541,634,452,322,6062
1780188208,2026-05-31 00:43:28,1,56.05,69.08,18.19,24.05,540,639,454,302,6063
1780188508,2026-05-31 00:48:28,1,56.51,68.41,17.84,24.28,542,636,452,303,6064
1780188808,2026-05-31 00:53:28,1,56.45,67.97,17.89,23.16,542,626,452,298,6065
1780189108,2026-05-31 00:58:28,1,56.2,68.63,18.69,23.79,543,633,460,301,6066
1780189408,2026-05-31 01:03:28,1,56.74,67.96,17.85,22.45,542,634,451,295,6067
1780189708,2026-05-31 01:08:28,1,56.19,69.04,18.43,25.42,541,637,456,312,6068
1780190008,2026-05-31 01:13:28,1,56.48,69.69,18.34,24.32,542,642,458,305,6069
1780190308,2026-05-31 01:18:28,1,56.37,68.01,18.7,24.14,540,628,458,303,6070
1780190608,2026-05-31 01:23:28,1,56.81,69.05,19.21,18.89,543,638,465,274,6071
1780190908,2026-05-31 01:28:28,1,56.07,70.43,18.51,22.46,541,649,458,295,6072
1780191208,2026-05-31 01:33:28,1,56.76,69.18,18.69,20.3,543,640,459,281,6073
1780191508,2026-05-31 01:38:28,1,56.72,69.08,18.88,22.11,542,638,459,293,6074
1780191808,2026-05-31 01:43:28,1,56.57,69.72,18.66,19.17,542,646,457,273,6075
1780192108,2026-05-31 01:48:28,1,56.4,68.6,17.81,21.39,542,635,453,290,6076
1780192408,2026-05-31 01:53:28,1,56.71,69.53,18.22,19.45,545,642,455,275,6077
1780192708,2026-05-31 01:58:28,1,56.87,69.79,18.6,20.27,547,641,456,281,6078
1780193008,2026-05-31 02:03:28,1,57.09,69.89,19.16,21.77,545,644,465,290,6079
1780193308,2026-05-31 02:08:28,1,56.86,69.43,19.45,18.0,545,640,464,265,6080
1780193608,2026-05-31 02:13:28,1,56.66,69.52,19.09,18.0,545,642,462,266,6081
1780193908,2026-05-31 02:18:28,1,56.82,69.32,19.28,19.35,547,641,463,274,6082
1780194208,2026-05-31 02:23:28,1,56.56,70.48,19.19,19.13,541,646,465,275,6083
1780194508,2026-05-31 02:28:28,1,56.98,69.64,18.39,20.89,546,640,454,285,6084
1780194808,2026-05-31 02:33:28,1,56.79,69.57,19.86,18.0,543,639,469,269,6085
1780195108,2026-05-31 02:38:28,1,56.51,68.17,18.95,18.47,544,630,459,270,6086
1780195408,2026-05-31 02:43:28,1,56.93,69.72,19.49,18.0,545,645,468,270,6087
1780195708,2026-05-31 02:48:28,1,56.83,69.67,19.97,18.0,544,643,469,267,6088
1780196008,2026-05-31 02:53:28,1,56.95,69.52,19.28,19.52,544,640,465,276,6089
1780196308,2026-05-31 02:58:28,1,57.36,69.52,19.25,18.63,549,640,463,272,6090
1780196608,2026-05-31 03:03:28,1,57.24,69.57,19.29,18.71,547,641,464,271,6091
1780196908,2026-05-31 03:08:28,1,57.15,69.84,19.38,18.29,544,644,465,271,6092
1780197208,2026-05-31 03:13:28,1,56.7,69.43,19.91,18.87,543,642,466,272,6093
1780197508,2026-05-31 03:18:28,1,57.42,69.45,19.54,20.97,548,638,466,285,6094
1780197808,2026-05-31 03:23:28,1,57.42,69.56,19.84,18.0,548,645,466,268,6095
1780198108,2026-05-31 03:28:28,1,57.29,67.43,19.36,18.0,547,630,467,269,6096
1780198408,2026-05-31 03:33:28,1,57.55,69.67,20.33,18.0,547,640,469,265,6097
1780198708,2026-05-31 03:38:28,1,57.37,68.6,19.51,18.0,546,632,463,269,6098
1780199008,2026-05-31 03:43:28,1,57.86,69.06,20.05,18.0,549,638,469,268,6099
1780199308,2026-05-31 03:48:28,1,58.02,68.54,19.88,18.0,552,631,468,266,6100
1780199608,2026-05-31 03:53:28,1,57.8,68.37,20.62,19.54,552,630,476,275,6101
1780199908,2026-05-31 03:58:28,1,57.36,68.37,19.3,20.15,546,632,464,282,6102
1780200208,2026-05-31 04:03:28,1,57.13,68.25,20.37,18.0,546,631,471,265,6103
1780200508,2026-05-31 04:08:28,1,57.51,68.46,19.91,18.55,549,634,468,270,6104
1780200808,2026-05-31 04:13:28,1,57.59,69.29,20.27,20.77,551,638,470,283,6105
1780201108,2026-05-31 04:18:28,1,57.34,67.84,20.44,19.76,549,627,473,274,6106
1780201408,2026-05-31 04:23:28,1,57.88,69.53,20.56,18.0,550,643,476,269,6107
1780201708,2026-05-31 04:28:28,1,57.97,68.19,21.03,19.14,550,631,476,273,6108
1780202008,2026-05-31 04:33:28,1,58.16,68.5,21.31,19.22,548,631,481,273,6109
1780202308,2026-05-31 04:38:28,1,57.77,69.12,20.95,19.37,551,639,478,276,6110
1780202608,2026-05-31 04:43:28,1,58.14,67.16,21.05,19.61,552,621,478,280,6111
1780202908,2026-05-31 04:48:28,1,57.88,68.21,20.72,20.94,553,631,477,284,6112
1780203208,2026-05-31 04:53:28,1,58.26,67.43,21.52,19.96,553,623,480,278,6113
1780203508,2026-05-31 04:58:28,1,58.26,68.42,20.37,19.4,553,633,472,274,6114
1780203808,2026-05-31 05:03:28,1,58.07,67.23,21.03,18.0,550,623,477,266,6115
1780204108,2026-05-31 05:08:28,1,57.83,66.82,21.39,21.7,551,623,481,291,6116
1780204408,2026-05-31 05:13:28,1,58.07,66.18,21.03,22.15,553,615,478,294,6117
1780204708,2026-05-31 05:18:28,1,57.84,66.53,21.41,21.2,550,619,481,288,6118
1780205008,2026-05-31 05:23:28,1,57.96,67.33,20.77,20.69,552,623,477,282,6119
1780205308,2026-05-31 05:28:28,1,58.45,66.46,21.97,22.91,553,618,484,296,6120
1780205608,2026-05-31 05:33:28,1,58.29,67.61,21.24,22.68,553,625,480,297,6121
1780205908,2026-05-31 05:38:28,1,58.46,67.58,22.03,22.65,553,628,487,297,6122
1780206208,2026-05-31 05:43:28,1,58.2,66.28,21.7,20.42,554,617,486,279,6123
1780206508,2026-05-31 05:48:28,1,58.4,66.33,21.96,24.39,553,618,486,305,6124
1780206808,2026-05-31 05:53:28,1,58.32,66.34,21.94,23.68,553,617,485,304,6125
1780207108,2026-05-31 05:58:28,1,58.16,64.73,22.18,25.89,550,609,488,315,6126
1780207408,2026-05-31 06:03:28,1,58.43,65.9,22.36,22.64,555,615,488,294,6127
1780207708,2026-05-31 06:08:28,1,58.68,65.43,22.18,23.92,555,611,491,303,6128
1780208008,2026-05-31 06:13:28,1,59.28,66.01,22.27,23.3,556,613,486,299,6129
1780208308,2026-05-31 06:18:28,1,58.99,65.7,22.35,25.46,558,613,487,313,6130
1780208608,2026-05-31 06:23:28,1,58.23,65.7,22.72,25.54,553,613,495,312,6131
1780208908,2026-05-31 06:28:28,1,59.02,66.14,22.86,26.83,556,614,491,319,6132
1780209208,2026-05-31 06:33:28,1,58.92,65.66,22.92,24.33,553,610,494,304,6133
1780209508,2026-05-31 06:38:28,1,58.81,65.28,23.42,26.73,557,609,497,320,6134
1780209808,2026-05-31 06:43:28,1,59.31,66.85,23.49,28.57,560,621,497,332,6135
1780210108,2026-05-31 06:48:28,1,58.79,65.05,22.78,23.04,557,607,491,296,6136
1780210408,2026-05-31 06:53:28,1,58.97,65.68,23.26,28.31,556,611,495,330,6137
1780210708,2026-05-31 06:58:28,1,58.92,65.94,22.94,29.78,558,616,492,339,6138
1780211008,2026-05-31 07:03:28,1,59.01,63.54,23.64,28.84,556,598,500,334,6139
1780211308,2026-05-31 07:08:28,1,59.14,64.64,22.7,30.31,555,605,492,341,6140
1780211608,2026-05-31 07:13:28,1,59.33,65.06,22.39,28.12,558,607,487,325,6141
1780211908,2026-05-31 07:18:28,1,58.94,65.14,23.25,31.54,557,610,498,350,6142
1780212208,2026-05-31 07:23:28,1,59.11,64.42,24.13,31.02,556,600,503,347,6143
1780212508,2026-05-31 07:28:28,1,59.32,64.91,23.22,29.9,559,605,494,339,6144
1780212808,2026-05-31 07:33:28,1,59.47,64.35,23.87,33.44,562,602,500,360,6145
1780213108,2026-05-31 07:38:28,1,59.25,64.59,22.96,30.38,557,605,491,341,6146
1780213408,2026-05-31 07:43:28,1,59.31,65.21,23.38,33.56,560,610,495,362,6147
1780213708,2026-05-31 07:48:28,1,59.71,63.89,23.53,30.27,560,598,499,343,6148
1780214008,2026-05-31 07:53:28,1,59.42,64.34,23.57,28.34,559,601,498,331,6149
1780214308,2026-05-31 07:58:28,1,59.51,63.99,23.84,32.18,559,597,499,354,6150
1780214608,2026-05-31 08:03:28,1,59.9,64.34,24.79,33.73,562,608,511,363,6151
1780214908,2026-05-31 08:08:28,1,59.21,65.24,23.19,34.54,558,607,493,366,6152
1780215208,2026-05-31 08:13:28,1,59.42,65.74,23.66,33.39,560,609,499,361,6153
1780215508,2026-05-31 08:18:28,1,59.05,63.8,24.19,32.13,557,596,502,353,6154
1780215808,2026-05-31 08:23:28,1,59.48,66.01,23.52,33.49,559,611,498,361,6155
1780216108,2026-05-31 08:28:28,1,59.72,64.81,24.3,32.63,561,608,501,356,6156
1780216408,2026-05-31 08:33:28,1,59.41,64.6,25.06,36.22,561,605,511,375,6157
1780216708,2026-05-31 08:38:28,1,59.6,64.22,24.44,33.68,560,602,504,362,6158
1780217008,2026-05-31 08:43:28,1,59.7,63.88,24.13,36.15,561,600,504,377,6159
1780217308,2026-05-31 08:48:28,1,59.52,64.54,23.76,38.15,560,604,500,390,6160
1780217608,2026-05-31 08:53:28,1,59.76,65.34,24.56,33.63,561,608,505,361,6161
1780217908,2026-05-31 08:58:28,1,59.79,63.99,25.0,34.26,560,596,512,364,6162
1780218208,2026-05-31 09:03:28,1,60.19,65.0,24.51,37.72,564,606,505,383,6163
1780218508,2026-05-31 09:08:28,1,60.18,65.1,24.48,34.63,564,610,504,366,6164
1780218808,2026-05-31 09:13:28,1,60.36,65.71,24.72,39.02,563,615,507,396,6165
1780219108,2026-05-31 09:18:28,1,59.64,64.86,24.65,37.94,561,605,509,385,6166
1780219408,2026-05-31 09:23:28,1,60.25,64.73,24.52,38.97,564,605,505,391,6167
1780219708,2026-05-31 09:28:28,1,59.66,65.83,24.65,38.35,561,616,506,389,6168
1780220008,2026-05-31 09:33:28,1,60.18,65.25,24.18,39.29,565,608,503,396,6169
1780220308,2026-05-31 09:38:28,1,60.09,64.58,24.62,39.13,562,604,509,397,6170
1780220608,2026-05-31 09:43:28,1,60.09,64.79,24.74,38.11,563,606,504,388,6171
1780220908,2026-05-31 09:48:28,1,60.38,65.31,24.38,37.18,563,612,505,382,6172
1780221208,2026-05-31 09:53:28,1,59.89,65.5,25.22,39.5,559,609,511,398,6173
1780221508,2026-05-31 09:58:28,1,59.79,65.62,24.58,39.27,560,613,506,395,6174
1780221808,2026-05-31 10:03:28,1,59.87,65.72,24.57,37.92,561,613,504,385,6175
1780222108,2026-05-31 10:08:28,1,60.4,65.89,24.56,40.86,565,614,507,405,6176
1780222408,2026-05-31 10:13:28,1,60.17,63.78,24.09,36.01,562,596,501,374,6177
1780222708,2026-05-31 10:18:28,1,60.32,64.68,24.39,39.85,564,607,502,399,6178
1780223008,2026-05-31 10:23:28,1,59.95,64.47,25.67,40.51,560,605,516,402,6179
1780223308,2026-05-31 10:28:28,1,60.84,65.4,24.96,39.6,569,611,509,396,6180
1780223608,2026-05-31 10:33:28,1,60.25,66.87,24.48,41.2,563,623,506,409,6181
1780223908,2026-05-31 10:38:28,1,60.0,66.01,24.44,41.67,563,617,505,410,6182
1780224208,2026-05-31 10:43:28,1,60.43,65.69,24.86,41.52,567,614,509,406,6183
1780224508,2026-05-31 10:48:28,1,60.49,66.2,24.74,41.46,564,615,507,409,6184
1780224808,2026-05-31 10:53:28,1,60.27,66.77,25.23,42.77,563,619,513,417,6185
1780225108,2026-05-31 10:58:28,1,60.29,67.96,25.05,44.04,562,631,509,423,6186
1780225408,2026-05-31 11:03:28,1,60.18,66.6,24.41,43.37,563,621,505,419,6187
1780225708,2026-05-31 11:08:28,1,60.28,66.61,24.88,39.06,566,623,509,395,6188
1780226008,2026-05-31 11:13:28,1,60.36,67.57,24.46,43.25,567,627,506,420,6189
1780226308,2026-05-31 11:18:28,1,60.4,66.99,25.45,43.51,565,624,514,422,6190
1780226608,2026-05-31 11:23:28,1,60.28,67.05,25.44,40.06,562,621,511,399,6191
1780226908,2026-05-31 11:28:28,1,60.27,66.08,24.98,41.45,565,612,511,408,6192
1780227208,2026-05-31 11:33:28,1,60.63,66.79,26.05,41.39,566,621,515,407,6193
1780227508,2026-05-31 11:38:28,1,60.32,67.38,25.06,42.93,563,624,510,418,6194
1780227808,2026-05-31 11:43:28,1,60.27,66.77,25.16,41.85,564,619,512,408,6195
1780228108,2026-05-31 11:48:28,1,60.3,68.73,25.34,42.29,565,635,513,414,6196
1780228408,2026-05-31 11:53:28,1,60.5,67.28,24.46,41.32,566,622,503,407,6197
1780228708,2026-05-31 11:58:28,1,60.24,68.46,24.71,42.58,565,634,507,416,6198
1780229008,2026-05-31 12:03:28,1,60.33,68.54,25.05,42.69,565,637,511,416,6199
1780229308,2026-05-31 12:08:28,1,60.21,67.88,25.19,42.3,562,630,511,412,6200
1780229608,2026-05-31 12:13:28,1,60.53,68.18,24.52,42.15,565,634,507,414,6201
1780229908,2026-05-31 12:18:28,1,60.31,67.98,25.19,40.32,565,628,513,400,6202
1780230208,2026-05-31 12:23:28,1,60.48,68.06,24.94,40.76,565,629,508,405,6203
1780230508,2026-05-31 12:28:28,1,60.32,68.16,25.08,39.56,563,630,513,400,6204
1780230808,2026-05-31 12:33:28,1,60.29,68.28,24.68,40.96,563,632,509,402,6205
1780231108,2026-05-31 12:38:28,1,60.2,68.13,24.83,39.82,562,631,504,398,6206
1780231408,2026-05-31 12:43:28,1,60.76,69.58,24.84,40.62,568,644,504,400,6207
1780231708,2026-05-31 12:48:28,1,60.63,68.15,24.81,39.56,565,632,509,398,6208
1780232008,2026-05-31 12:53:28,1,60.67,69.49,24.91,41.08,566,642,507,406,6209
1780232308,2026-05-31 12:58:28,1,60.33,67.94,24.65,39.25,565,632,511,394,6210
1780232608,2026-05-31 13:03:28,1,60.18,69.02,24.55,40.48,562,635,505,404,6211
1780232908,2026-05-31 13:08:28,1,60.13,69.0,24.57,39.49,562,638,507,400,6212
1780233208,2026-05-31 13:13:28,1,60.18,68.14,23.96,41.85,565,632,502,410,6213
1780233508,2026-05-31 13:18:28,1,60.29,69.3,24.52,39.66,563,639,506,397,6214
1780233808,2026-05-31 13:23:28,1,59.94,69.07,24.73,37.19,562,640,507,382,6215
1780234108,2026-05-31 13:28:28,1,59.93,69.76,24.14,41.81,559,642,502,412,6216
1780234408,2026-05-31 13:33:28,1,60.22,67.8,24.8,37.28,565,625,508,383,6217
1780234708,2026-05-31 13:38:28,1,60.3,69.44,25.32,35.79,564,640,513,376,6218
1780235008,2026-05-31 13:43:28,1,60.43,70.18,25.11,37.86,565,650,509,386,6219
1780235308,2026-05-31 13:48:28,1,60.46,69.53,24.94,37.95,566,644,509,388,6220
1780235608,2026-05-31 13:53:28,1,60.3,69.03,24.64,38.37,564,639,507,389,6221
1780235908,2026-05-31 13:58:28,1,60.45,69.38,24.77,37.15,566,637,508,381,6222
1780236208,2026-05-31 14:03:28,1,60.44,69.13,24.25,37.06,563,640,502,385,6223
1780236508,2026-05-31 14:08:28,1,60.34,70.1,24.28,34.97,564,647,501,368,6224
1780236808,2026-05-31 14:13:28,1,60.78,70.12,24.25,34.78,567,646,504,369,6225
1780237108,2026-05-31 14:18:28,1,60.53,70.75,24.38,39.2,563,649,503,394,6226
1780237408,2026-05-31 14:23:28,1,60.68,69.21,24.49,35.07,566,638,507,370,6227
1780237708,2026-05-31 14:28:28,1,60.32,70.45,23.72,31.63,562,645,499,351,6228
1780238008,2026-05-31 14:33:28,1,59.95,70.29,24.09,35.84,562,648,501,376,6229
1780238308,2026-05-31 14:38:28,1,60.6,70.24,23.67,32.11,567,648,497,354,6230
1780238608,2026-05-31 14:43:28,1,60.29,69.72,24.01,32.05,566,640,500,353,6231
1780238908,2026-05-31 14:48:28,1,60.57,68.7,24.03,34.36,563,636,502,369,6232
1780239208,2026-05-31 14:53:28,1,60.15,67.76,24.43,32.8,564,626,507,357,6233
1780239508,2026-05-31 14:58:28,1,59.64,69.71,23.43,32.81,562,643,495,354,6234
1780239808,2026-05-31 15:03:28,1,59.86,69.11,22.86,32.35,561,636,491,354,6235
1780240108,2026-05-31 15:08:28,1,60.36,68.07,23.96,32.02,563,631,499,354,6236
1780240408,2026-05-31 15:13:28,1,59.96,68.63,23.25,32.11,561,635,495,349,6237
1780240708,2026-05-31 15:18:28,1,59.96,69.66,23.22,31.05,560,641,497,347,6238
1780241008,2026-05-31 15:23:28,1,59.69,68.79,24.24,31.19,563,635,503,349,6239
1780241308,2026-05-31 15:28:28,1,59.49,67.87,23.12,32.46,560,631,494,352,6240
1780241608,2026-05-31 15:33:28,1,60.38,68.77,22.69,28.2,562,632,490,329,6241
1780241908,2026-05-31 15:38:28,1,59.75,69.89,22.73,30.37,563,645,492,341,6242
1780242208,2026-05-31 15:43:28,1,60.33,69.23,22.76,26.89,564,637,490,322,6243
1780242508,2026-05-31 15:48:28,1,60.11,69.15,22.8,29.64,567,638,492,335,6244
1780242808,2026-05-31 15:53:28,1,60.05,68.3,23.3,27.69,561,634,494,327,6245
1780243108,2026-05-31 15:58:28,1,59.6,69.59,22.72,26.11,562,642,491,316,6246
1780243408,2026-05-31 16:03:28,1,59.71,69.02,23.63,25.78,560,637,497,314,6247
1780243708,2026-05-31 16:08:28,1,59.98,67.95,22.85,24.47,564,627,492,305,6248
1780244008,2026-05-31 16:13:28,1,59.88,68.25,22.76,27.24,561,636,491,326,6249
1780244308,2026-05-31 16:18:28,1,59.7,68.1,22.77,26.19,561,629,494,318,6250
1780244608,2026-05-31 16:23:28,1,60.04,68.59,21.87,27.35,565,633,485,325,6251
1780244908,2026-05-31 16:28:28,1,59.91,68.14,22.13,27.17,558,632,486,322,6252
1780245208,2026-05-31 16:33:28,1,59.99,67.89,22.64,27.09,563,631,490,321,6253
1780245508,2026-05-31 16:38:28,1,59.68,68.03,22.36,25.25,560,631,489,310,6254
1780245808,2026-05-31 16:43:28,1,59.56,67.46,22.72,26.2,558,626,488,317,6255
1780246108,2026-05-31 16:48:28,1,59.72,68.63,22.48,24.55,564,638,494,307,6256
1780246408,2026-05-31 16:53:28,1,59.38,67.43,21.64,23.67,556,625,482,302,6257
1780246708,2026-05-31 16:58:28,1,59.55,67.52,21.79,23.34,562,624,484,300,6258
1780247008,2026-05-31 17:03:28,1,59.57,68.21,21.87,24.86,559,630,486,308,6259
1780247308,2026-05-31 17:08:28,1,59.36,68.66,21.84,23.87,559,637,485,302,6260
1780247608,2026-05-31 17:13:28,1,59.57,67.56,21.26,22.88,559,626,480,296,6261
1780247908,2026-05-31 17:18:28,1,59.56,67.84,21.83,23.48,561,632,485,301,6262
1780248208,2026-05-31 17:23:28,1,59.89,67.21,21.3,21.38,566,624,481,289,6263
1780248508,2026-05-31 17:28:28,1,59.24,67.06,21.57,23.69,559,622,482,301,6264
1780248808,2026-05-31 17:33:28,1,59.1,66.86,21.3,21.68,557,622,480,288,6265
1780249108,2026-05-31 17:38:28,1,59.27,67.6,21.23,21.81,558,627,479,288,6266
1780249408,2026-05-31 17:43:28,1,59.53,67.57,21.09,21.29,559,624,475,289,6267
1780249708,2026-05-31 17:48:28,1,59.45,66.65,21.83,20.59,557,618,484,285,6268
1780250008,2026-05-31 17:53:28,1,59.42,66.32,20.61,20.23,557,617,474,280,6269
1780250308,2026-05-31 17:58:28,1,59.15,67.67,21.67,19.45,557,624,482,278,6270
1780250608,2026-05-31 18:03:28,1,58.89,65.81,20.88,20.08,558,616,478,282,6271
1780250908,2026-05-31 18:08:28,1,58.92,66.17,21.13,19.34,558,614,479,275,6272
1780251208,2026-05-31 18:13:28,1,58.96,67.71,21.06,18.48,555,631,480,272,6273
1780251508,2026-05-31 18:18:28,1,59.19,66.07,20.23,19.56,561,616,474,276,6274
1780251808,2026-05-31 18:23:28,1,59.38,65.17,20.17,20.25,558,607,470,280,6275
1780252108,2026-05-31 18:28:28,1,58.88,66.27,21.06,18.0,552,616,477,269,6276
1780252408,2026-05-31 18:33:28,1,58.89,65.82,21.25,18.0,556,615,481,272,6277
1780252708,2026-05-31 18:38:28,1,59.03,65.73,20.35,20.98,556,612,474,288,6278
1780253008,2026-05-31 18:43:28,1,58.95,66.82,20.03,18.0,556,621,473,267,6279
1780253308,2026-05-31 18:48:28,1,59.09,65.0,20.21,18.02,559,605,470,266,6280
1780253608,2026-05-31 18:53:28,1,58.54,66.02,20.54,19.57,554,616,470,278,6281
1780253908,2026-05-31 18:58:28,1,58.72,66.15,20.26,19.04,556,620,471,274,6282
1780254208,2026-05-31 19:03:28,1,58.77,64.51,19.9,18.38,557,605,468,269,6283
1780254508,2026-05-31 19:08:28,1,59.25,64.83,19.57,18.0,560,604,464,268,6284
1780254808,2026-05-31 19:13:28,1,59.0,64.17,20.51,18.0,557,599,471,268,6285
1780255108,2026-05-31 19:18:28,1,58.77,64.37,19.32,20.79,556,604,468,283,6286
1780255408,2026-05-31 19:23:28,1,58.6,64.53,19.64,19.79,553,604,468,279,6287
1780255708,2026-05-31 19:28:28,1,59.29,64.82,19.72,18.0,558,608,466,267,6288
1780256008,2026-05-31 19:33:28,1,58.77,64.22,19.65,18.0,557,600,466,269,6289
1780256308,2026-05-31 19:38:28,1,58.63,64.75,19.34,19.51,555,604,464,280,6290
1780256608,2026-05-31 19:43:28,1,58.94,64.66,20.02,18.0,557,602,466,267,6291
1780256908,2026-05-31 19:48:28,1,59.03,64.65,19.46,18.0,555,602,462,268,6292
1780257208,2026-05-31 19:53:28,1,58.75,65.01,19.46,18.48,558,606,463,270,6293
1780257508,2026-05-31 19:58:28,1,58.81,65.24,19.55,18.32,555,611,468,267,6294
1780257808,2026-05-31 20:03:28,1,58.66,64.65,19.25,18.2,555,604,464,266,6295
1780258108,2026-05-31 20:08:28,1,58.36,64.2,19.86,20.28,556,602,469,280,6296
1780258408,2026-05-31 20:13:28,1,57.93,64.8,18.9,18.65,551,604,460,268,6297
1780258708,2026-05-31 20:18:28,1,59.13,64.46,19.33,21.73,557,603,463,287,6298
1780259008,2026-05-31 20:23:28,1,58.45,65.14,18.96,18.0,554,608,461,267,6299
1780259308,2026-05-31 20:28:28,1,58.73,65.3,19.51,18.88,555,610,467,271,6300
1780259608,2026-05-31 20:33:28,1,58.53,65.24,19.35,19.09,552,608,463,274,6301
1780259908,2026-05-31 20:38:28,1,58.86,64.74,19.08,18.74,555,603,460,271,6302
1780260208,2026-05-31 20:43:28,1,58.63,65.71,18.5,20.29,555,614,458,279,6303
1780260508,2026-05-31 20:48:28,1,58.77,64.45,18.94,18.97,557,603,461,273,6304
1780260808,2026-05-31 20:53:28,1,58.49,64.48,18.24,19.04,556,605,458,273,6305
1780261108,2026-05-31 20:58:28,1,58.68,63.31,18.79,18.74,554,595,460,272,6306
1780261408,2026-05-31 21:03:28,1,57.93,64.13,18.42,20.59,547,604,457,283,6307
1780261708,2026-05-31 21:08:28,1,58.33,64.71,19.04,22.14,550,602,465,290,6308
1780262008,2026-05-31 21:13:28,1,58.74,64.87,18.76,18.67,554,607,460,272,6309
1780262308,2026-05-31 21:18:28,1,58.43,64.49,17.57,20.06,554,602,451,282,6310
1780262608,2026-05-31 21:23:28,1,58.96,64.73,18.2,23.86,558,605,453,302,6311
1780262908,2026-05-31 21:28:28,1,58.14,64.21,18.45,23.44,551,599,458,301,6312
1780263208,2026-05-31 21:33:28,1,58.4,66.05,18.14,23.2,554,614,455,300,6313
1780263508,2026-05-31 21:38:28,1,58.84,65.02,18.77,22.01,553,605,458,290,6314
1780263808,2026-05-31 21:43:28,1,58.25,64.55,18.86,21.1,552,608,460,285,6315
1780264108,2026-05-31 21:48:28,1,58.26,65.05,17.81,22.97,555,609,449,297,6316
1780264408,2026-05-31 21:53:28,1,58.62,64.76,18.03,24.86,554,605,452,307,6317
1780264708,2026-05-31 21:58:28,1,58.71,65.83,18.37,24.39,555,610,457,304,6318
1780265008,2026-05-31 22:03:28,1,58.03,65.43,18.31,21.11,551,610,456,285,6319
1780265308,2026-05-31 22:08:28,1,58.35,63.89,18.4,25.85,554,596,458,314,6320
1780265608,2026-05-31 22:13:28,1,58.37,65.62,17.91,23.49,555,613,453,299,6321
1780265908,2026-05-31 22:18:28,1,58.8,65.08,18.73,26.88,556,608,459,320,6322
1780266208,2026-05-31 22:23:28,1,58.48,64.57,17.77,25.14,555,604,452,309,6323
1780266508,2026-05-31 22:28:28,1,58.47,66.06,17.23,26.33,554,613,447,317,6324
1780266808,2026-05-31 22:33:28,1,58.52,66.95,18.51,23.56,554,625,456,297,6325
1780267108,2026-05-31 22:38:28,1,58.53,65.34,18.27,27.78,555,609,458,322,6326
1780267408,2026-05-31 22:43:28,1,58.21,66.54,18.01,26.28,552,623,453,317,6327
1780267708,2026-05-31 22:48:28,1,58.05,67.18,18.49,25.61,553,623,458,312,6328
1780268008,2026-05-31 22:53:28,1,58.56,65.05,18.03,28.0,554,606,451,326,6329
1780268308,2026-05-31 22:58:28,1,58.07,65.97,18.84,27.44,552,613,462,323,6330
1780268608,2026-05-31 23:03:28,1,58.19,65.87,17.95,28.37,553,614,453,329,6331
1780268908,2026-05-31 23:08:28,1,58.61,66.73,17.93,27.15,556,619,453,324,6332
1780269208,2026-05-31 23:13:28,1,58.2,66.75,18.27,29.19,554,619,458,336,6333
1780269508,2026-05-31 23:18:28,1,58.38,66.68,18.57,27.91,552,622,461,327,6334
1780269808,2026-05-31 23:23:28,1,58.55,66.27,18.47,30.44,554,615,457,341,6335
1780270108,2026-05-31 23:28:28,1,58.24,66.48,17.65,31.69,551,621,451,348,6336
1780270408,2026-05-31 23:33:28,1,58.88,66.79,18.32,27.5,556,622,456,327,6337
1780270708,2026-05-31 23:38:28,1,58.03,66.56,17.66,27.36,550,618,449,324,6338
1780271008,2026-05-31 23:43:28,1,58.09,66.84,18.32,30.94,551,620,459,345,6339
1780271308,2026-05-31 23:48:28,1,57.99,68.14,18.23,30.89,551,630,456,343,6340
1780271608,2026-05-31 23:53:28,1,58.04,66.62,17.76,33.13,550,620,450,359,6341
1780271908,2026-05-31 23:58:28,1,58.92,67.21,18.27,35.42,557,626,454,372,6342
1780272208,2026-06-01 00:03:28,1,58.38,67.94,18.29,33.91,554,629,455,362,6343
1780272508,2026-06-01 00:08:28,1,58.38,69.01,17.93,36.79,553,637,451,382,6344
1780272808,2026-06-01 00:13:28,1,58.22,67.95,18.24,32.86,550,628,457,358,6345
1780273108,2026-06-01 00:18:28,1,58.16,68.41,18.02,33.91,553,632,457,360,6346
1780273408,2026-06-01 00:23:28,1,58.47,69.29,17.62,32.56,552,641,450,354,6347
1780273708,2026-06-01 00:28:28,1,58.86,67.14,17.97,36.32,558,622,453,376,6348
1780274008,2026-06-01 00:33:28,1,58.64,69.04,18.58,35.37,555,637,460,372,6349
1780274308,2026-06-01 00:38:28,1,58.37,67.93,18.61,36.71,554,629,458,381,6350
1780274608,2026-06-01 00:43:28,1,58.48,69.12,17.96,35.85,555,633,456,373,6351
1780274908,2026-06-01 00:48:28,1,58.72,67.63,18.31,37.48,552,627,458,384,6352
1780275208,2026-06-01 00:53:28,1,58.36,68.65,18.23,36.44,551,634,458,375,6353
1780275508,2026-06-01 00:58:28,1,58.33,68.51,18.3,36.05,552,636,459,376,6354
1780275808,2026-06-01 01:03:28,1,58.55,69.37,17.11,35.04,554,639,448,371,6355
1780276108,2026-06-01 01:08:28,1,58.2,69.38,18.48,36.46,553,644,456,378,6356
1780276408,2026-06-01 01:13:28,1,58.21,69.31,18.14,36.94,552,643,455,382,6357
1780276708,2026-06-01 01:18:28,1,58.53,70.32,18.54,36.73,554,645,459,381,6358
1780277008,2026-06-01 01:23:28,1,58.54,69.19,17.75,41.07,553,636,454,405,6359
1780277308,2026-06-01 01:28:28,1,58.89,70.41,18.83,38.56,554,644,461,390,6360
1780277608,2026-06-01 01:33:28,1,58.53,69.36,18.79,38.07,554,637,457,389,6361
1780277908,2026-06-01 01:38:28,1,59.27,69.51,18.16,39.72,559,641,457,397,6362
1780278208,2026-06-01 01:43:28,1,58.71,68.57,18.32,38.72,557,635,456,393,6363
1780278508,2026-06-01 01:48:28,1,58.83,69.06,18.39,39.02,554,635,456,390,6364
1780278808,2026-06-01 01:53:28,1,58.84,69.59,18.29,40.29,555,643,457,401,6365
1780279108,2026-06-01 01:58:28,1,58.93,69.66,18.73,40.32,558,647,460,399,6366
1780279408,2026-06-01 02:03:28,1,59.03,70.48,18.53,43.36,558,649,458,420,6367
1780279708,2026-06-01 02:08:28,1,58.96,69.86,18.84,40.58,556,642,461,404,6368
1780280008,2026-06-01 02:13:28,1,59.1,70.16,19.42,39.12,555,649,465,392,6369
1780280308,2026-06-01 02:18:28,1,58.78,70.21,19.59,41.56,555,647,465,407,6370
1780280608,2026-06-01 02:23:28,1,58.91,69.53,18.77,42.43,554,645,459,416,6371
1780280908,2026-06-01 02:28:28,1,58.96,69.65,18.38,43.43,560,641,456,420,6372
1780281208,2026-06-01 02:33:28,1,58.84,68.6,19.57,40.32,555,633,466,400,6373
1780281508,2026-06-01 02:38:28,1,59.21,69.71,19.15,41.65,557,643,463,411,6374
1780281808,2026-06-01 02:43:28,1,59.27,70.54,19.33,40.89,558,649,465,408,6375
1780282108,2026-06-01 02:48:28,1,59.16,69.56,18.78,43.03,560,640,459,416,6376
1780282408,2026-06-01 02:53:28,1,59.51,68.83,19.52,41.65,559,636,465,412,6377
1780282708,2026-06-01 02:58:28,1,59.46,69.28,19.08,42.13,560,640,463,414,6378
1780283008,2026-06-01 03:03:28,1,59.31,70.4,19.16,44.19,559,647,462,426,6379
1780283308,2026-06-01 03:08:28,1,59.18,69.37,19.19,41.7,556,636,462,410,6380
1780283608,2026-06-01 03:13:28,1,59.16,69.43,19.48,44.64,557,637,463,426,6381
1780283908,2026-06-01 03:18:28,1,59.28,69.29,18.9,42.76,557,643,464,416,6382
1780284208,2026-06-01 03:23:28,1,58.76,68.75,19.28,41.18,555,639,464,407,6383
1780284508,2026-06-01 03:28:28,1,59.08,69.61,19.7,42.3,556,642,467,413,6384
1780284808,2026-06-01 03:33:28,1,59.54,69.08,18.98,41.66,559,640,463,408,6385
1780285108,2026-06-01 03:38:28,1,59.65,68.74,20.03,42.06,560,635,469,410,6386
1780285408,2026-06-01 03:43:28,1,59.69,69.64,19.87,42.36,560,642,469,415,6387
1780285708,2026-06-01 03:48:28,1,59.46,68.8,19.72,42.79,559,638,468,417,6388
1780286008,2026-06-01 03:53:28,1,59.63,69.81,20.24,41.06,560,646,473,404,6389
1780286308,2026-06-01 03:58:28,1,59.42,67.94,20.2,42.6,559,630,470,417,6390
1780286608,2026-06-01 04:03:28,1,59.74,70.0,19.47,41.65,565,649,466,411,6391
1780286908,2026-06-01 04:08:28,1,59.75,67.96,20.25,41.01,559,629,471,405,6392
1780287208,2026-06-01 04:13:28,1,59.43,68.56,20.28,40.41,559,635,472,404,6393
1780287508,2026-06-01 04:18:28,1,59.85,68.2,20.32,40.45,561,629,473,401,6394
1780287808,2026-06-01 04:23:28,1,59.81,68.45,20.56,42.7,558,635,474,417,6395
1780288108,2026-06-01 04:28:28,1,60.27,68.37,21.1,41.3,564,631,479,407,6396
1780288408,2026-06-01 04:33:28,1,59.45,68.47,20.74,40.64,560,632,474,404,6397
1780288708,2026-06-01 04:38:28,1,59.97,67.38,20.97,39.54,561,625,476,400,6398
1780289008,2026-06-01 04:43:28,1,59.95,67.93,20.62,40.68,565,629,475,404,6399
1780289308,2026-06-01 04:48:28,1,60.32,68.57,20.82,38.32,563,634,476,390,6400
1780289608,2026-06-01 04:53:28,1,60.17,67.03,20.91,41.42,562,623,478,407,6401
1780289908,2026-06-01 04:58:28,1,59.98,66.85,20.79,41.4,564,619,473,408,6402
1780290208,2026-06-01 05:03:28,1,59.95,66.73,20.84,40.4,562,620,475,403,6403
1780290508,2026-06-01 05:08:28,1,59.87,68.63,20.8,39.59,562,634,477,395,6404
1780290808,2026-06-01 05:13:28,1,60.32,67.24,21.41,38.72,563,622,481,391,6405
1780291108,2026-06-01 05:18:28,1,59.8,67.25,21.51,40.93,558,624,482,404,6406
1780291408,2026-06-01 05:23:28,1,60.08,67.64,22.38,38.95,564,629,487,396,6407
1780291708,2026-06-01 05:28:28,1,60.28,66.7,21.21,40.27,563,622,478,398,6408
1780292008,2026-06-01 05:33:28,1,60.32,66.26,21.26,36.4,564,618,479,375,6409
1780292308,2026-06-01 05:38:28,1,59.94,65.92,21.39,38.72,562,613,479,394,6410
1780292608,2026-06-01 05:43:28,1,60.11,66.97,22.17,37.65,562,622,486,384,6411
1780292908,2026-06-01 05:48:28,1,60.17,66.38,21.61,35.63,560,617,483,373,6412
1780293208,2026-06-01 05:53:28,1,60.77,67.1,21.1,38.49,568,624,477,392,6413
1780293508,2026-06-01 05:58:28,1,59.84,66.32,22.13,36.3,562,619,484,379,6414
1780293808,2026-06-01 06:03:28,1,60.41,66.15,22.01,37.74,564,616,485,388,6415
1780294108,2026-06-01 06:08:28,1,60.67,66.69,22.68,38.98,564,624,490,392,6416
1780294408,2026-06-01 06:13:28,1,61.02,66.58,22.72,35.51,570,619,492,374,6417
1780294708,2026-06-01 06:18:28,1,60.78,66.03,22.55,34.67,566,614,490,371,6418
1780295008,2026-06-01 06:23:28,1,60.89,65.75,21.35,32.75,567,614,480,355,6419
1780295308,2026-06-01 06:28:28,1,60.49,65.63,22.41,34.08,567,612,488,364,6420
1780295608,2026-06-01 06:33:28,1,60.8,66.23,22.32,34.19,571,616,487,363,6421
1780295908,2026-06-01 06:38:28,1,60.43,65.22,22.82,34.6,565,610,494,368,6422
1780296208,2026-06-01 06:43:28,1,60.97,66.08,22.87,35.32,565,616,494,373,6423
1780296508,2026-06-01 06:48:28,1,60.44,65.17,22.45,32.21,568,607,489,351,6424
1780296808,2026-06-01 06:53:28,1,60.92,66.13,22.66,33.84,566,615,493,361,6425
1780297108,2026-06-01 06:58:28,1,60.85,65.33,22.97,32.85,569,610,494,354,6426
1780297408,2026-06-01 07:03:28,1,61.21,66.2,22.71,34.06,571,615,491,364,6427
1780297708,2026-06-01 07:08:28,1,61.29,64.71,22.67,31.03,569,603,490,343,6428
1780298008,2026-06-01 07:13:28,1,61.05,65.67,23.26,33.36,567,609,496,360,6429
1780298308,2026-06-01 07:18:28,1,61.36,64.99,22.7,31.32,571,606,493,346,6430
1780298608,2026-06-01 07:23:28,1,61.19,65.62,23.31,29.58,569,611,498,339,6431
1780298908,2026-06-01 07:28:28,1,61.56,64.96,23.89,28.65,571,608,501,334,6432
1780299208,2026-06-01 07:33:28,1,61.2,64.78,23.61,28.48,570,610,497,331,6433
1780299508,2026-06-01 07:38:28,1,60.94,63.67,23.2,29.73,569,594,495,340,6434
1780299808,2026-06-01 07:43:28,1,61.2,64.53,23.55,27.3,569,605,497,325,6435
1780300108,2026-06-01 07:48:28,1,61.2,64.1,23.41,28.98,569,603,498,333,6436
1780300408,2026-06-01 07:53:28,1,61.77,64.61,23.48,29.66,574,607,496,337,6437
1780300708,2026-06-01 07:58:28,1,61.63,64.22,24.18,26.04,573,601,503,316,6438
1780301008,2026-06-01 08:03:28,1,61.16,64.19,23.7,28.56,571,601,501,330,6439
1780301308,2026-06-01 08:08:28,1,61.76,65.35,24.1,26.22,572,612,503,316,6440
1780301608,2026-06-01 08:13:28,1,61.94,65.01,24.06,25.02,573,608,502,310,6441
1780301908,2026-06-01 08:18:28,1,61.62,64.81,24.46,23.41,573,608,506,299,6442
1780302208,2026-06-01 08:23:28,1,61.42,64.4,23.44,25.37,570,602,497,311,6443
1780302508,2026-06-01 08:28:28,1,61.61,64.34,23.37,25.57,574,602,494,313,6444
1780302808,2026-06-01 08:33:28,1,61.33,64.88,23.5,25.54,572,609,496,309,6445
1780303108,2026-06-01 08:38:28,1,61.38,64.08,24.11,23.19,572,600,500,301,6446
1780303408,2026-06-01 08:43:28,1,61.67,64.63,24.53,24.03,570,604,503,303,6447
1780303708,2026-06-01 08:48:28,1,62.09,64.42,23.91,25.3,573,601,504,314,6448
1780304008,2026-06-01 08:53:28,1,61.69,64.11,24.16,22.67,572,601,504,299,6449
1780304308,2026-06-01 08:58:28,1,61.92,63.87,24.6,21.94,574,604,508,290,6450
1780304608,2026-06-01 09:03:28,1,61.37,65.55,24.51,22.74,571,610,507,295,6451
1780304908,2026-06-01 09:08:28,1,61.4,64.06,24.27,24.92,568,601,503,310,6452
1780305208,2026-06-01 09:13:28,1,61.78,65.37,23.71,21.67,573,610,497,287,6453
1780305508,2026-06-01 09:18:28,1,61.45,65.55,24.52,24.67,571,609,505,309,6454
1780305808,2026-06-01 09:23:28,1,61.8,64.68,24.56,20.28,573,606,505,280,6455
1780306108,2026-06-01 09:28:28,1,61.81,65.99,24.07,22.67,573,616,501,294,6456
1780306408,2026-06-01 09:33:28,1,62.09,65.04,24.51,22.03,573,605,505,293,6457
1780306708,2026-06-01 09:38:28,1,61.49,65.57,24.58,22.05,571,609,505,290,6458
1780307008,2026-06-01 09:43:28,1,61.63,64.84,24.94,20.32,572,606,510,280,6459
1780307308,2026-06-01 09:48:28,1,61.16,65.41,25.06,20.66,566,610,511,283,6460
1780307608,2026-06-01 09:53:28,1,62.25,64.25,24.98,20.43,575,600,509,281,6461
1780307908,2026-06-01 09:58:28,1,61.51,65.63,24.89,18.63,568,612,509,272,6462
1780308208,2026-06-01 10:03:28,1,61.82,66.28,25.08,20.24,572,618,511,282,6463
1780308508,2026-06-01 10:08:28,1,61.67,65.0,24.88,20.88,569,606,512,285,6464
1780308808,2026-06-01 10:13:28,1,62.19,66.16,24.58,22.72,574,616,507,294,6465
1780309108,2026-06-01 10:18:28,1,62.02,66.26,24.66,20.47,573,616,508,283,6466
1780309408,2026-06-01 10:23:28,1,61.86,65.39,24.84,20.05,572,613,506,284,6467
1780309708,2026-06-01 10:28:28,1,62.26,65.83,24.13,18.4,578,613,501,268,6468
1780310008,2026-06-01 10:33:28,1,61.66,65.97,24.75,18.0,572,612,508,267,6469
1780310308,2026-06-01 10:38:28,1,62.3,66.78,24.7,18.74,577,619,508,273,6470
1780310608,2026-06-01 10:43:28,1,62.16,65.81,24.83,18.21,576,612,509,266,6471
1780310908,2026-06-01 10:48:28,1,62.54,65.96,24.38,18.82,577,612,505,271,6472
1780311208,2026-06-01 10:53:28,1,62.21,66.09,24.99,18.0,573,616,507,268,6473
1780311508,2026-06-01 10:58:28,1,62.55,65.86,25.11,18.0,575,612,509,265,6474
1780311808,2026-06-01 11:03:28,1,62.31,65.96,25.34,18.24,574,616,512,270,6475
1780312108,2026-06-01 11:08:28,1,62.22,66.45,24.55,18.13,576,618,505,269,6476
1780312408,2026-06-01 11:13:28,1,61.91,65.17,25.09,18.0,574,613,508,267,6477
1780312708,2026-06-01 11:18:28,1,61.7,66.01,24.81,20.09,571,617,508,278,6478
1780313008,2026-06-01 11:23:28,1,61.62,66.42,25.24,19.1,571,617,511,276,6479
1780313308,2026-06-01 11:28:28,1,62.14,67.4,24.86,18.0,576,625,508,269,6480
1780313608,2026-06-01 11:33:28,1,61.58,66.79,24.2,18.71,569,625,502,273,6481
1780313908,2026-06-01 11:38:28,1,62.17,66.94,24.38,18.0,574,621,505,268,6482
1780314208,2026-06-01 11:43:28,1,61.85,67.32,24.96,18.65,572,628,512,273,6483
1780314508,2026-06-01 11:48:28,1,62.18,66.78,25.5,18.93,573,615,513,268,6484
1780314808,2026-06-01 11:53:28,1,61.99,66.79,24.84,18.59,573,619,509,270,6485
1780315108,2026-06-01 11:58:28,1,62.03,67.71,24.78,18.0,570,625,509,270,6486
1780315408,2026-06-01 12:03:28,1,61.91,67.02,25.45,18.0,574,621,515,268,6487
1780315708,2026-06-01 12:08:28,1,62.16,67.98,25.0,18.0,573,630,512,267,6488
1780316008,2026-06-01 12:13:28,1,62.42,67.7,24.67,18.25,576,628,508,268,6489
1780316308,2026-06-01 12:18:28,1,62.37,68.55,25.14,19.91,576,631,509,281,6490
1780316608,2026-06-01 12:23:28,1,62.15,67.43,24.98,20.12,575,626,509,282,6491
1780316908,2026-06-01 12:28:28,1,62.15,68.46,24.21,21.59,574,634,504,291,6492
1780317208,2026-06-01 12:33:28,1,62.17,68.03,25.37,18.0,576,626,514,265,6493
1780317508,2026-06-01 12:38:28,1,61.93,68.54,24.83,20.21,570,634,508,282,6494
1780317808,2026-06-01 12:43:28,1,61.83,67.55,24.2,19.64,570,632,503,276,6495
1780318108,2026-06-01 12:48:28,1,62.35,68.4,24.79,20.25,573,632,508,280,6496
1780318408,2026-06-01 12:53:28,1,62.04,68.6,24.63,19.62,574,633,506,275,6497
1780318708,2026-06-01 12:58:28,1,62.22,68.91,24.38,18.86,579,634,503,272,6498
1780319008,2026-06-01 13:03:28,1,61.94,68.65,24.83,22.66,574,631,508,295,6499
1780319308,2026-06-01 13:08:28,1,62.29,69.08,24.47,18.29,577,635,509,269,6500
1780319608,2026-06-01 13:13:28,1,62.11,69.1,25.0,21.36,577,639,507,289,6501
1780319908,2026-06-01 13:18:28,1,61.89,69.67,24.98,19.67,574,643,508,278,6502
1780320208,2026-06-01 13:23:28,1,62.76,68.23,24.59,20.85,579,635,507,288,6503
1780320508,2026-06-01 13:28:28,1,61.86,68.86,24.45,18.0,573,636,504,266,6504
1780320808,2026-06-01 13:33:28,1,62.33,69.14,24.6,22.19,578,641,506,292,6505
1780321108,2026-06-01 13:38:28,1,62.46,69.63,24.4,22.49,575,642,506,294,6506
1780321408,2026-06-01 13:43:28,1,62.24,69.21,23.64,23.65,576,637,497,305,6507
1780321708,2026-06-01 13:48:28,1,62.0,68.3,24.63,22.16,576,632,508,292,6508
1780322008,2026-06-01 13:53:28,1,61.88,68.6,24.6,25.41,574,630,503,310,6509
1780322308,2026-06-01 13:58:28,1,62.51,69.62,24.03,23.35,576,641,502,299,6510
1780322608,2026-06-01 14:03:28,1,62.32,69.01,25.03,23.91,576,635,511,302,6511
1780322908,2026-06-01 14:08:28,1,61.93,69.27,24.52,22.37,573,641,508,292,6512
1780323208,2026-06-01 14:13:28,1,61.81,69.33,23.69,27.26,573,641,498,323,6513
1780323508,2026-06-01 14:18:28,1,61.72,68.94,23.96,24.49,573,636,500,305,6514
1780323808,2026-06-01 14:23:28,1,61.86,70.55,23.22,26.48,571,648,496,319,6515
1780324108,2026-06-01 14:28:28,1,61.92,69.55,24.05,26.64,575,646,502,322,6516
1780324408,2026-06-01 14:33:28,1,61.88,68.7,24.52,26.32,574,638,506,317,6517
1780324708,2026-06-01 14:38:28,1,61.51,69.88,23.7,27.37,572,642,499,325,6518
1780325008,2026-06-01 14:43:28,1,62.11,68.89,24.21,26.07,575,638,503,317,6519
1780325308,2026-06-01 14:48:28,1,61.67,68.78,23.74,27.08,570,637,501,321,6520
1780325608,2026-06-01 14:53:28,1,61.27,69.4,23.0,26.7,566,641,494,321,6521
1780325908,2026-06-01 14:58:28,1,62.19,69.27,23.81,27.65,572,637,499,327,6522
1780326208,2026-06-01 15:03:28,1,61.79,70.29,23.3,28.7,572,647,496,332,6523
1780326508,2026-06-01 15:08:28,1,61.78,68.92,22.7,25.32,573,637,491,314,6524
1780326808,2026-06-01 15:13:28,1,62.02,69.4,23.6,29.63,574,638,499,337,6525
1780327108,2026-06-01 15:18:28,1,61.83,69.93,23.96,28.25,571,642,501,329,6526
1780327408,2026-06-01 15:23:28,1,61.52,69.54,23.6,30.05,571,641,501,341,6527
1780327708,2026-06-01 15:28:28,1,61.58,69.45,23.15,28.69,572,642,495,334,6528
1780328008,2026-06-01 15:33:28,1,60.96,68.9,22.12,29.5,566,639,486,334,6529
1780328308,2026-06-01 15:38:28,1,61.74,69.3,22.99,29.76,572,636,493,340,6530
1780328608,2026-06-01 15:43:28,1,61.59,69.0,23.2,32.55,570,638,495,356,6531
1780328908,2026-06-01 15:48:28,1,61.65,69.0,22.76,31.99,570,637,492,350,6532
1780329208,2026-06-01 15:53:28,1,61.5,68.63,23.16,30.71,571,634,494,346,6533
1780329508,2026-06-01 15:58:28,1,61.75,68.69,22.26,33.29,571,637,489,358,6534
1780329808,2026-06-01 16:03:28,1,61.58,68.62,23.18,30.69,572,636,493,343,6535
1780330108,2026-06-01 16:08:28,1,60.9,68.95,22.41,33.06,568,636,489,360,6536
1780330408,2026-06-01 16:13:28,1,61.1,69.32,22.28,35.44,569,639,488,373,6537
1780330708,2026-06-01 16:18:28,1,60.96,68.23,22.0,34.36,571,633,485,368,6538
1780331008,2026-06-01 16:23:28,1,61.44,67.01,22.28,35.04,571,623,487,370,6539
1780331308,2026-06-01 16:28:28,1,61.07,68.11,22.52,32.22,569,631,490,353,6540
1780331608,2026-06-01 16:33:28,1,61.15,69.6,21.67,34.07,567,641,481,362,6541
1780331908,2026-06-01 16:38:28,1,61.52,68.55,21.97,35.34,570,635,485,371,6542
1780332208,2026-06-01 16:43:28,1,61.06,68.09,22.53,35.74,569,630,490,375,6543
1780332508,2026-06-01 16:48:28,1,61.41,67.34,22.65,39.05,571,626,490,395,6544
1780332808,2026-06-01 16:53:28,1,61.0,67.45,21.22,38.03,568,631,478,385,6545
1780333108,2026-06-01 16:58:28,1,60.96,68.42,22.39,37.43,565,633,490,387,6546
1780333408,2026-06-01 17:03:28,1,61.29,68.62,21.84,38.61,572,632,484,391,6547
1780333708,2026-06-01 17:08:28,1,60.96,67.34,22.28,38.46,568,625,488,390,6548
1780334008,2026-06-01 17:13:28,1,60.95,67.19,22.02,36.07,571,625,485,376,6549
1780334308,2026-06-01 17:18:28,1,61.06,68.05,21.9,36.34,568,629,483,377,6550
1780334608,2026-06-01 17:23:28,1,61.36,67.69,21.47,37.45,570,626,482,383,6551
1780334908,2026-06-01 17:28:28,1,61.07,67.52,21.74,39.01,567,625,485,392,6552
1780335208,2026-06-01 17:33:28,1,61.08,66.93,20.85,38.61,570,623,475,392,6553
1780335508,2026-06-01 17:38:28,1,61.05,66.27,21.33,38.91,569,616,482,392,6554
1780335808,2026-06-01 17:43:28,1,61.26,67.37,21.61,41.6,570,628,483,405,6555
1780336108,2026-06-01 17:48:28,1,61.38,66.64,20.41,41.58,569,623,472,411,6556
1780336408,2026-06-01 17:53:28,1,60.85,66.29,21.0,39.33,566,618,476,397,6557
1780336708,2026-06-01 17:58:28,1,60.72,65.99,21.23,39.96,565,616,477,402,6558
1780337008,2026-06-01 18:03:28,1,60.94,66.53,21.16,39.9,570,619,478,397,6559
1780337308,2026-06-01 18:08:28,1,60.91,66.06,21.21,40.75,569,615,479,404,6560
1780337608,2026-06-01 18:13:28,1,61.0,65.77,20.7,41.13,567,615,477,409,6561
1780337908,2026-06-01 18:18:28,1,60.88,66.5,20.48,39.33,567,614,474,396,6562
1780338208,2026-06-01 18:23:28,1,60.51,65.66,21.4,41.22,562,610,480,406,6563
1780338508,2026-06-01 18:28:28,1,60.44,66.62,20.3,39.75,565,617,471,397,6564
1780338808,2026-06-01 18:33:28,1,60.4,66.84,20.75,42.33,562,622,475,413,6565
1780339108,2026-06-01 18:38:28,1,60.87,64.46,19.83,39.97,566,600,468,400,6566
1780339408,2026-06-01 18:43:28,1,61.17,64.99,20.94,39.75,569,608,476,398,6567
1780339708,2026-06-01 18:48:28,1,60.67,65.15,20.66,42.99,567,608,476,417,6568
1780340008,2026-06-01 18:53:28,1,59.98,65.93,19.61,39.81,561,619,467,397,6569
1780340308,2026-06-01 18:58:28,1,60.39,64.28,20.85,41.09,565,604,475,407,6570
1780340608,2026-06-01 19:03:28,1,60.36,65.05,19.77,41.73,563,608,469,409,6571
1780340908,2026-06-01 19:08:28,1,60.35,65.57,19.13,42.04,565,612,460,413,6572
1780341208,2026-06-01 19:13:28,1,60.53,65.51,20.3,41.41,565,610,474,408,6573
1780341508,2026-06-01 19:18:28,1,60.63,64.85,20.05,40.51,566,606,469,403,6574
1780341808,2026-06-01 19:23:28,1,60.35,64.82,19.02,40.04,566,607,463,400,6575
1780342108,2026-06-01 19:28:28,1,59.77,65.33,19.69,41.31,559,613,468,407,6576
1780342408,2026-06-01 19:33:28,1,60.23,64.6,20.32,40.81,565,603,472,407,6577
1780342708,2026-06-01 19:38:28,1,60.27,64.03,19.48,41.73,565,603,466,409,6578
1780343008,2026-06-01 19:43:28,1,60.07,64.38,19.28,41.25,561,601,462,406,6579
1780343308,2026-06-01 19:48:28,1,60.37,63.5,20.0,40.03,565,594,468,399,6580
1780343608,2026-06-01 19:53:28,1,60.32,64.47,19.34,42.46,563,605,462,416,6581
1780343908,2026-06-01 19:58:28,1,59.76,65.41,19.77,39.65,561,610,469,398,6582
1780344208,2026-06-01 20:03:28,1,60.34,65.23,19.82,40.3,562,607,466,403,6583
1780344508,2026-06-01 20:08:28,1,59.88,63.62,19.51,36.93,561,594,467,383,6584
1780344808,2026-06-01 20:13:28,1,60.46,64.51,19.39,42.48,564,605,466,413,6585
1780345108,2026-06-01 20:18:28,1,60.57,63.89,19.64,40.95,566,600,465,403,6586
1780345408,2026-06-01 20:23:28,1,60.47,64.88,18.79,41.64,564,603,456,410,6587
1780345708,2026-06-01 20:28:28,1,60.48,65.0,19.25,40.98,566,603,464,406,6588
1780346008,2026-06-01 20:33:28,1,60.11,64.71,19.5,39.57,564,605,465,397,6589
1780346308,2026-06-01 20:38:28,1,60.27,64.76,19.03,39.58,565,602,463,396,6590
1780346608,2026-06-01 20:43:28,1,60.32,63.93,18.82,40.61,565,599,458,405,6591
1780346908,2026-06-01 20:48:28,1,60.18,65.24,18.64,38.42,566,607,457,391,6592
1780347208,2026-06-01 20:53:28,1,59.62,64.87,18.48,40.17,562,606,459,401,6593
1780347508,2026-06-01 20:58:28,1,59.56,64.38,17.89,40.06,559,603,450,398,6594
1780347808,2026-06-01 21:03:28,1,60.14,64.29,18.62,38.0,561,601,457,387,6595
1780348108,2026-06-01 21:08:28,1,60.0,64.03,18.18,39.97,568,600,454,399,6596
1780348408,2026-06-01 21:13:28,1,60.02,64.64,19.52,39.24,565,602,467,393,6597
1780348708,2026-06-01 21:18:28,1,59.53,64.48,18.95,39.48,560,600,461,398,6598
1780349008,2026-06-01 21:23:28,1,59.99,63.72,18.51,41.73,562,596,458,408,6599
1780349308,2026-06-01 21:28:28,1,60.02,64.45,18.54,36.92,564,604,457,382,6600
1780349608,2026-06-01 21:33:28,1,59.75,65.47,18.92,36.44,562,609,460,380,6601
1780349908,2026-06-01 21:38:28,1,59.44,65.11,17.93,37.71,559,609,454,385,6602
1780350208,2026-06-01 21:43:28,1,59.73,65.77,18.53,37.6,561,610,457,387,6603
1780350508,2026-06-01 21:48:28,1,59.74,64.52,19.0,40.68,561,605,465,403,6604
1780350808,2026-06-01 21:53:28,1,59.26,66.18,18.62,36.86,558,616,458,381,6605
1780351108,2026-06-01 21:58:28,1,59.39,64.65,18.86,38.45,556,604,461,392,6606
1780351408,2026-06-01 22:03:28,1,60.18,65.33,18.3,38.72,563,603,453,392,6607
1780351708,2026-06-01 22:08:28,1,59.73,65.99,18.34,33.19,562,613,455,358,6608
1780352008,2026-06-01 22:13:28,1,59.45,66.54,18.38,34.36,560,624,456,364,6609
1780352308,2026-06-01 22:18:28,1,59.64,66.85,18.07,34.09,560,623,451,364,6610
1780352608,2026-06-01 22:23:28,1,59.4,65.54,17.72,35.88,559,609,452,371,6611
1780352908,2026-06-01 22:28:28,1,59.64,65.7,18.64,33.64,557,612,457,361,6612
1780353208,2026-06-01 22:33:28,1,59.62,66.57,19.04,34.21,560,618,461,366,6613
1780353508,2026-06-01 22:38:28,1,59.88,66.03,17.72,32.31,560,615,452,352,6614
1780353808,2026-06-01 22:43:28,1,59.42,65.86,17.8,34.11,560,610,452,363,6615
1780354108,2026-06-01 22:48:28,1,59.57,65.28,18.54,33.02,558,609,459,355,6616
1780354408,2026-06-01 22:53:28,1,59.3,66.47,18.33,32.4,555,614,456,356,6617
1780354708,2026-06-01 22:58:28,1,59.94,66.8,18.15,35.65,565,621,454,373,6618
1780355008,2026-06-01 23:03:28,1,59.52,65.68,18.27,30.1,560,613,458,339,6619
1780355308,2026-06-01 23:08:28,1,59.74,66.71,17.64,30.28,560,621,453,342,6620
1780355608,2026-06-01 23:13:28,1,59.76,67.38,17.76,30.64,562,622,451,342,6621
1780355908,2026-06-01 23:18:28,1,59.54,66.85,18.27,29.76,559,619,457,338,6622
1780356208,2026-06-01 23:23:28,1,59.58,66.9,18.26,29.79,561,621,453,337,6623
1780356508,2026-06-01 23:28:28,1,59.64,66.8,18.41,29.95,561,620,456,338,6624
1780356808,2026-06-01 23:33:28,1,59.72,67.07,17.4,32.34,562,626,450,356,6625
1780357108,2026-06-01 23:38:28,1,59.86,67.16,18.51,30.94,561,621,458,348,6626
1780357408,2026-06-01 23:43:28,1,59.92,68.0,17.77,28.02,569,627,451,327,6627
1780357708,2026-06-01 23:48:28,1,59.43,68.14,18.58,28.86,559,629,456,333,6628
1780358008,2026-06-01 23:53:28,1,59.66,68.16,18.26,27.41,561,626,456,323,6629
1780358308,2026-06-01 23:58:28,1,59.89,68.09,18.28,29.31,565,625,455,336,6630
1780358608,2026-06-02 00:03:28,1,59.75,67.49,19.03,25.32,563,625,462,312,6631
1780358908,2026-06-02 00:08:28,1,59.75,68.36,18.19,26.76,562,632,454,319,6632
1780359208,2026-06-02 00:13:28,1,59.68,67.3,18.41,28.04,563,625,460,325,6633
1780359508,2026-06-02 00:18:28,1,59.89,67.11,18.24,23.48,560,624,457,300,6634
1780359808,2026-06-02 00:23:28,1,59.73,69.43,18.04,23.83,561,639,453,304,6635
1780360108,2026-06-02 00:28:28,1,59.86,68.71,17.94,25.53,560,636,454,312,6636
1780360408,2026-06-02 00:33:28,1,59.66,68.17,18.3,22.87,561,628,456,298,6637
1780360708,2026-06-02 00:38:28,1,59.8,68.41,18.12,25.61,561,633,455,312,6638
1780361008,2026-06-02 00:43:28,1,59.64,68.7,18.34,22.99,560,635,459,297,6639
1780361308,2026-06-02 00:48:28,1,59.8,67.64,18.34,23.99,562,627,455,303,6640
1780361608,2026-06-02 00:53:28,1,59.6,67.52,17.96,21.9,561,626,451,291,6641
1780361908,2026-06-02 00:58:28,1,60.06,67.84,17.92,19.75,564,630,454,278,6642
1780362208,2026-06-02 01:03:28,1,59.91,69.15,18.14,23.95,561,638,456,304,6643
1780362508,2026-06-02 01:08:28,1,60.03,67.91,18.51,23.68,564,630,459,303,6644
1780362808,2026-06-02 01:13:28,1,60.26,69.68,18.31,22.13,564,643,458,293,6645
1780363108,2026-06-02 01:18:28,1,59.38,70.07,17.93,23.44,557,644,453,301,6646
1780363408,2026-06-02 01:23:28,1,59.85,68.93,18.89,19.92,561,636,458,278,6647
1780363708,2026-06-02 01:28:28,1,59.72,69.75,18.02,22.58,562,643,452,294,6648
1780364008,2026-06-02 01:33:28,1,60.09,69.92,18.52,19.7,563,641,459,276,6649
1780364308,2026-06-02 01:38:28,1,60.22,69.5,18.63,20.76,565,638,460,287,6650
1780364608,2026-06-02 01:43:28,1,59.96,68.84,17.7,22.38,561,634,450,292,6651
1780364908,2026-06-02 01:48:28,1,60.2,69.5,18.52,21.9,563,643,458,288,6652
1780365208,2026-06-02 01:53:28,1,60.14,69.58,19.17,19.69,565,642,463,278,6653
1780365508,2026-06-02 01:58:28,1,60.22,69.16,18.71,21.4,566,640,457,287,6654
1780365808,2026-06-02 02:03:28,1,60.49,69.85,18.55,18.26,566,647,456,270,6655
1780366108,2026-06-02 02:08:28,1,60.29,70.22,19.21,21.26,567,649,465,288,6656
1780366408,2026-06-02 02:13:28,1,60.37,69.65,19.08,19.81,565,641,461,279,6657
1780366708,2026-06-02 02:18:28,1,60.32,69.47,19.03,19.57,567,638,462,277,6658
1780367008,2026-06-02 02:23:28,1,59.88,69.15,18.3,19.83,561,639,457,278,6659
1780367308,2026-06-02 02:28:28,1,60.61,69.44,19.2,18.0,563,643,462,268,6660
1780367608,2026-06-02 02:33:28,1,60.3,69.15,18.82,18.41,565,635,458,272,6661
1780367908,2026-06-02 02:38:28,1,60.52,68.86,19.66,18.0,563,637,466,269,6662
1780368208,2026-06-02 02:43:28,1,59.92,68.69,19.39,20.7,560,636,466,285,6663
1780368508,2026-06-02 02:48:28,1,60.67,69.67,19.59,20.75,565,642,468,286,6664
1780368808,2026-06-02 02:53:28,1,60.44,69.7,19.66,18.68,563,645,469,270,6665
1780369108,2026-06-02 02:58:28,1,60.18,70.1,19.41,19.05,564,646,463,274,6666
1780369408,2026-06-02 03:03:28,1,60.57,69.28,19.64,18.39,564,640,466,270,6667
1780369708,2026-06-02 03:08:28,1,60.34,69.8,19.21,18.0,563,643,464,267,6668
1780370008,2026-06-02 03:13:28,1,60.19,70.07,19.86,19.57,564,643,469,278,6669
1780370308,2026-06-02 03:18:28,1,60.47,69.06,19.51,18.0,565,639,463,268,6670
1780370608,2026-06-02 03:23:28,1,60.86,69.13,20.42,18.0,566,639,472,270,6671
1780370908,2026-06-02 03:28:28,1,60.44,69.16,19.4,18.0,566,639,463,267,6672
1780371208,2026-06-02 03:33:28,1,60.59,69.44,19.74,18.23,563,641,468,267,6673
1780371508,2026-06-02 03:38:28,1,61.36,68.37,19.82,18.25,571,632,468,270,6674
1780371808,2026-06-02 03:43:28,1,60.64,69.37,19.61,18.0,567,643,468,265,6675
1780372108,2026-06-02 03:48:28,1,60.31,68.34,20.28,18.0,563,634,471,265,6676
1780372408,2026-06-02 03:53:28,1,60.87,69.08,20.71,18.0,570,639,474,268,6677
1780372708,2026-06-02 03:58:28,1,61.06,68.21,20.05,19.07,566,632,470,272,6678
1780373008,2026-06-02 04:03:28,1,60.7,69.09,20.45,18.0,567,636,473,269,6679
1780373308,2026-06-02 04:08:28,1,60.87,68.12,19.88,20.05,566,630,471,279,6680
1780373608,2026-06-02 04:13:28,1,60.39,67.12,19.85,19.57,566,621,470,277,6681
1780373908,2026-06-02 04:18:28,1,60.86,68.9,20.79,18.0,567,632,475,268,6682
1780374208,2026-06-02 04:23:28,1,60.98,68.35,20.14,19.05,566,632,470,274,6683
1780374508,2026-06-02 04:28:28,1,60.88,69.04,20.4,22.01,566,637,471,291,6684
1780374808,2026-06-02 04:33:28,1,61.19,68.27,19.72,19.46,571,636,469,275,6685
1780375108,2026-06-02 04:38:28,1,60.94,68.9,21.07,18.0,568,636,477,265,6686
1780375408,2026-06-02 04:43:28,1,61.33,67.18,21.1,19.83,569,623,481,279,6687
1780375708,2026-06-02 04:48:28,1,60.96,68.08,20.07,19.17,567,628,468,275,6688
1780376008,2026-06-02 04:53:28,1,60.87,67.55,20.51,19.45,570,624,474,278,6689
1780376308,2026-06-02 04:58:28,1,61.18,68.2,20.99,19.05,569,632,481,272,6690
1780376608,2026-06-02 05:03:28,1,60.57,66.42,20.83,22.43,565,616,477,294,6691
1780376908,2026-06-02 05:08:28,1,61.29,67.25,21.31,18.37,571,622,480,269,6692
1780377208,2026-06-02 05:13:28,1,61.43,67.16,22.06,21.27,574,623,485,289,6693
1780377508,2026-06-02 05:18:28,1,61.49,66.52,21.38,20.17,570,619,479,279,6694
1780377808,2026-06-02 05:23:28,1,61.3,66.45,21.36,21.41,570,619,483,285,6695
1780378108,2026-06-02 05:28:28,1,61.46,66.92,21.63,21.8,568,620,484,293,6696
1780378408,2026-06-02 05:33:28,1,61.35,66.78,21.23,22.69,569,620,480,297,6697
1780378708,2026-06-02 05:38:28,1,61.33,66.74,21.36,22.37,570,619,480,294,6698
1780379008,2026-06-02 05:43:28,1,61.37,67.68,21.79,20.51,566,630,482,285,6699
1780379308,2026-06-02 05:48:28,1,61.65,66.69,21.64,24.52,573,618,482,310,6700
1780379608,2026-06-02 05:53:28,1,61.36,65.92,21.93,22.36,569,613,483,293,6701
1780379908,2026-06-02 05:58:28,1,61.68,65.99,22.0,24.0,569,611,485,305,6702
1780380208,2026-06-02 06:03:28,1,61.75,66.53,21.96,21.14,572,622,487,289,6703
1780380508,2026-06-02 06:08:28,1,61.71,66.25,22.31,25.69,573,613,490,313,6704
1780380808,2026-06-02 06:13:28,1,61.7,66.49,22.39,24.41,570,617,489,307,6705
1780381108,2026-06-02 06:18:28,1,62.3,66.73,23.19,24.42,575,620,495,308,6706
1780381408,2026-06-02 06:23:28,1,61.56,66.43,22.7,24.51,571,616,488,308,6707
1780381708,2026-06-02 06:28:28,1,61.65,67.08,22.21,24.17,570,623,488,306,6708
1780382008,2026-06-02 06:33:28,1,61.76,65.39,22.69,23.91,572,612,488,305,6709
1780382308,2026-06-02 06:38:28,1,61.75,65.78,23.13,27.36,571,611,497,323,6710
1780382608,2026-06-02 06:43:28,1,61.61,64.73,22.49,27.02,572,605,487,321,6711
1780382908,2026-06-02 06:48:28,1,61.36,64.18,22.71,27.02,570,599,492,321,6712
1780383208,2026-06-02 06:53:28,1,62.01,65.13,22.23,26.81,574,605,488,318,6713
1780383508,2026-06-02 06:58:28,1,62.49,64.86,22.6,26.54,576,605,490,319,6714
1780383808,2026-06-02 07:03:28,1,62.39,64.66,22.74,26.38,576,604,492,315,6715
1780384108,2026-06-02 07:08:28,1,62.37,63.95,23.01,29.01,576,602,494,332,6716
1780384408,2026-06-02 07:13:28,1,62.63,65.04,23.14,30.27,574,604,493,338,6717
1780384708,2026-06-02 07:18:28,1,62.25,64.89,23.0,32.24,576,607,496,354,6718
1780385008,2026-06-02 07:23:28,1,62.1,65.03,23.09,29.74,576,609,496,338,6719
1780385308,2026-06-02 07:28:28,1,62.2,64.23,22.83,30.88,575,598,492,344,6720
1780385608,2026-06-02 07:33:28,1,62.04,65.05,23.78,32.79,571,610,501,356,6721
1780385908,2026-06-02 07:38:28,1,62.56,64.57,23.02,28.97,578,604,496,335,6722
1780386208,2026-06-02 07:43:28,1,62.41,64.79,22.86,29.44,576,604,495,338,6723
1780386508,2026-06-02 07:48:28,1,62.83,63.76,23.6,33.42,578,598,497,360,6724
1780386808,2026-06-02 07:53:28,1,62.44,64.53,23.95,28.93,578,604,498,332,6725
1780387108,2026-06-02 07:58:28,1,62.35,65.25,23.2,31.9,577,604,497,351,6726
1780387408,2026-06-02 08:03:28,1,62.51,64.68,23.37,31.25,577,606,496,348,6727
1780387708,2026-06-02 08:08:28,1,62.57,64.46,23.75,31.78,577,604,497,350,6728
1780388008,2026-06-02 08:13:28,1,62.68,63.98,23.55,34.35,579,603,499,366,6729
1780388308,2026-06-02 08:18:28,1,62.7,64.15,23.41,33.93,579,597,496,364,6730
1780388608,2026-06-02 08:23:28,1,62.87,64.05,23.31,31.67,579,600,493,347,6731
1780388908,2026-06-02 08:28:28,1,62.48,64.38,24.09,35.17,574,605,505,368,6732
1780389208,2026-06-02 08:33:28,1,62.6,64.27,23.91,35.29,578,602,498,371,6733
1780389508,2026-06-02 08:38:28,1,62.74,64.1,23.37,37.4,579,603,496,384,6734
1780389808,2026-06-02 08:43:28,1,62.13,64.2,23.83,31.33,575,600,500,350,6735
1780390108,2026-06-02 08:48:28,1,62.9,64.66,25.0,36.68,579,605,511,381,6736
1780390408,2026-06-02 08:53:28,1,62.97,64.72,23.98,36.04,580,607,503,375,6737
1780390708,2026-06-02 08:58:28,1,62.27,64.26,23.62,32.41,577,606,498,354,6738
1780391008,2026-06-02 09:03:28,1,62.64,64.02,24.23,35.76,579,601,502,375,6739
1780391308,2026-06-02 09:08:28,1,62.86,65.33,24.22,38.75,578,611,502,393,6740
1780391608,2026-06-02 09:13:28,1,62.98,64.67,25.37,37.68,580,604,512,384,6741
1780391908,2026-06-02 09:18:28,1,62.63,64.11,23.83,37.66,580,598,499,384,6742
1780392208,2026-06-02 09:23:28,1,62.77,64.53,24.05,37.41,576,605,502,384,6743
1780392508,2026-06-02 09:28:28,1,62.82,65.74,24.36,37.73,581,613,503,385,6744
1780392808,2026-06-02 09:33:28,1,63.06,63.59,25.16,38.93,578,597,512,395,6745
1780393108,2026-06-02 09:38:28,1,62.84,65.1,24.33,38.73,578,608,507,390,6746
1780393408,2026-06-02 09:43:28,1,63.21,65.52,24.71,38.66,582,610,507,390,6747
1780393708,2026-06-02 09:48:28,1,62.74,65.94,25.09,39.9,577,613,509,399,6748
1780394008,2026-06-02 09:53:28,1,62.78,65.16,25.47,38.91,577,608,511,393,6749
1780394308,2026-06-02 09:58:28,1,62.96,65.98,25.05,37.98,579,614,507,387,6750
1780394608,2026-06-02 10:03:28,1,63.31,64.17,25.04,42.9,584,598,508,419,6751
1780394908,2026-06-02 10:08:28,1,63.25,65.97,25.06,39.96,584,614,510,395,6752
1780395208,2026-06-02 10:13:28,1,63.2,64.75,25.35,39.87,581,607,514,400,6753
1780395508,2026-06-02 10:18:28,1,62.89,64.8,24.81,42.38,580,604,504,415,6754
1780395808,2026-06-02 10:23:28,1,63.23,66.15,26.11,42.19,579,615,519,413,6755
1780396108,2026-06-02 10:28:28,1,63.03,66.22,24.5,41.58,580,615,505,412,6756
1780396408,2026-06-02 10:33:28,1,63.22,65.45,25.1,39.93,580,612,511,402,6757
1780396708,2026-06-02 10:38:28,1,63.29,65.52,24.9,40.63,582,614,506,404,6758
1780397008,2026-06-02 10:43:28,1,62.83,66.25,25.14,41.8,579,617,510,410,6759
1780397308,2026-06-02 10:48:28,1,63.04,66.48,24.37,42.15,577,619,506,413,6760
1780397608,2026-06-02 10:53:28,1,63.15,66.2,25.21,39.91,578,619,511,398,6761
1780397908,2026-06-02 10:58:28,1,63.12,66.86,23.82,44.88,581,621,500,426,6762
1780398208,2026-06-02 11:03:28,1,63.37,65.92,25.05,45.86,580,613,512,435,6763
1780398508,2026-06-02 11:08:28,1,63.69,67.0,24.2,43.41,583,621,503,421,6764
1780398808,2026-06-02 11:13:28,1,63.26,66.65,24.69,45.33,581,621,506,431,6765
1780399108,2026-06-02 11:18:28,1,63.06,67.25,24.88,46.51,579,626,506,439,6766
1780399408,2026-06-02 11:23:28,1,62.92,66.99,24.38,41.37,577,621,502,409,6767
1780399708,2026-06-02 11:28:28,1,63.19,67.16,24.66,39.81,579,626,508,397,6768
1780400008,2026-06-02 11:33:28,1,62.95,67.42,24.76,42.49,580,622,510,417,6769
1780400308,2026-06-02 11:38:28,1,63.3,67.59,24.26,41.54,580,626,501,407,6770
1780400608,2026-06-02 11:43:28,1,63.13,66.75,24.57,41.73,579,619,505,410,6771
1780400908,2026-06-02 11:48:28,1,63.23,66.89,24.62,39.54,582,623,510,395,6772
1780401208,2026-06-02 11:53:28,1,62.89,67.36,25.61,44.07,577,622,514,424,6773
1780401508,2026-06-02 11:58:28,1,63.02,66.26,25.71,42.19,579,617,514,413,6774
1780401808,2026-06-02 12:03:28,1,63.24,68.91,25.05,42.01,583,639,509,410,6775
1780402108,2026-06-02 12:08:28,1,63.15,68.47,25.07,39.25,580,632,510,396,6776
1780402408,2026-06-02 12:13:28,1,63.19,68.25,25.39,40.88,580,633,514,404,6777
1780402708,2026-06-02 12:18:28,1,63.13,68.04,25.71,40.3,578,630,516,402,6778
1780403008,2026-06-02 12:23:28,1,63.38,68.11,24.94,40.9,583,630,509,407,6779
1780403308,2026-06-02 12:28:28,1,63.45,69.31,24.87,41.1,583,640,508,406,6780
1780403608,2026-06-02 12:33:28,1,63.32,68.53,24.59,41.79,582,635,508,413,6781
1780403908,2026-06-02 12:38:28,1,62.97,67.65,25.08,40.45,577,625,511,405,6782
1780404208,2026-06-02 12:43:28,1,63.09,68.45,25.56,41.07,580,627,516,408,6783
1780404508,2026-06-02 12:48:28,1,63.12,69.34,24.0,41.01,579,639,501,408,6784
1780404808,2026-06-02 12:53:28,1,63.77,67.88,25.08,40.72,585,627,511,402,6785
1780405108,2026-06-02 12:58:28,1,62.95,68.74,25.02,38.83,580,635,509,396,6786
1780405408,2026-06-02 13:03:28,1,63.05,68.56,24.96,40.25,581,633,509,400,6787
1780405708,2026-06-02 13:08:28,1,63.23,68.61,24.95,36.49,582,634,506,382,6788
1780406008,2026-06-02 13:13:28,1,63.24,68.66,24.24,40.71,581,636,500,404,6789
1780406308,2026-06-02 13:18:28,1,63.26,68.56,24.5,37.78,579,632,503,387,6790
1780406608,2026-06-02 13:23:28,1,63.12,69.09,24.91,37.5,581,637,508,386,6791
1780406908,2026-06-02 13:28:28,1,63.21,68.7,24.39,40.68,582,635,504,402,6792
1780407208,2026-06-02 13:33:28,1,63.17,69.79,24.36,33.29,580,642,508,360,6793
1780407508,2026-06-02 13:38:28,1,63.04,68.69,24.53,37.67,580,633,508,386,6794
1780407808,2026-06-02 13:43:28,1,63.2,68.97,24.47,37.02,584,639,506,381,6795
1780408108,2026-06-02 13:48:28,1,63.16,69.98,24.66,38.57,581,646,506,392,6796
1780408408,2026-06-02 13:53:28,1,62.85,68.82,24.39,40.24,577,635,505,402,6797
1780408708,2026-06-02 13:58:28,1,62.97,70.16,24.3,38.2,580,644,506,387,6798
1780409008,2026-06-02 14:03:28,1,62.47,69.95,24.17,34.95,575,646,503,369,6799
1780409308,2026-06-02 14:08:28,1,63.26,68.56,24.81,35.84,581,632,508,375,6800
1780409608,2026-06-02 14:13:28,1,62.75,69.28,24.15,34.84,577,638,503,368,6801
1780409908,2026-06-02 14:18:28,1,62.31,70.48,24.27,34.0,573,649,504,363,6802
1780410208,2026-06-02 14:23:28,1,63.25,69.58,23.4,34.08,579,643,496,364,6803
1780410508,2026-06-02 14:28:28,1,63.06,68.22,23.71,34.83,581,633,503,369,6804
1780410808,2026-06-02 14:33:28,1,62.61,69.08,24.68,32.78,578,640,508,356,6805
1780411108,2026-06-02 14:38:28,1,62.75,70.26,23.83,35.5,578,647,500,371,6806
1780411408,2026-06-02 14:43:28,1,62.74,69.03,23.78,34.33,579,638,498,364,6807
1780411708,2026-06-02 14:48:28,1,62.96,71.12,23.26,33.51,582,654,497,360,6808
1780412008,2026-06-02 14:53:28,1,62.26,68.7,23.75,34.19,574,632,499,366,6809
1780412308,2026-06-02 14:58:28,1,62.65,70.32,23.93,36.1,576,648,501,378,6810
1780412608,2026-06-02 15:03:28,1,62.42,69.9,23.28,31.64,575,642,496,350,6811
1780412908,2026-06-02 15:08:28,1,63.01,69.22,23.63,30.39,581,638,500,342,6812
1780413208,2026-06-02 15:13:28,1,63.15,70.05,22.61,29.78,579,645,492,336,6813
1780413508,2026-06-02 15:18:28,1,62.38,70.13,23.33,30.15,573,644,497,341,6814
1780413808,2026-06-02 15:23:28,1,62.76,69.44,23.06,30.34,577,638,493,345,6815
1780414108,2026-06-02 15:28:28,1,62.18,69.48,23.01,32.04,576,641,494,351,6816
1780414408,2026-06-02 15:33:28,1,62.85,69.53,22.95,29.51,580,639,494,338,6817
1780414708,2026-06-02 15:38:28,1,62.52,69.02,23.31,29.13,574,637,497,334,6818
1780415008,2026-06-02 15:43:28,1,62.21,66.8,23.05,29.66,578,617,490,336,6819
1780415308,2026-06-02 15:48:28,1,62.49,69.34,23.66,28.35,574,638,499,332,6820
1780415608,2026-06-02 15:53:28,1,62.95,69.19,22.74,29.88,579,637,490,338,6821
1780415908,2026-06-02 15:58:28,1,62.34,69.67,21.94,27.79,579,642,486,328,6822
1780416208,2026-06-02 16:03:28,1,62.35,69.21,22.59,25.91,576,640,491,312,6823
1780416508,2026-06-02 16:08:28,1,62.53,68.42,22.8,29.15,577,634,489,333,6824
1780416808,2026-06-02 16:13:28,1,62.2,69.15,22.74,24.59,573,637,487,306,6825
1780417108,2026-06-02 16:18:28,1,62.21,67.81,22.39,24.54,573,631,490,310,6826
1780417408,2026-06-02 16:23:28,1,62.27,66.16,21.83,25.7,576,619,482,313,6827
1780417708,2026-06-02 16:28:28,1,62.2,68.42,22.77,23.11,575,638,494,298,6828
1780418008,2026-06-02 16:33:28,1,62.01,67.13,22.86,25.79,572,621,492,313,6829
1780418308,2026-06-02 16:38:28,1,62.16,67.93,22.45,23.63,574,626,488,302,6830
1780418608,2026-06-02 16:43:28,1,62.25,67.63,21.81,25.62,576,628,486,312,6831
1780418908,2026-06-02 16:48:28,1,62.16,68.13,22.28,27.92,576,630,488,328,6832
1780419208,2026-06-02 16:53:28,1,61.47,67.0,22.22,25.3,571,621,487,312,6833
1780419508,2026-06-02 16:58:28,1,62.19,69.32,22.66,23.41,574,640,491,301,6834
1780419808,2026-06-02 17:03:28,1,62.19,68.5,21.99,23.42,576,635,485,298,6835
1780420108,2026-06-02 17:08:28,1,62.08,67.77,21.34,23.8,574,627,478,303,6836
1780420408,2026-06-02 17:13:28,1,62.23,67.26,21.96,22.31,572,627,483,292,6837
1780420708,2026-06-02 17:18:28,1,61.95,67.51,21.47,19.21,572,627,479,274,6838
1780421008,2026-06-02 17:23:28,1,61.55,66.09,20.94,22.09,570,615,475,292,6839
1780421308,2026-06-02 17:28:28,1,61.89,65.35,20.91,22.83,573,608,475,295,6840
1780421608,2026-06-02 17:33:28,1,62.15,67.34,21.7,23.96,574,624,486,302,6841
1780421908,2026-06-02 17:38:28,1,62.08,67.22,20.93,22.7,574,624,481,293,6842
1780422208,2026-06-02 17:43:28,1,61.76,66.76,21.31,18.87,573,621,481,273,6843
1780422508,2026-06-02 17:48:28,1,61.97,66.26,21.27,22.72,572,619,478,295,6844
1780422808,2026-06-02 17:53:28,1,61.61,65.87,21.42,19.27,569,612,479,278,6845
1780423108,2026-06-02 17:58:28,1,61.72,66.05,21.78,18.0,572,614,484,265,6846
1780423408,2026-06-02 18:03:28,1,61.56,66.72,21.3,19.37,572,622,481,277,6847
1780423708,2026-06-02 18:08:28,1,61.82,66.06,20.53,19.72,575,612,473,278,6848
1780424008,2026-06-02 18:13:28,1,61.48,66.6,21.1,21.8,569,621,479,289,6849
1780424308,2026-06-02 18:18:28,1,61.65,66.07,20.51,18.17,571,615,470,268,6850
1780424608,2026-06-02 18:23:28,1,61.28,66.8,20.09,19.81,570,623,468,277,6851
1780424908,2026-06-02 18:28:28,1,61.71,66.69,21.36,18.0,575,620,479,266,6852
1780425208,2026-06-02 18:33:28,1,61.57,66.53,20.46,18.76,570,618,477,273,6853
1780425508,2026-06-02 18:38:28,1,61.29,65.56,20.93,20.5,571,612,477,284,6854
1780425808,2026-06-02 18:43:28,1,61.51,66.06,20.66,19.6,570,611,473,275,6855
1780426108,2026-06-02 18:48:28,1,61.17,65.92,20.49,20.05,567,614,477,281,6856
1780426408,2026-06-02 18:53:28,1,61.43,64.74,20.15,18.36,568,607,469,271,6857
1780426708,2026-06-02 18:58:28,1,61.07,65.44,20.22,18.59,568,610,471,273,6858
1780427008,2026-06-02 19:03:28,1,61.77,64.55,19.95,19.68,571,600,469,281,6859
1780427308,2026-06-02 19:08:28,1,61.17,64.0,20.45,19.99,568,600,473,279,6860
1780427608,2026-06-02 19:13:28,1,61.44,65.16,20.07,19.19,571,610,471,276,6861
1780427908,2026-06-02 19:18:28,1,61.69,64.95,19.64,18.26,573,605,465,269,6862
1780428208,2026-06-02 19:23:28,1,60.88,65.3,20.07,18.0,567,612,470,267,6863
1780428508,2026-06-02 19:28:28,1,61.56,64.27,19.23,18.0,572,599,464,267,6864
1780428808,2026-06-02 19:33:28,1,61.2,64.06,19.93,18.0,570,602,469,268,6865
1780429108,2026-06-02 19:38:28,1,60.67,64.82,19.91,18.23,571,609,472,272,6866
1780429408,2026-06-02 19:43:28,1,60.93,63.49,20.23,19.21,569,593,470,273,6867
1780429708,2026-06-02 19:48:28,1,60.95,65.63,19.4,18.0,570,609,463,268,6868
1780430008,2026-06-02 19:53:28,1,60.98,65.7,19.47,19.09,568,612,465,275,6869
1780430308,2026-06-02 19:58:28,1,61.19,64.62,19.15,20.05,569,608,463,279,6870
1780430608,2026-06-02 20:03:28,1,60.86,64.33,18.67,18.81,568,606,458,274,6871
1780430908,2026-06-02 20:08:28,1,60.7,63.3,19.05,19.96,568,594,463,283,6872
1780431208,2026-06-02 20:13:28,1,60.93,64.47,19.18,19.11,566,602,463,275,6873
1780431508,2026-06-02 20:18:28,1,61.3,64.34,19.79,18.83,571,601,469,270,6874
1780431808,2026-06-02 20:23:28,1,61.4,63.99,18.97,19.73,570,599,463,278,6875
1780432108,2026-06-02 20:28:28,1,60.46,64.32,19.37,18.0,568,603,463,266,6876
1780432408,2026-06-02 20:33:28,1,61.12,64.61,18.8,18.0,571,603,459,268,6877
1780432708,2026-06-02 20:38:28,1,60.94,64.51,18.78,18.0,567,603,459,267,6878
1780433008,2026-06-02 20:43:28,1,60.87,64.16,18.56,19.51,567,601,456,275,6879
1780433308,2026-06-02 20:48:28,1,61.01,66.31,18.71,20.16,568,617,462,280,6880
1780433608,2026-06-02 20:53:28,1,60.98,64.4,17.77,19.08,568,605,454,277,6881
1780433908,2026-06-02 20:58:28,1,60.96,64.21,18.89,20.79,567,598,464,284,6882
1780434208,2026-06-02 21:03:28,1,60.85,64.53,18.97,21.14,568,604,460,287,6883
1780434508,2026-06-02 21:08:28,1,60.49,64.9,19.0,21.18,565,608,460,285,6884
1780434808,2026-06-02 21:13:28,1,60.52,64.91,19.53,20.37,565,608,465,283,6885
1780435108,2026-06-02 21:18:28,1,60.42,65.32,18.61,19.57,564,610,455,278,6886
1780435408,2026-06-02 21:23:28,1,60.54,63.75,18.63,19.94,565,598,458,280,6887
1780435708,2026-06-02 21:28:28,1,60.19,64.93,18.94,20.67,565,607,462,285,6888
1780436008,2026-06-02 21:33:28,1,60.4,65.43,19.17,22.59,565,607,465,295,6889
1780436308,2026-06-02 21:38:28,1,60.49,65.52,18.44,23.71,566,614,457,301,6890
1780436608,2026-06-02 21:43:28,1,60.88,65.23,17.43,21.26,569,611,451,286,6891
1780436908,2026-06-02 21:48:28,1,60.6,64.97,18.1,25.15,566,608,455,311,6892
1780437208,2026-06-02 21:53:28,1,60.91,64.86,18.8,21.91,570,606,459,292,6893
1780437508,2026-06-02 21:58:28,1,60.31,65.71,17.62,21.03,565,614,452,286,6894
1780437808,2026-06-02 22:03:28,1,60.59,64.48,18.82,22.87,565,604,460,296,6895
1780438108,2026-06-02 22:08:28,1,60.56,65.71,17.73,25.42,563,613,450,312,6896
1780438408,2026-06-02 22:13:28,1,60.11,66.22,18.68,24.19,561,616,460,308,6897
1780438708,2026-06-02 22:18:28,1,60.52,64.86,18.47,25.41,566,609,455,312,6898
1780439008,2026-06-02 22:23:28,1,60.76,66.29,18.0,27.24,566,616,453,326,6899
1780439308,2026-06-02 22:28:28,1,60.74,65.6,17.54,25.76,567,616,447,317,6900
1780439608,2026-06-02 22:33:28,1,60.27,65.62,17.8,24.94,567,613,453,312,6901
1780439908,2026-06-02 22:38:28,1,60.52,66.63,17.64,24.81,566,620,452,309,6902
1780440208,2026-06-02 22:43:28,1,60.22,65.22,18.13,27.72,563,607,455,327,6903
1780440508,2026-06-02 22:48:28,1,60.64,65.94,18.69,25.46,567,614,461,311,6904
1780440808,2026-06-02 22:53:28,1,60.47,67.05,18.07,29.34,563,621,456,335,6905
1780441108,2026-06-02 22:58:28,1,60.65,66.7,18.14,28.01,566,617,454,327,6906
1780441408,2026-06-02 23:03:28,1,60.38,67.06,17.83,27.27,566,620,452,321,6907
1780441708,2026-06-02 23:08:28,1,60.64,66.35,18.56,27.24,567,617,459,323,6908
1780442008,2026-06-02 23:13:28,1,60.23,67.23,18.72,27.54,564,622,461,325,6909
1780442308,2026-06-02 23:18:28,1,60.52,66.65,17.85,30.68,564,618,451,345,6910
1780442608,2026-06-02 23:23:28,1,60.9,65.62,18.84,32.65,566,613,460,353,6911
1780442908,2026-06-02 23:28:28,1,60.43,66.77,17.95,30.48,563,624,453,343,6912
1780443208,2026-06-02 23:33:28,1,60.26,66.5,18.51,30.99,563,618,458,346,6913
1780443508,2026-06-02 23:38:28,1,60.86,67.15,17.64,32.51,568,626,450,353,6914
1780443808,2026-06-02 23:43:28,1,60.43,66.95,18.04,31.41,565,621,456,347,6915
1780444108,2026-06-02 23:48:28,1,61.04,68.33,18.05,31.42,570,632,454,351,6916
1780444408,2026-06-02 23:53:28,1,60.66,67.04,17.77,34.42,568,624,452,366,6917
1780444708,2026-06-02 23:58:28,1,60.84,68.54,17.55,34.51,568,633,449,365,6918
1780445008,2026-06-03 00:03:28,1,60.54,67.55,18.9,32.44,566,626,463,355,6919
1780445308,2026-06-03 00:08:28,1,60.34,68.19,17.49,32.89,567,632,450,359,6920
1780445608,2026-06-03 00:13:28,1,60.93,67.69,17.32,34.4,567,629,446,364,6921
1780445908,2026-06-03 00:18:28,1,60.35,67.1,17.83,35.44,566,625,453,372,6922
1780446208,2026-06-03 00:23:28,1,60.34,68.77,18.11,30.41,563,633,454,341,6923
1780446508,2026-06-03 00:28:28,1,60.24,67.55,18.14,31.95,567,630,456,352,6924
1780446808,2026-06-03 00:33:28,1,61.08,68.44,17.91,36.73,568,632,454,380,6925
1780447108,2026-06-03 00:38:28,1,60.65,68.23,17.7,32.89,565,632,451,357,6926
1780447408,2026-06-03 00:43:28,1,60.51,69.41,18.93,32.76,565,641,461,355,6927
1780447708,2026-06-03 00:48:28,1,60.43,70.06,18.85,33.93,563,645,460,363,6928
1780448008,2026-06-03 00:53:28,1,60.51,68.22,18.29,35.6,567,630,458,371,6929
1780448308,2026-06-03 00:58:28,1,59.87,68.42,18.14,38.98,563,632,455,393,6930
1780448608,2026-06-03 01:03:28,1,60.76,68.94,18.17,39.95,568,637,457,401,6931
1780448908,2026-06-03 01:08:28,1,61.09,69.24,17.89,35.0,567,639,450,370,6932
1780449208,2026-06-03 01:13:28,1,60.39,67.97,18.34,37.42,563,629,455,386,6933
1780449508,2026-06-03 01:18:28,1,59.87,69.28,17.93,38.67,561,640,452,392,6934
1780449808,2026-06-03 01:23:28,1,61.04,68.66,18.72,39.58,567,634,459,400,6935
1780450108,2026-06-03 01:28:28,1,60.78,68.44,18.81,37.95,566,634,463,389,6936
1780450408,2026-06-03 01:33:28,1,60.96,69.12,19.2,37.19,567,637,463,381,6937
1780450708,2026-06-03 01:38:28,1,60.85,69.5,18.85,39.39,565,642,462,397,6938
1780451008,2026-06-03 01:43:28,1,60.6,68.04,18.6,40.78,566,627,460,405,6939
1780451308,2026-06-03 01:48:28,1,60.97,69.68,18.82,38.17,567,644,457,387,6940
1780451608,2026-06-03 01:53:28,1,60.95,69.43,18.4,38.78,568,642,454,391,6941
1780451908,2026-06-03 01:58:28,1,60.72,69.81,19.15,38.65,565,644,465,391,6942
1780452208,2026-06-03 02:03:28,1,60.93,70.37,18.5,41.39,569,646,457,408,6943
1780452508,2026-06-03 02:08:28,1,60.8,70.34,18.75,40.44,566,644,459,403,6944
1780452808,2026-06-03 02:13:28,1,60.76,69.32,19.02,40.32,566,642,463,402,6945
1780453108,2026-06-03 02:18:28,1,60.96,69.21,18.2,41.82,566,636,455,409,6946
1780453408,2026-06-03 02:23:28,1,61.12,68.53,19.28,42.36,568,631,464,413,6947
1780453708,2026-06-03 02:28:28,1,60.77,69.89,19.38,42.4,568,643,464,411,6948
1780454008,2026-06-03 02:33:28,1,61.43,69.38,19.44,40.92,571,640,466,403,6949
1780454308,2026-06-03 02:38:28,1,60.71,69.21,19.58,42.31,566,638,463,415,6950
1780454608,2026-06-03 02:43:28,1,60.72,70.06,19.58,40.59,568,643,465,402,6951
1780454908,2026-06-03 02:48:28,1,61.26,69.08,18.8,41.45,571,637,461,409,6952
1780455208,2026-06-03 02:53:28,1,61.08,69.05,20.19,44.53,571,637,471,427,6953
1780455508,2026-06-03 02:58:28,1,61.1,70.3,19.41,40.78,568,646,466,405,6954
1780455808,2026-06-03 03:03:28,1,61.14,69.02,19.3,40.82,568,632,461,407,6955
1780456108,2026-06-03 03:08:28,1,61.2,69.52,19.6,41.17,569,645,466,408,6956
1780456408,2026-06-03 03:13:28,1,60.95,69.58,19.79,41.06,569,643,469,405,6957
1780456708,2026-06-03 03:18:28,1,61.67,69.58,19.64,45.34,572,640,467,434,6958
1780457008,2026-06-03 03:23:28,1,61.32,69.19,19.62,43.05,571,640,467,419,6959
1780457308,2026-06-03 03:28:28,1,61.21,69.06,20.0,42.6,571,638,469,415,6960
1780457608,2026-06-03 03:33:28,1,61.0,68.23,20.73,42.33,570,635,476,413,6961
1780457908,2026-06-03 03:38:28,1,61.25,68.55,19.95,40.13,569,635,469,402,6962
1780458208,2026-06-03 03:43:28,1,61.56,69.45,19.8,41.72,572,642,464,408,6963
1780458508,2026-06-03 03:48:28,1,61.02,68.93,20.22,44.49,571,639,471,427,6964
1780458808,2026-06-03 03:53:28,1,61.15,68.66,20.26,43.14,568,636,474,416,6965
1780459108,2026-06-03 03:58:28,1,61.45,69.62,20.26,42.32,573,642,472,415,6966
1780459408,2026-06-03 04:03:28,1,61.9,69.54,19.81,41.94,576,642,470,412,6967
1780459708,2026-06-03 04:08:28,1,61.37,68.28,20.2,43.6,570,632,472,421,6968
1780460008,2026-06-03 04:13:28,1,61.06,69.08,20.33,40.35,567,635,474,403,6969
1780460308,2026-06-03 04:18:28,1,62.06,69.09,20.06,40.14,573,640,470,400,6970
1780460608,2026-06-03 04:23:28,1,61.92,68.14,20.01,42.5,572,629,470,415,6971
1780460908,2026-06-03 04:28:28,1,61.71,68.5,20.26,41.41,571,629,471,407,6972
1780461208,2026-06-03 04:33:28,1,61.73,67.93,20.27,40.22,571,630,474,401,6973
1780461508,2026-06-03 04:38:28,1,61.98,67.95,20.97,39.98,574,628,476,400,6974
1780461808,2026-06-03 04:43:28,1,60.93,67.74,20.98,40.22,563,630,478,400,6975
1780462108,2026-06-03 04:48:28,1,62.23,68.38,21.44,39.86,575,635,479,400,6976
1780462408,2026-06-03 04:53:28,1,62.19,67.24,20.74,43.55,576,624,474,422,6977
1780462708,2026-06-03 04:58:28,1,61.96,67.82,20.88,39.0,570,631,477,392,6978
1780463008,2026-06-03 05:03:28,1,62.07,67.9,21.39,40.61,575,627,476,404,6979
1780463308,2026-06-03 05:08:28,1,61.81,66.26,21.34,39.09,574,616,480,394,6980
1780463608,2026-06-03 05:13:28,1,61.94,66.74,21.91,36.74,575,620,485,381,6981
1780463908,2026-06-03 05:18:28,1,61.97,66.74,21.84,39.87,575,618,485,400,6982
1780464208,2026-06-03 05:23:28,1,61.88,66.36,21.26,40.38,571,618,479,402,6983
1780464508,2026-06-03 05:28:28,1,61.69,67.05,21.96,36.81,570,624,483,380,6984
1780464808,2026-06-03 05:33:28,1,62.37,67.33,21.4,40.47,576,625,479,405,6985
1780465108,2026-06-03 05:38:28,1,62.37,65.84,22.17,36.65,575,613,489,381,6986
1780465408,2026-06-03 05:43:28,1,62.27,65.81,21.21,36.99,577,613,480,381,6987
1780465708,2026-06-03 05:48:28,1,62.21,65.96,22.46,35.18,576,613,491,371,6988
1780466008,2026-06-03 05:53:28,1,62.67,67.67,21.54,35.92,576,628,481,377,6989
1780466308,2026-06-03 05:58:28,1,62.94,66.59,21.98,35.12,581,620,484,369,6990
1780466608,2026-06-03 06:03:28,1,62.04,66.18,21.64,36.72,573,619,484,377,6991
1780466908,2026-06-03 06:08:28,1,62.28,65.84,22.0,34.88,575,614,485,368,6992
1780467208,2026-06-03 06:13:28,1,62.06,65.96,22.81,38.28,576,612,493,388,6993
1780467508,2026-06-03 06:18:28,1,62.44,65.98,21.96,35.39,576,615,486,373,6994
1780467808,2026-06-03 06:23:28,1,62.4,67.14,21.88,34.94,577,624,484,368,6995
1780468108,2026-06-03 06:28:28,1,62.2,65.78,22.12,35.02,574,612,486,370,6996
1780468408,2026-06-03 06:33:28,1,62.47,65.25,22.46,34.86,578,612,490,367,6997
1780468708,2026-06-03 06:38:28,1,62.85,67.17,22.36,34.06,580,624,488,366,6998
1780469008,2026-06-03 06:43:28,1,62.77,66.0,22.72,30.66,581,615,488,347,6999
1780469308,2026-06-03 06:48:28,1,62.87,65.82,22.08,35.0,577,611,490,368,7000
1780469608,2026-06-03 06:53:28,1,62.94,64.37,22.71,31.88,578,601,490,355,7001
1780469908,2026-06-03 06:58:28,1,63.11,64.97,22.96,31.94,579,609,492,352,7002
1780470208,2026-06-03 07:03:28,1,62.78,65.42,22.51,30.56,582,616,487,342,7003
1780470508,2026-06-03 07:08:28,1,63.34,64.31,23.04,30.42,580,601,493,342,7004
1780470808,2026-06-03 07:13:28,1,62.84,65.62,22.75,31.14,577,612,491,348,7005
1780471108,2026-06-03 07:18:28,1,62.63,64.67,23.39,32.38,575,602,494,355,7006
1780471408,2026-06-03 07:23:28,1,62.95,63.79,23.18,31.06,579,597,493,346,7007
1780471708,2026-06-03 07:28:28,1,63.1,64.79,23.12,29.83,579,602,493,340,7008
1780472008,2026-06-03 07:33:28,1,62.29,65.2,23.75,30.78,576,610,498,345,7009
1780472308,2026-06-03 07:38:28,1,62.66,63.8,23.21,26.95,576,600,494,322,7010
1780472608,2026-06-03 07:43:28,1,62.76,65.01,23.44,28.08,577,610,498,328,7011
1780472908,2026-06-03 07:48:28,1,63.06,65.09,23.4,29.6,580,605,497,337,7012
1780473208,2026-06-03 07:53:28,1,63.31,64.14,23.49,26.09,582,604,497,317,7013
1780473508,2026-06-03 07:58:28,1,62.67,64.81,23.59,29.59,575,603,497,335,7014
1780473808,2026-06-03 08:03:28,1,63.17,64.2,23.53,29.03,582,602,498,333,7015
1780474108,2026-06-03 08:08:28,1,63.16,63.81,23.39,27.05,578,599,499,324,7016
1780474408,2026-06-03 08:13:28,1,63.05,65.36,23.42,27.62,580,611,497,326,7017
1780474708,2026-06-03 08:18:28,1,63.1,64.36,24.33,25.3,578,602,505,308,7018
1780475008,2026-06-03 08:23:28,1,63.27,64.17,24.14,24.64,581,599,502,306,7019
1780475308,2026-06-03 08:28:28,1,63.04,64.53,24.09,24.96,580,603,501,309,7020
1780475608,2026-06-03 08:33:28,1,63.41,65.12,23.65,23.02,582,607,499,299,7021
1780475908,2026-06-03 08:38:28,1,63.81,64.56,24.31,25.54,584,606,505,314,7022
1780476208,2026-06-03 08:43:28,1,63.14,64.76,24.39,23.14,580,607,504,299,7023
1780476508,2026-06-03 08:48:28,1,63.19,64.12,23.61,22.36,580,602,500,294,7024
1780476808,2026-06-03 08:53:28,1,63.22,65.01,24.25,19.54,582,607,502,277,7025
1780477108,2026-06-03 08:58:28,1,63.56,65.55,24.88,22.78,581,609,511,296,7026
1780477408,2026-06-03 09:03:28,1,63.28,63.96,24.38,26.81,584,601,505,318,7027
1780477708,2026-06-03 09:08:28,1,63.46,64.08,24.29,23.65,584,602,504,302,7028
1780478008,2026-06-03 09:13:28,1,63.72,64.43,24.89,20.19,584,605,507,281,7029
1780478308,2026-06-03 09:18:28,1,63.66,64.33,24.12,20.86,582,601,503,282,7030
1780478608,2026-06-03 09:23:28,1,63.56,65.02,24.26,18.77,584,610,503,270,7031
1780478908,2026-06-03 09:28:28,1,63.6,64.83,24.6,20.83,582,605,505,283,7032
1780479208,2026-06-03 09:33:28,1,63.39,64.91,24.45,23.46,582,608,504,299,7033
1780479508,2026-06-03 09:38:28,1,63.85,65.05,24.74,24.46,586,611,508,307,7034
1780479808,2026-06-03 09:43:28,1,63.26,65.36,23.85,21.3,578,614,501,288,7035
1780480108,2026-06-03 09:48:28,1,63.74,64.61,25.18,18.49,582,605,513,271,7036
1780480408,2026-06-03 09:53:28,1,63.81,64.42,24.62,18.0,583,604,506,268,7037
1780480708,2026-06-03 09:58:28,1,63.54,65.15,24.21,21.34,579,610,503,288,7038
1780481008,2026-06-03 10:03:28,1,63.92,65.24,24.81,23.0,584,610,509,300,7039
1780481308,2026-06-03 10:08:28,1,63.31,65.65,24.92,21.2,584,611,510,287,7040
1780481608,2026-06-03 10:13:28,1,63.91,65.19,24.34,18.0,586,609,503,266,7041
1780481908,2026-06-03 10:18:28,1,63.71,66.1,25.16,19.66,584,617,510,282,7042
1780482208,2026-06-03 10:23:28,1,63.08,65.99,24.72,19.32,582,615,507,278,7043
1780482508,2026-06-03 10:28:28,1,63.59,64.94,25.23,20.03,585,609,512,279,7044
1780482808,2026-06-03 10:33:28,1,63.38,65.87,24.62,18.0,583,615,507,269,7045
1780483108,2026-06-03 10:38:28,1,63.74,66.09,24.87,18.0,583,615,508,269,7046
1780483408,2026-06-03 10:43:28,1,63.73,65.72,25.63,18.68,583,611,515,270,7047
1780483708,2026-06-03 10:48:28,1,63.45,65.43,23.79,18.14,584,608,499,269,7048
1780484008,2026-06-03 10:53:28,1,64.1,66.31,24.99,18.0,586,616,509,268,7049
1780484308,2026-06-03 10:58:28,1,63.68,67.94,25.37,18.0,583,626,513,266,7050
1780484608,2026-06-03 11:03:28,1,64.04,66.57,25.74,18.0,585,619,515,265,7051
1780484908,2026-06-03 11:08:28,1,63.65,66.08,24.56,18.63,581,617,507,269,7052
1780485208,2026-06-03 11:13:28,1,63.93,67.1,25.17,19.24,584,622,512,276,7053
1780485508,2026-06-03 11:18:28,1,63.76,66.81,25.01,18.0,583,624,511,267,7054
1780485808,2026-06-03 11:23:28,1,63.9,66.89,25.3,19.64,583,625,511,279,7055
1780486108,2026-06-03 11:28:28,1,64.0,66.65,25.25,18.2,585,622,511,269,7056
1780486408,2026-06-03 11:33:28,1,63.33,68.04,25.32,18.25,581,631,512,269,7057
1780486708,2026-06-03 11:38:28,1,63.82,67.15,24.5,18.0,586,622,504,268,7058
1780487008,2026-06-03 11:43:28,1,63.95,67.02,25.33,18.07,583,624,511,269,7059
1780487308,2026-06-03 11:48:28,1,63.56,66.34,25.14,18.0,582,616,511,271,7060
1780487608,2026-06-03 11:53:28,1,63.89,67.27,24.78,18.44,584,622,508,267,7061
1780487908,2026-06-03 11:58:28,1,63.85,67.63,24.48,18.0,584,627,506,269,7062
1780488208,2026-06-03 12:03:28,1,63.17,68.05,25.28,18.0,582,634,509,266,7063
1780488508,2026-06-03 12:08:28,1,63.75,67.39,24.9,18.0,583,626,509,267,7064
1780488808,2026-06-03 12:13:28,1,63.07,67.16,25.35,19.93,579,627,514,278,7065
1780489108,2026-06-03 12:18:28,1,64.25,68.9,24.76,19.1,589,637,510,271,7066
1780489408,2026-06-03 12:23:28,1,63.84,67.04,24.48,19.53,587,619,505,281,7067
1780489708,2026-06-03 12:28:28,1,63.57,68.18,24.69,19.24,582,630,505,275,7068
1780490008,2026-06-03 12:33:28,1,63.9,69.55,24.75,18.03,585,641,508,268,7069
1780490308,2026-06-03 12:38:28,1,64.47,67.75,24.42,18.0,587,628,508,268,7070
1780490608,2026-06-03 12:43:28,1,63.67,68.32,25.15,18.0,584,632,510,268,7071
1780490908,2026-06-03 12:48:28,1,63.5,69.11,24.88,19.03,578,642,507,272,7072
1780491208,2026-06-03 12:53:28,1,63.58,68.51,25.2,21.62,583,633,512,288,7073
1780491508,2026-06-03 12:58:28,1,63.32,69.41,24.49,18.96,582,639,505,272,7074
1780491808,2026-06-03 13:03:28,1,63.04,68.77,24.51,20.42,578,635,505,282,7075
1780492108,2026-06-03 13:08:28,1,63.35,67.83,24.7,21.93,580,625,508,289,7076
1780492408,2026-06-03 13:13:28,1,63.66,70.11,24.37,21.37,584,643,504,288,7077
1780492708,2026-06-03 13:18:28,1,63.79,69.3,25.46,22.3,585,640,515,292,7078
1780493008,2026-06-03 13:23:28,1,63.68,69.16,24.69,19.61,583,639,508,277,7079
1780493308,2026-06-03 13:28:28,1,63.62,69.28,24.44,18.0,583,640,507,268,7080
1780493608,2026-06-03 13:33:28,1,63.69,68.9,25.05,22.58,584,639,509,296,7081
1780493908,2026-06-03 13:38:28,1,63.79,68.9,24.84,21.72,585,637,511,290,7082
1780494208,2026-06-03 13:43:28,1,63.51,69.36,24.56,23.39,580,635,505,299,7083
1780494508,2026-06-03 13:48:28,1,63.32,69.8,24.75,23.19,582,647,506,299,7084
1780494808,2026-06-03 13:53:28,1,63.48,68.69,24.15,22.59,580,639,503,293,7085
1780495108,2026-06-03 13:58:28,1,63.69,69.08,23.7,23.01,583,638,497,297,7086
1780495408,2026-06-03 14:03:28,1,63.35,68.68,23.88,25.76,581,634,501,313,7087
1780495708,2026-06-03 14:08:28,1,63.33,71.61,23.75,25.87,580,657,500,315,7088
1780496008,2026-06-03 14:13:28,1,63.7,69.77,24.31,26.05,584,643,505,317,7089
1780496308,2026-06-03 14:18:28,1,63.31,70.05,24.44,25.6,581,641,503,315,7090
1780496608,2026-06-03 14:23:28,1,63.3,69.49,23.77,26.11,581,640,500,316,7091
1780496908,2026-06-03 14:28:28,1,63.71,69.12,24.1,26.53,585,639,502,319,7092
1780497208,2026-06-03 14:33:28,1,63.47,70.38,24.67,24.07,581,645,507,303,7093
1780497508,2026-06-03 14:38:28,1,63.43,70.04,23.99,24.36,579,647,498,307,7094
1780497808,2026-06-03 14:43:28,1,63.41,68.45,23.57,27.37,583,634,494,325,7095
1780498108,2026-06-03 14:48:28,1,63.46,68.97,23.63,24.46,580,640,499,308,7096
1780498408,2026-06-03 14:53:28,1,63.53,69.25,23.15,26.95,583,638,495,318,7097
1780498708,2026-06-03 14:58:28,1,63.79,70.64,23.37,28.85,582,647,492,333,7098
1780499008,2026-06-03 15:03:28,1,63.78,69.99,23.93,27.17,582,644,502,322,7099
1780499308,2026-06-03 15:08:28,1,63.14,69.82,24.27,26.81,581,643,503,320,7100
1780499608,2026-06-03 15:13:28,1,63.35,69.56,23.83,27.85,580,639,500,327,7101
1780499908,2026-06-03 15:18:28,1,63.1,68.79,23.37,28.28,579,635,495,330,7102
1780500208,2026-06-03 15:23:28,1,62.83,69.76,23.58,31.28,583,638,498,346,7103
1780500508,2026-06-03 15:28:28,1,63.13,69.89,23.01,28.03,580,642,494,327,7104
1780500808,2026-06-03 15:33:28,1,63.15,69.67,23.44,29.48,582,644,496,337,7105
1780501108,2026-06-03 15:38:28,1,63.32,68.61,23.35,28.37,579,634,498,331,7106
1780501408,2026-06-03 15:43:28,1,62.86,68.92,23.27,32.16,579,636,498,353,7107
1780501708,2026-06-03 15:48:28,1,63.06,70.23,22.74,31.8,578,643,494,350,7108
1780502008,2026-06-03 15:53:28,1,63.13,68.92,23.14,30.22,579,636,493,340,7109
1780502308,2026-06-03 15:58:28,1,62.69,68.9,22.97,34.6,574,635,493,370,7110
1780502608,2026-06-03 16:03:28,1,62.97,69.94,23.05,31.05,578,647,494,348,7111
1780502908,2026-06-03 16:08:28,1,62.91,69.17,22.61,32.54,578,637,491,356,7112
1780503208,2026-06-03 16:13:28,1,62.69,68.38,22.76,33.39,578,633,491,357,7113
1780503508,2026-06-03 16:18:28,1,62.66,69.23,22.55,33.36,577,637,490,360,7114
1780503808,2026-06-03 16:23:28,1,63.05,67.99,22.56,34.17,578,629,489,362,7115
1780504108,2026-06-03 16:28:28,1,62.53,67.74,22.47,37.1,576,630,489,379,7116
1780504408,2026-06-03 16:33:28,1,62.68,68.4,22.12,35.03,580,631,485,368,7117
1780504708,2026-06-03 16:38:28,1,62.68,68.22,21.84,34.86,580,630,481,371,7118
1780505008,2026-06-03 16:43:28,1,62.45,67.5,22.23,32.92,576,626,486,358,7119
1780505308,2026-06-03 16:48:28,1,62.95,67.17,22.87,35.37,579,622,491,376,7120
1780505608,2026-06-03 16:53:28,1,62.77,68.05,22.45,35.37,576,630,491,371,7121
1780505908,2026-06-03 16:58:28,1,62.39,68.31,21.87,37.25,576,629,486,383,7122
1780506208,2026-06-03 17:03:28,1,62.5,67.45,22.9,35.62,577,628,493,372,7123
1780506508,2026-06-03 17:08:28,1,62.43,68.44,22.04,34.88,576,634,485,371,7124
1780506808,2026-06-03 17:13:28,1,62.28,67.24,21.84,37.86,575,622,482,386,7125
1780507108,2026-06-03 17:18:28,1,62.96,67.1,21.52,37.96,580,625,482,388,7126
1780507408,2026-06-03 17:23:28,1,62.43,66.24,21.62,38.03,578,614,482,389,7127
1780507708,2026-06-03 17:28:28,1,62.23,68.21,21.5,37.01,578,629,480,383,7128
1780508008,2026-06-03 17:33:28,1,62.07,67.33,21.75,43.36,575,626,484,420,7129
1780508308,2026-06-03 17:38:28,1,62.17,66.58,21.62,39.12,573,616,480,392,7130
1780508608,2026-06-03 17:43:28,1,62.17,67.14,21.59,38.62,576,620,483,391,7131
1780508908,2026-06-03 17:48:28,1,62.09,66.48,21.61,40.98,573,620,481,405,7132
1780509208,2026-06-03 17:53:28,1,62.14,66.23,20.92,39.38,573,616,477,393,7133
1780509508,2026-06-03 17:58:28,1,62.42,66.84,21.21,38.69,576,625,479,392,7134
1780509808,2026-06-03 18:03:28,1,62.15,66.12,20.91,41.2,573,614,477,408,7135
1780510108,2026-06-03 18:08:28,1,62.7,66.15,20.61,40.66,579,614,475,405,7136
1780510408,2026-06-03 18:13:28,1,62.5,65.98,20.83,40.42,576,613,476,404,7137
1780510708,2026-06-03 18:18:28,1,61.8,65.45,20.74,40.84,572,608,472,403,7138
1780511008,2026-06-03 18:23:28,1,61.79,66.62,20.5,40.95,571,621,474,406,7139
1780511308,2026-06-03 18:28:28,1,62.46,65.56,20.07,41.66,578,610,471,408,7140
1780511608,2026-06-03 18:33:28,1,61.75,64.21,20.45,40.65,571,603,471,403,7141
1780511908,2026-06-03 18:38:28,1,61.69,65.12,20.57,41.83,573,611,472,410,7142
1780512208,2026-06-03 18:43:28,1,61.87,65.26,19.95,41.25,572,612,468,406,7143
1780512508,2026-06-03 18:48:28,1,61.68,66.35,20.51,38.86,572,620,473,394,7144
1780512808,2026-06-03 18:53:28,1,61.95,65.78,20.64,43.6,573,612,475,420,7145
1780513108,2026-06-03 18:58:28,1,62.2,65.25,20.11,45.51,574,610,471,431,7146
1780513408,2026-06-03 19:03:28,1,62.08,65.03,19.9,42.34,573,608,470,412,7147
1780513708,2026-06-03 19:08:28,1,61.37,64.89,20.62,39.68,569,606,474,398,7148
1780514008,2026-06-03 19:13:28,1,61.91,65.28,20.11,40.34,574,613,471,400,7149
1780514308,2026-06-03 19:18:28,1,61.83,65.08,20.45,41.99,572,607,473,410,7150
1780514608,2026-06-03 19:23:28,1,62.11,65.16,20.5,41.62,574,607,474,408,7151
1780514908,2026-06-03 19:28:28,1,61.65,64.39,19.54,40.23,570,601,464,401,7152
1780515208,2026-06-03 19:33:28,1,61.67,64.45,19.79,42.16,571,606,468,412,7153
1780515508,2026-06-03 19:38:28,1,61.45,64.95,19.81,40.51,570,605,469,401,7154
1780515808,2026-06-03 19:43:28,1,61.76,65.33,20.03,42.57,573,609,471,416,7155
1780516108,2026-06-03 19:48:28,1,61.14,64.09,19.58,41.52,569,601,470,407,7156
1780516408,2026-06-03 19:53:28,1,61.75,64.89,19.64,41.46,569,603,468,410,7157
1780516708,2026-06-03 19:58:28,1,61.63,63.39,18.98,42.46,569,597,465,410,7158
1780517008,2026-06-03 20:03:28,1,61.63,64.66,19.98,40.08,574,604,469,399,7159
1780517308,2026-06-03 20:08:28,1,61.47,64.85,19.21,41.32,572,606,463,407,7160
1780517608,2026-06-03 20:13:28,1,61.34,64.18,19.15,39.9,570,604,464,398,7161
1780517908,2026-06-03 20:18:28,1,61.84,64.25,18.93,42.41,574,600,459,412,7162
1780518208,2026-06-03 20:23:28,1,61.42,63.98,19.51,40.85,572,599,466,403,7163
1780518508,2026-06-03 20:28:28,1,61.39,65.49,19.49,41.72,568,607,466,409,7164
1780518808,2026-06-03 20:33:28,1,61.71,64.58,18.57,42.33,574,603,460,414,7165
1780519108,2026-06-03 20:38:28,1,61.31,64.09,19.24,38.88,567,603,462,393,7166
1780519408,2026-06-03 20:43:28,1,61.43,64.39,18.78,41.38,570,602,458,407,7167
1780519708,2026-06-03 20:48:28,1,61.49,64.04,18.62,40.63,571,603,461,405,7168
1780520008,2026-06-03 20:53:28,1,61.43,64.82,18.47,40.89,571,604,456,404,7169
1780520308,2026-06-03 20:58:28,1,60.64,63.86,18.79,39.96,568,598,457,400,7170
1780520608,2026-06-03 21:03:28,1,61.09,64.52,18.91,38.39,568,606,461,389,7171
1780520908,2026-06-03 21:08:28,1,60.99,65.59,19.25,39.19,569,610,462,395,7172
1780521208,2026-06-03 21:13:28,1,61.14,63.93,18.24,36.78,568,603,459,380,7173
1780521508,2026-06-03 21:18:28,1,61.21,65.39,19.07,39.75,571,609,461,397,7174
1780521808,2026-06-03 21:23:28,1,60.83,65.12,19.59,38.43,566,609,466,390,7175
1780522108,2026-06-03 21:28:28,1,61.03,64.23,18.97,39.68,572,599,460,399,7176
1780522408,2026-06-03 21:33:28,1,61.43,65.89,17.98,39.35,571,615,452,396,7177
1780522708,2026-06-03 21:38:28,1,61.15,65.14,18.87,36.73,569,606,459,380,7178
1780523008,2026-06-03 21:43:28,1,61.22,65.32,17.86,37.5,569,608,454,385,7179
1780523308,2026-06-03 21:48:28,1,61.71,65.29,17.99,34.71,574,613,453,368,7180
1780523608,2026-06-03 21:53:28,1,60.83,65.09,18.43,36.66,568,607,455,376,7181
1780523908,2026-06-03 21:58:28,1,60.72,64.13,18.39,35.09,568,601,456,369,7182
1780524208,2026-06-03 22:03:28,1,60.78,65.65,18.02,35.79,565,611,456,375,7183
1780524508,2026-06-03 22:08:28,1,61.4,65.98,17.9,36.91,571,614,453,380,7184
1780524808,2026-06-03 22:13:28,1,61.1,64.86,17.86,37.13,569,603,453,383,7185
1780525108,2026-06-03 22:18:28,1,61.03,64.83,18.19,37.87,564,602,456,389,7186
1780525408,2026-06-03 22:23:28,1,61.26,65.75,17.89,35.06,571,613,453,371,7187
1780525708,2026-06-03 22:28:28,1,61.23,66.0,17.58,33.74,569,615,452,363,7188
1780526008,2026-06-03 22:33:28,1,61.23,65.06,18.05,35.75,573,605,454,375,7189
1780526308,2026-06-03 22:38:28,1,61.01,66.7,18.33,36.39,570,620,456,376,7190
1780526608,2026-06-03 22:43:28,1,61.1,65.77,17.82,34.72,569,614,454,368,7191
1780526908,2026-06-03 22:48:28,1,60.81,65.89,17.92,34.08,566,613,454,363,7192
1780527208,2026-06-03 22:53:28,1,61.02,65.75,18.63,31.71,567,614,459,349,7193
1780527508,2026-06-03 22:58:28,1,60.95,66.68,18.11,30.2,567,618,451,340,7194
1780527808,2026-06-03 23:03:28,1,60.99,66.45,18.12,32.12,566,618,455,354,7195
1780528108,2026-06-03 23:08:28,1,60.77,66.31,18.26,33.96,565,617,455,362,7196
1780528408,2026-06-03 23:13:28,1,60.93,67.36,17.83,30.56,567,622,452,342,7197
1780528708,2026-06-03 23:18:28,1,61.13,66.88,17.39,30.91,570,620,451,347,7198
1780529008,2026-06-03 23:23:28,1,61.26,67.04,17.84,28.37,571,624,450,329,7199
1780529308,2026-06-03 23:28:28,1,61.02,67.15,17.82,27.79,567,625,454,327,7200
1780529608,2026-06-03 23:33:28,1,61.09,67.54,18.26,30.19,567,625,457,339,7201
1780529908,2026-06-03 23:38:28,1,60.99,66.63,17.99,31.45,568,622,454,347,7202
1780530208,2026-06-03 23:43:28,1,61.06,67.19,17.25,28.99,568,624,448,330,7203
1780530508,2026-06-03 23:48:28,1,60.69,67.74,18.28,26.82,565,627,456,321,7204
1780530808,2026-06-03 23:53:28,1,60.76,67.23,18.27,29.42,570,620,456,334,7205
1780531108,2026-06-03 23:58:28,1,60.65,67.77,17.59,27.87,567,628,450,328,7206
1780531408,2026-06-04 00:03:28,1,61.25,68.17,18.16,29.47,569,634,455,337,7207
1780531708,2026-06-04 00:08:28,1,60.62,69.17,17.44,25.0,565,638,448,308,7208
1780532008,2026-06-04 00:13:28,1,61.1,68.84,18.57,27.31,566,639,459,322,7209
1780532308,2026-06-04 00:18:28,1,61.4,68.45,18.26,26.21,569,633,455,320,7210
1780532608,2026-06-04 00:23:28,1,61.01,69.11,18.9,26.86,570,637,463,322,7211
1780532908,2026-06-04 00:28:28,1,61.43,67.07,18.08,25.07,570,621,454,311,7212
1780533208,2026-06-04 00:33:28,1,61.19,68.69,18.6,27.55,568,636,456,327,7213
1780533508,2026-06-04 00:38:28,1,61.17,69.21,18.32,25.86,569,639,456,315,7214
1780533808,2026-06-04 00:43:28,1,60.84,68.68,18.52,24.0,565,628,457,304,7215
1780534108,2026-06-04 00:48:28,1,61.22,68.97,18.24,22.07,571,637,456,291,7216
1780534408,2026-06-04 00:53:28,1,60.86,68.6,18.49,23.9,566,633,459,305,7217
1780534708,2026-06-04 00:58:28,1,60.62,69.09,18.23,22.24,567,638,454,291,7218
1780535008,2026-06-04 01:03:28,1,61.08,68.9,18.1,24.26,568,633,454,304,7219
1780535308,2026-06-04 01:08:28,1,60.85,68.51,18.46,23.91,567,632,457,301,7220
1780535608,2026-06-04 01:13:28,1,61.37,68.87,18.89,21.83,572,638,458,289,7221
1780535908,2026-06-04 01:18:28,1,60.91,70.13,18.45,23.79,568,651,458,305,7222
1780536208,2026-06-04 01:23:28,1,61.32,69.17,18.1,23.44,568,640,453,299,7223
1780536508,2026-06-04 01:28:28,1,61.06,68.33,18.82,22.65,569,633,458,297,7224
1780536808,2026-06-04 01:33:28,1,61.05,68.9,18.53,19.46,570,636,460,277,7225
1780537108,2026-06-04 01:38:28,1,61.18,69.29,18.99,22.02,570,641,461,292,7226
1780537408,2026-06-04 01:43:28,1,61.28,69.52,19.42,19.73,569,639,465,280,7227
1780537708,2026-06-04 01:48:28,1,60.69,68.57,18.89,22.67,568,635,463,296,7228
1780538008,2026-06-04 01:53:28,1,61.52,68.94,18.65,19.03,571,638,459,274,7229
1780538308,2026-06-04 01:58:28,1,61.22,70.04,18.29,22.58,569,643,456,296,7230
1780538608,2026-06-04 02:03:28,1,61.3,68.82,19.15,20.91,570,634,462,284,7231
1780538908,2026-06-04 02:08:28,1,60.85,69.07,18.64,18.1,565,640,459,268,7232
1780539208,2026-06-04 02:13:28,1,61.07,69.38,18.55,18.0,569,639,457,267,7233
1780539508,2026-06-04 02:18:28,1,61.16,69.56,19.05,18.0,572,639,460,269,7234
1780539808,2026-06-04 02:23:28,1,61.33,69.46,18.31,19.18,570,639,455,274,7235
1780540108,2026-06-04 02:28:28,1,61.46,70.04,19.21,18.0,571,643,463,267,7236
1780540408,2026-06-04 02:33:28,1,61.61,69.3,18.93,18.0,572,636,462,268,7237
1780540708,2026-06-04 02:38:28,1,61.71,69.73,19.18,18.21,570,642,464,267,7238
1780541008,2026-06-04 02:43:28,1,61.47,68.97,19.74,18.75,572,635,468,272,7239
1780541308,2026-06-04 02:48:28,1,61.23,69.83,19.59,18.0,568,640,466,266,7240
1780541608,2026-06-04 02:53:28,1,61.52,68.74,19.2,20.37,572,633,462,280,7241
1780541908,2026-06-04 02:58:28,1,61.68,69.29,18.98,18.49,575,639,461,273,7242
1780542208,2026-06-04 03:03:28,1,61.58,68.51,19.13,19.14,571,632,461,275,7243
1780542508,2026-06-04 03:08:28,1,61.3,69.18,19.55,19.08,573,640,467,274,7244
1780542808,2026-06-04 03:13:28,1,61.36,70.04,19.39,18.0,569,643,465,270,7245
1780543108,2026-06-04 03:18:28,1,61.81,68.91,19.98,18.0,570,634,470,269,7246
1780543408,2026-06-04 03:23:28,1,61.64,69.15,19.96,18.09,570,637,470,266,7247
1780543708,2026-06-04 03:28:28,1,61.91,68.13,19.76,19.18,574,632,468,276,7248
1780544008,2026-06-04 03:33:28,1,61.57,69.97,20.4,19.24,571,644,472,276,7249
1780544308,2026-06-04 03:38:28,1,61.29,68.85,19.94,18.05,569,638,468,267,7250
1780544608,2026-06-04 03:43:28,1,61.7,69.45,19.46,18.1,575,642,465,271,7251
1780544908,2026-06-04 03:48:28,1,61.66,69.65,19.51,18.66,573,640,469,272,7252
1780545208,2026-06-04 03:53:28,1,61.78,68.65,19.9,18.25,572,632,471,269,7253
1780545508,2026-06-04 03:58:28,1,62.38,67.8,19.6,18.0,576,627,467,267,7254
1780545808,2026-06-04 04:03:28,1,61.71,68.02,20.16,18.74,572,630,473,274,7255
1780546108,2026-06-04 04:08:28,1,62.27,68.38,20.52,18.89,578,631,474,271,7256
1780546408,2026-06-04 04:13:28,1,61.78,66.89,20.35,19.17,570,617,473,275,7257
1780546708,2026-06-04 04:18:28,1,61.74,67.93,20.13,20.99,571,628,471,288,7258
1780547008,2026-06-04 04:23:28,1,62.21,67.75,20.24,18.0,574,625,473,267,7259
1780547308,2026-06-04 04:28:28,1,62.17,68.24,20.98,19.28,578,629,480,275,7260
1780547608,2026-06-04 04:33:28,1,61.93,67.74,21.3,19.06,572,629,481,275,7261
1780547908,2026-06-04 04:38:28,1,61.99,68.53,20.39,21.45,573,632,473,287,7262
1780548208,2026-06-04 04:43:28,1,61.84,66.63,21.1,19.82,574,621,480,277,7263
1780548508,2026-06-04 04:48:28,1,62.27,68.72,21.06,18.79,575,637,478,274,7264
1780548808,2026-06-04 04:53:28,1,62.78,69.22,20.86,18.0,578,635,477,270,7265
1780549108,2026-06-04 04:58:28,1,62.44,66.43,21.14,20.11,574,618,479,280,7266
1780549408,2026-06-04 05:03:28,1,62.47,68.39,21.15,20.88,577,631,477,282,7267
1780549708,2026-06-04 05:08:28,1,62.72,66.94,22.46,18.93,578,617,490,274,7268
1780550008,2026-06-04 05:13:28,1,62.32,67.89,22.01,20.42,576,629,487,281,7269
1780550308,2026-06-04 05:18:28,1,62.5,67.94,21.49,24.18,577,634,482,305,7270
1780550608,2026-06-04 05:23:28,1,62.46,67.38,21.34,19.33,577,625,483,277,7271
1780550908,2026-06-04 05:28:28,1,61.9,67.31,21.65,21.8,573,624,483,289,7272
1780551208,2026-06-04 05:33:28,1,62.39,65.83,21.58,22.69,575,612,480,297,7273
1780551508,2026-06-04 05:38:28,1,62.54,67.6,21.73,22.02,576,629,484,294,7274
1780551808,2026-06-04 05:43:28,1,62.67,66.59,22.27,22.5,580,620,487,296,7275
1780552108,2026-06-04 05:48:28,1,62.53,67.85,21.84,24.42,578,629,484,306,7276
1780552408,2026-06-04 05:53:28,1,62.42,66.8,21.71,22.7,580,618,486,297,7277
1780552708,2026-06-04 05:58:28,1,62.75,65.96,22.27,23.67,578,617,488,300,7278
1780553008,2026-06-04 06:03:28,1,63.21,66.09,22.43,24.3,580,614,488,304,7279
1780553308,2026-06-04 06:08:28,1,62.77,66.29,22.23,22.89,577,615,488,295,7280
1780553608,2026-06-04 06:13:28,1,62.82,64.15,22.35,24.55,581,605,490,309,7281
1780553908,2026-06-04 06:18:28,1,62.99,65.72,21.42,26.12,581,614,483,317,7282
1780554208,2026-06-04 06:23:28,1,62.64,65.98,22.62,25.57,577,614,489,312,7283
1780554508,2026-06-04 06:28:28,1,62.8,67.05,22.75,23.46,579,618,494,303,7284
1780554808,2026-06-04 06:33:28,1,62.82,65.43,22.75,24.86,580,611,492,309,7285
1780555108,2026-06-04 06:38:28,1,62.89,65.03,22.0,23.29,581,607,486,300,7286
1780555408,2026-06-04 06:43:28,1,62.88,66.23,22.49,27.82,580,616,489,328,7287
1780555708,2026-06-04 06:48:28,1,63.11,65.72,21.8,28.18,580,612,482,330,7288
1780556008,2026-06-04 06:53:28,1,62.93,65.12,22.88,27.7,577,608,493,326,7289
1780556308,2026-06-04 06:58:28,1,63.03,64.53,22.89,30.35,583,603,494,340,7290
1780556608,2026-06-04 07:03:28,1,63.45,64.62,22.62,26.35,583,607,490,319,7291
1780556908,2026-06-04 07:08:28,1,63.02,64.49,22.8,26.91,581,604,491,321,7292
1780557208,2026-06-04 07:13:28,1,63.29,64.62,23.58,28.82,582,604,498,331,7293
1780557508,2026-06-04 07:18:28,1,63.42,64.65,23.23,29.1,581,600,497,335,7294
1780557808,2026-06-04 07:23:28,1,63.28,66.18,23.31,28.87,581,616,497,332,7295
1780558108,2026-06-04 07:28:28,1,63.33,64.6,22.95,30.25,583,604,495,342,7296
1780558408,2026-06-04 07:33:28,1,62.97,64.93,23.57,31.02,578,605,497,346,7297
1780558708,2026-06-04 07:38:28,1,63.49,64.77,22.87,31.61,581,603,494,346,7298
1780559008,2026-06-04 07:43:28,1,63.29,65.14,22.64,29.13,580,609,492,333,7299
1780559308,2026-06-04 07:48:28,1,63.33,65.03,22.91,30.01,581,605,492,339,7300
1780559608,2026-06-04 07:53:28,1,63.46,64.93,23.73,33.3,583,609,499,357,7301
1780559908,2026-06-04 07:58:28,1,63.79,63.85,23.52,32.5,584,601,497,354,7302
1780560208,2026-06-04 08:03:28,1,63.21,65.36,23.46,32.02,582,613,498,352,7303
1780560508,2026-06-04 08:08:28,1,63.49,65.52,23.56,34.61,583,610,499,368,7304
1780560808,2026-06-04 08:13:28,1,63.9,64.73,23.68,34.59,585,606,499,369,7305
1780561108,2026-06-04 08:18:28,1,63.42,64.38,23.8,33.61,582,604,498,361,7306
1780561408,2026-06-04 08:23:28,1,63.21,64.79,24.76,33.86,583,605,509,361,7307
1780561708,2026-06-04 08:28:28,1,63.56,65.01,23.77,32.3,581,606,499,353,7308
1780562008,2026-06-04 08:33:28,1,63.98,64.84,24.15,32.46,587,606,504,357,7309
1780562308,2026-06-04 08:38:28,1,63.66,64.7,24.01,36.64,583,607,502,381,7310
1780562608,2026-06-04 08:43:28,1,63.04,64.8,24.12,33.79,578,605,504,363,7311
1780562908,2026-06-04 08:48:28,1,63.79,64.43,23.85,37.57,583,602,500,388,7312
1780563208,2026-06-04 08:53:28,1,63.69,64.88,24.11,39.02,584,606,503,392,7313
1780563508,2026-06-04 08:58:28,1,63.83,63.98,23.57,36.41,587,599,499,378,7314
1780563808,2026-06-04 09:03:28,1,63.74,64.31,24.17,35.38,583,605,503,375,7315
1780564108,2026-06-04 09:08:28,1,63.69,64.95,23.87,38.63,583,606,500,395,7316
1780564408,2026-06-04 09:13:28,1,64.13,64.81,24.72,36.98,584,607,505,383,7317
1780564708,2026-06-04 09:18:28,1,63.77,65.2,24.9,39.45,582,608,507,395,7318
1780565008,2026-06-04 09:23:28,1,63.93,64.96,24.78,36.56,585,604,510,380,7319
1780565308,2026-06-04 09:28:28,1,63.73,65.0,24.29,38.84,584,606,506,392,7320
1780565608,2026-06-04 09:33:28,1,63.76,64.37,24.44,36.26,581,602,503,377,7321
1780565908,2026-06-04 09:38:28,1,63.94,65.47,24.69,38.08,585,611,509,388,7322
1780566208,2026-06-04 09:43:28,1,63.64,64.59,24.01,40.44,580,606,501,399,7323
1780566508,2026-06-04 09:48:28,1,63.61,64.63,24.48,38.88,583,606,504,393,7324
1780566808,2026-06-04 09:53:28,1,63.85,65.39,25.02,38.64,586,608,507,394,7325
1780567108,2026-06-04 09:58:28,1,63.61,64.56,25.2,40.57,582,607,510,402,7326
1780567408,2026-06-04 10:03:28,1,63.81,64.74,24.65,40.43,582,607,505,402,7327
1780567708,2026-06-04 10:08:28,1,63.96,65.0,24.21,41.84,584,605,501,410,7328
1780568008,2026-06-04 10:13:28,1,63.66,65.78,24.56,36.27,584,612,504,379,7329
1780568308,2026-06-04 10:18:28,1,64.21,65.32,24.91,43.27,587,612,510,421,7330
1780568608,2026-06-04 10:23:28,1,63.7,66.14,25.22,40.41,584,617,511,401,7331
1780568908,2026-06-04 10:28:28,1,64.04,67.13,24.64,45.12,584,623,508,431,7332
1780569208,2026-06-04 10:33:28,1,64.2,64.71,24.9,41.9,587,603,509,410,7333
1780569508,2026-06-04 10:38:28,1,64.21,65.66,24.26,41.88,588,611,502,413,7334
1780569808,2026-06-04 10:43:28,1,64.15,65.85,24.61,40.84,584,612,505,402,7335
1780570108,2026-06-04 10:48:28,1,64.27,65.94,24.88,44.46,586,614,507,425,7336
1780570408,2026-06-04 10:53:28,1,64.26,66.23,24.94,41.43,588,614,510,409,7337
1780570708,2026-06-04 10:58:28,1,63.59,66.67,24.98,40.25,581,621,510,400,7338
1780571008,2026-06-04 11:03:28,1,64.19,66.33,24.82,41.85,589,618,508,411,7339
1780571308,2026-06-04 11:08:28,1,64.23,65.02,24.56,42.97,587,609,506,420,7340
1780571608,2026-06-04 11:13:28,1,63.72,67.07,24.72,41.4,582,625,510,408,7341
1780571908,2026-06-04 11:18:28,1,63.78,67.01,24.6,40.45,584,623,506,404,7342
1780572208,2026-06-04 11:23:28,1,64.44,67.07,24.54,39.72,587,625,507,396,7343
1780572508,2026-06-04 11:28:28,1,63.91,67.46,24.45,40.02,583,622,505,402,7344
1780572808,2026-06-04 11:33:28,1,63.7,66.88,25.1,43.31,583,621,510,420,7345
1780573108,2026-06-04 11:38:28,1,64.32,67.57,25.9,42.11,587,628,514,413,7346
1780573408,2026-06-04 11:43:28,1,64.05,66.78,25.1,44.65,586,621,508,429,7347
1780573708,2026-06-04 11:48:28,1,64.02,68.08,25.57,39.44,586,629,514,395,7348
1780574008,2026-06-04 11:53:28,1,64.24,68.1,25.57,42.09,585,629,515,413,7349
1780574308,2026-06-04 11:58:28,1,64.02,67.33,24.4,41.07,584,625,503,409,7350
1780574608,2026-06-04 12:03:28,1,64.44,67.44,24.74,41.78,588,626,508,409,7351
1780574908,2026-06-04 12:08:28,1,64.21,67.85,24.6,43.89,586,624,507,423,7352
1780575208,2026-06-04 12:13:28,1,64.07,67.67,24.72,41.84,585,626,509,409,7353
1780575508,2026-06-04 12:18:28,1,64.39,67.61,25.18,42.35,586,630,512,415,7354
1780575808,2026-06-04 12:23:28,1,63.98,67.08,24.59,42.6,586,622,506,417,7355
1780576108,2026-06-04 12:28:28,1,64.12,68.91,25.31,41.35,586,635,512,410,7356
1780576408,2026-06-04 12:33:28,1,63.83,67.95,24.17,41.04,583,629,502,407,7357
1780576708,2026-06-04 12:38:28,1,64.33,67.31,24.25,39.25,589,625,502,396,7358
1780577008,2026-06-04 12:43:28,1,64.11,67.61,24.4,40.85,586,625,506,405,7359
1780577308,2026-06-04 12:48:28,1,64.43,67.66,24.75,40.69,588,628,508,405,7360
1780577608,2026-06-04 12:53:28,1,64.21,69.23,24.01,38.83,585,636,502,390,7361
1780577908,2026-06-04 12:58:28,1,64.19,69.13,24.57,38.86,588,637,506,393,7362
1780578208,2026-06-04 13:03:28,1,64.11,68.49,24.8,39.09,584,635,511,397,7363
1780578508,2026-06-04 13:08:28,1,64.56,68.65,24.44,40.21,589,632,502,402,7364
1780578808,2026-06-04 13:13:28,1,64.45,69.48,25.48,41.39,588,640,516,406,7365
1780579108,2026-06-04 13:18:28,1,64.32,68.18,24.8,38.67,588,633,507,393,7366
1780579408,2026-06-04 13:23:28,1,63.94,68.32,25.24,39.12,584,634,512,393,7367
1780579708,2026-06-04 13:28:28,1,63.63,69.19,24.01,40.81,581,640,499,406,7368
1780580008,2026-06-04 13:33:28,1,64.08,68.79,23.68,35.53,588,634,498,373,7369
1780580308,2026-06-04 13:38:28,1,63.69,69.83,24.43,42.8,584,643,504,415,7370
1780580608,2026-06-04 13:43:28,1,63.89,69.35,24.23,38.39,587,638,503,386,7371
1780580908,2026-06-04 13:48:28,1,63.99,69.05,24.9,34.54,588,638,507,366,7372
1780581208,2026-06-04 13:53:28,1,63.77,69.39,24.09,36.45,583,642,503,379,7373
1780581508,2026-06-04 13:58:28,1,63.81,69.58,23.95,37.48,584,642,498,386,7374
1780581808,2026-06-04 14:03:28,1,63.91,69.93,23.82,35.82,584,644,498,375,7375
1780582108,2026-06-04 14:08:28,1,63.58,69.61,24.52,35.55,586,640,510,375,7376
1780582408,2026-06-04 14:13:28,1,63.93,70.41,23.14,34.75,584,645,495,367,7377
1780582708,2026-06-04 14:18:28,1,63.96,69.81,23.06,33.91,585,638,495,364,7378
1780583008,2026-06-04 14:23:28,1,64.1,69.67,23.88,37.37,587,639,498,384,7379
1780583308,2026-06-04 14:28:28,1,63.87,69.56,24.28,33.31,583,639,505,361,7380
1780583608,2026-06-04 14:33:28,1,63.43,68.68,22.97,33.85,582,635,496,362,7381
1780583908,2026-06-04 14:38:28,1,63.69,69.71,24.26,35.82,583,639,507,373,7382
1780584208,2026-06-04 14:43:28,1,63.7,69.2,23.88,33.53,580,636,504,362,7383
1780584508,2026-06-04 14:48:28,1,63.45,69.1,23.5,32.93,582,639,495,358,7384
1780584808,2026-06-04 14:53:28,1,63.36,69.46,24.11,32.75,582,641,501,354,7385
1780585108,2026-06-04 14:58:28,1,63.68,69.69,24.12,33.4,581,642,504,359,7386
1780585408,2026-06-04 15:03:28,1,63.6,68.74,23.18,35.06,584,635,496,372,7387
1780585708,2026-06-04 15:08:28,1,63.38,70.18,23.28,29.84,582,645,496,339,7388
1780586008,2026-06-04 15:13:28,1,63.33,69.63,23.85,28.65,583,641,502,330,7389
1780586308,2026-06-04 15:18:28,1,63.43,69.03,23.5,33.05,582,638,492,356,7390
1780586608,2026-06-04 15:23:28,1,63.45,69.43,22.79,29.81,582,639,493,339,7391
1780586908,2026-06-04 15:28:28,1,63.47,69.01,23.46,29.42,587,640,495,334,7392
1780587208,2026-06-04 15:33:28,1,62.96,68.64,23.34,30.61,580,635,499,344,7393
1780587508,2026-06-04 15:38:28,1,63.3,68.02,23.86,30.47,581,633,500,342,7394
1780587808,2026-06-04 15:43:28,1,63.9,69.65,22.91,30.17,586,643,495,342,7395
1780588108,2026-06-04 15:48:28,1,63.26,69.12,22.72,26.77,579,642,490,319,7396
1780588408,2026-06-04 15:53:28,1,63.04,67.83,23.1,27.38,581,625,496,322,7397
1780588708,2026-06-04 15:58:28,1,63.31,69.83,22.69,28.37,584,646,494,329,7398
1780589008,2026-06-04 16:03:28,1,63.2,69.65,23.18,27.1,580,642,495,322,7399
1780589308,2026-06-04 16:08:28,1,63.1,68.53,23.11,27.44,577,634,494,325,7400
1780589608,2026-06-04 16:13:28,1,62.65,68.21,22.23,26.63,577,631,488,318,7401
1780589908,2026-06-04 16:18:28,1,63.08,69.32,22.4,24.24,579,642,488,305,7402
1780590208,2026-06-04 16:23:28,1,63.16,68.23,22.67,24.6,580,629,492,308,7403
1780590508,2026-06-04 16:28:28,1,63.03,68.21,23.0,23.79,580,631,491,302,7404
1780590808,2026-06-04 16:33:28,1,63.36,67.83,22.34,24.15,583,628,490,303,7405
1780591108,2026-06-04 16:38:28,1,63.16,68.33,21.73,26.39,579,632,485,319,7406
1780591408,2026-06-04 16:43:28,1,62.89,67.8,22.24,26.2,577,626,489,319,7407
1780591708,2026-06-04 16:48:28,1,63.19,68.71,22.62,22.28,579,632,490,292,7408
1780592008,2026-06-04 16:53:28,1,62.97,68.12,22.13,23.42,580,628,487,299,7409
1780592308,2026-06-04 16:58:28,1,62.19,67.81,21.93,24.78,576,625,483,309,7410
1780592608,2026-06-04 17:03:28,1,63.27,67.32,21.4,24.37,584,625,479,303,7411
1780592908,2026-06-04 17:08:28,1,62.99,68.44,21.6,21.83,576,634,480,292,7412
1780593208,2026-06-04 17:13:28,1,63.13,66.9,21.97,21.54,578,622,484,289,7413
1780593508,2026-06-04 17:18:28,1,63.0,66.85,21.83,24.19,580,617,484,302,7414
1780593808,2026-06-04 17:23:28,1,62.63,66.47,21.38,20.9,578,618,481,286,7415
1780594108,2026-06-04 17:28:28,1,62.64,67.02,21.12,18.0,579,622,478,264,7416
1780594408,2026-06-04 17:33:28,1,62.43,67.01,21.79,25.32,577,624,484,315,7417
1780594708,2026-06-04 17:38:28,1,62.79,67.16,21.31,23.48,579,618,481,300,7418
1780595008,2026-06-04 17:43:28,1,62.89,66.91,20.79,20.78,579,621,473,284,7419
1780595308,2026-06-04 17:48:28,1,62.59,66.7,20.72,20.62,574,621,475,282,7420
1780595608,2026-06-04 17:53:28,1,62.66,67.21,21.31,19.35,579,623,482,275,7421
1780595908,2026-06-04 17:58:28,1,61.8,66.44,21.25,20.56,574,618,482,284,7422
1780596208,2026-06-04 18:03:28,1,62.41,66.59,21.28,19.8,572,618,482,278,7423
1780596508,2026-06-04 18:08:28,1,62.32,64.93,21.31,19.57,576,607,479,278,7424
1780596808,2026-06-04 18:13:28,1,62.16,66.21,20.35,18.0,575,612,474,270,7425
1780597108,2026-06-04 18:18:28,1,62.56,66.2,20.8,20.4,578,616,475,284,7426
1780597408,2026-06-04 18:23:28,1,62.43,65.62,20.49,18.0,575,612,475,269,7427
1780597708,2026-06-04 18:28:28,1,62.4,65.14,20.22,18.0,573,609,472,266,7428
1780598008,2026-06-04 18:33:28,1,62.25,65.23,20.24,19.21,574,606,470,271,7429
1780598308,2026-06-04 18:38:28,1,62.35,65.51,20.48,18.0,577,607,474,264,7430
1780598608,2026-06-04 18:43:28,1,62.11,64.92,20.21,20.22,575,608,473,282,7431
1780598908,2026-06-04 18:48:28,1,61.8,65.6,21.19,18.0,575,613,480,267,7432
1780599208,2026-06-04 18:53:28,1,62.1,65.43,20.11,18.0,578,610,468,267,7433
1780599508,2026-06-04 18:58:28,1,61.59,64.96,20.09,18.38,570,603,470,271,7434
1780599808,2026-06-04 19:03:28,1,62.08,64.74,20.46,18.78,574,604,471,270,7435
1780600108,2026-06-04 19:08:28,1,62.4,66.06,19.64,18.0,574,612,469,265,7436
1780600408,2026-06-04 19:13:28,1,62.05,64.51,19.45,18.0,570,606,464,269,7437
1780600708,2026-06-04 19:18:28,1,61.87,63.98,19.59,19.23,572,597,465,274,7438
1780601008,2026-06-04 19:23:28,1,62.24,63.16,19.94,18.0,577,592,468,267,7439
1780601308,2026-06-04 19:28:28,1,62.13,65.76,20.49,18.0,572,614,473,267,7440
1780601608,2026-06-04 19:33:28,1,61.59,63.36,20.3,18.0,572,594,472,265,7441
1780601908,2026-06-04 19:38:28,1,62.01,64.4,20.23,18.0,576,606,471,266,7442
1780602208,2026-06-04 19:43:28,1,61.9,64.5,19.09,18.0,572,600,462,264,7443
1780602508,2026-06-04 19:48:28,1,62.24,64.5,19.69,20.97,579,603,467,284,7444
1780602808,2026-06-04 19:53:28,1,61.81,65.25,18.83,18.0,574,608,461,268,7445
1780603108,2026-06-04 19:58:28,1,62.0,63.8,18.84,18.04,575,598,461,265,7446
1780603408,2026-06-04 20:03:28,1,61.87,64.81,19.49,18.92,574,608,466,274,7447
1780603708,2026-06-04 20:08:28,1,61.82,64.96,18.68,18.23,573,604,459,268,7448
1780604008,2026-06-04 20:13:28,1,61.45,65.05,19.4,18.0,570,609,465,266,7449
1780604308,2026-06-04 20:18:28,1,62.3,64.94,18.97,18.0,577,610,461,266,7450
1780604608,2026-06-04 20:23:28,1,61.47,64.42,18.62,18.0,570,602,459,269,7451
1780604908,2026-06-04 20:28:28,1,61.46,65.58,19.14,21.43,571,611,463,289,7452
1780605208,2026-06-04 20:33:28,1,61.47,64.92,19.36,18.0,569,610,464,266,7453
1780605508,2026-06-04 20:38:28,1,61.53,63.9,18.95,18.46,574,598,459,269,7454
1780605808,2026-06-04 20:43:28,1,61.82,64.84,18.48,18.93,572,605,455,272,7455
1780606108,2026-06-04 20:48:28,1,61.39,65.4,19.13,20.52,570,608,464,282,7456
1780606408,2026-06-04 20:53:28,1,61.77,65.02,18.97,21.38,573,604,463,290,7457
1780606708,2026-06-04 20:58:28,1,61.67,64.3,18.99,19.35,571,599,460,277,7458
1780607008,2026-06-04 21:03:28,1,61.56,63.14,18.22,19.58,572,590,454,277,7459
1780607308,2026-06-04 21:08:28,1,61.38,64.36,19.43,20.53,571,600,466,283,7460
1780607608,2026-06-04 21:13:28,1,61.46,64.81,17.75,22.52,569,606,452,297,7461
1780607908,2026-06-04 21:18:28,1,61.16,64.97,18.16,21.12,569,602,454,286,7462
1780608208,2026-06-04 21:23:28,1,61.67,64.38,18.55,20.57,571,601,458,283,7463
1780608508,2026-06-04 21:28:28,1,61.57,65.18,18.48,18.23,572,608,458,268,7464
1780608808,2026-06-04 21:33:28,1,61.39,65.34,18.33,22.24,568,609,454,292,7465
1780609108,2026-06-04 21:38:28,1,61.51,64.73,18.95,22.53,573,604,460,293,7466
1780609408,2026-06-04 21:43:28,1,61.66,64.91,18.5,18.0,572,605,454,269,7467
1780609708,2026-06-04 21:48:28,1,61.61,65.32,17.6,22.76,573,610,452,295,7468
1780610008,2026-06-04 21:53:28,1,61.28,64.34,18.15,23.98,568,600,457,304,7469
1780610308,2026-06-04 21:58:28,1,61.36,64.27,18.12,24.22,572,603,454,306,7470
1780610608,2026-06-04 22:03:28,1,60.99,64.99,18.26,27.43,569,608,455,325,7471
1780610908,2026-06-04 22:08:28,1,61.25,65.41,18.62,23.6,568,610,459,300,7472
1780611208,2026-06-04 22:13:28,1,60.76,66.68,17.86,24.93,566,623,451,308,7473
1780611508,2026-06-04 22:18:28,1,61.44,66.12,17.93,25.25,572,614,453,309,7474
1780611808,2026-06-04 22:23:28,1,61.44,65.79,18.06,24.73,572,612,454,308,7475
1780612108,2026-06-04 22:28:28,1,61.2,65.86,18.02,23.99,568,614,453,304,7476
1780612408,2026-06-04 22:33:28,1,61.48,65.82,18.21,23.85,572,611,454,303,7477
1780612708,2026-06-04 22:38:28,1,60.91,66.93,18.39,25.94,568,622,457,313,7478
1780613008,2026-06-04 22:43:28,1,61.59,65.62,17.63,26.77,570,612,450,319,7479
1780613308,2026-06-04 22:48:28,1,61.16,64.55,18.05,27.34,568,603,454,325,7480
1780613608,2026-06-04 22:53:28,1,60.61,66.5,17.94,28.29,566,616,453,329,7481
1780613908,2026-06-04 22:58:28,1,61.52,64.84,18.26,28.2,572,604,456,329,7482
1780614208,2026-06-04 23:03:28,1,61.2,65.8,18.15,28.73,571,613,453,333,7483
1780614508,2026-06-04 23:08:28,1,61.26,67.59,18.27,30.17,571,628,460,342,7484
1780614808,2026-06-04 23:13:28,1,61.7,67.16,18.17,29.5,572,626,457,338,7485
1780615108,2026-06-04 23:18:28,1,61.39,66.59,18.12,29.1,571,618,454,333,7486
1780615408,2026-06-04 23:23:28,1,61.15,66.03,17.62,30.84,569,615,449,343,7487
1780615708,2026-06-04 23:28:28,1,61.09,68.26,18.27,31.54,569,636,454,348,7488
1780616008,2026-06-04 23:33:28,1,61.42,67.63,18.67,31.08,569,626,459,348,7489
1780616308,2026-06-04 23:38:28,1,61.26,66.94,18.1,30.96,570,624,452,346,7490
1780616608,2026-06-04 23:43:28,1,60.99,67.25,18.57,31.04,570,622,458,345,7491
1780616908,2026-06-04 23:48:28,1,61.17,67.19,17.71,31.73,568,622,453,348,7492
1780617208,2026-06-04 23:53:28,1,61.02,68.27,18.51,32.52,566,633,455,353,7493
1780617508,2026-06-04 23:58:28,1,61.22,68.36,17.95,30.74,568,631,454,345,7494
1780617808,2026-06-05 00:03:28,1,61.13,67.41,17.68,33.54,570,623,452,362,7495
1780618108,2026-06-05 00:08:28,1,61.03,67.43,18.83,33.49,567,624,461,360,7496
1780618408,2026-06-05 00:13:28,1,61.53,68.12,17.96,34.1,572,630,454,363,7497
1780618708,2026-06-05 00:18:28,1,60.79,67.72,17.81,34.53,568,627,453,366,7498
1780619008,2026-06-05 00:23:28,1,61.04,67.93,18.2,34.02,567,631,452,364,7499
1780619308,2026-06-05 00:28:28,1,61.11,68.21,18.05,33.19,573,633,456,360,7500
1780619608,2026-06-05 00:33:28,1,61.52,68.25,18.26,35.2,571,629,458,371,7501
1780619908,2026-06-05 00:38:28,1,61.9,69.28,18.11,36.29,573,638,457,379,7502
1780620208,2026-06-05 00:43:28,1,61.67,67.51,18.35,35.49,573,625,455,370,7503
1780620508,2026-06-05 00:48:28,1,61.28,69.23,18.74,38.17,571,637,457,389,7504
1780620808,2026-06-05 00:53:28,1,61.29,69.15,18.44,37.31,571,636,455,383,7505
1780621108,2026-06-05 00:58:28,1,61.64,67.85,18.04,37.3,573,629,454,382,7506
1780621408,2026-06-05 01:03:28,1,61.69,68.94,18.01,36.75,573,635,455,382,7507
1780621708,2026-06-05 01:08:28,1,61.17,69.19,18.2,34.02,571,638,457,365,7508
1780622008,2026-06-05 01:13:28,1,61.48,69.21,18.22,37.99,572,635,456,386,7509
1780622308,2026-06-05 01:18:28,1,61.25,68.51,18.24,35.89,571,630,455,377,7510
1780622608,2026-06-05 01:23:28,1,61.44,67.86,18.45,37.02,570,629,462,379,7511
1780622908,2026-06-05 01:28:28,1,61.28,70.91,17.84,41.69,568,652,453,410,7512
1780623208,2026-06-05 01:33:28,1,61.86,69.54,19.17,41.98,574,641,463,413,7513
1780623508,2026-06-05 01:38:28,1,61.48,69.07,18.92,42.38,572,638,464,416,7514
1780623808,2026-06-05 01:43:28,1,62.05,69.5,18.9,41.27,572,639,463,408,7515
1780624108,2026-06-05 01:48:28,1,61.61,70.04,18.61,39.12,573,644,457,393,7516
1780624408,2026-06-05 01:53:28,1,61.29,70.65,18.88,39.6,570,647,464,395,7517
1780624708,2026-06-05 01:58:28,1,61.09,69.7,18.99,40.11,568,640,464,398,7518
1780625008,2026-06-05 02:03:28,1,61.38,69.14,18.26,41.34,569,639,456,409,7519
1780625308,2026-06-05 02:08:28,1,61.38,69.63,18.93,40.24,567,641,461,402,7520
1780625608,2026-06-05 02:13:28,1,62.17,69.65,18.73,42.51,574,642,461,417,7521
1780625908,2026-06-05 02:18:28,1,61.19,69.1,19.27,38.64,571,634,463,390,7522
1780626208,2026-06-05 02:23:28,1,61.61,69.54,19.78,40.86,573,640,465,403,7523
1780626508,2026-06-05 02:28:28,1,61.59,68.82,18.88,42.3,572,638,462,414,7524
1780626808,2026-06-05 02:33:28,1,62.05,70.25,18.05,43.33,574,649,452,423,7525
1780627108,2026-06-05 02:38:28,1,61.99,69.08,18.32,39.91,574,637,455,400,7526
1780627408,2026-06-05 02:43:28,1,61.87,68.98,18.77,38.63,575,639,458,392,7527
1780627708,2026-06-05 02:48:28,1,61.54,69.16,19.6,41.72,571,638,464,410,7528
1780628008,2026-06-05 02:53:28,1,61.75,68.51,18.99,45.12,574,635,462,430,7529
1780628308,2026-06-05 02:58:28,1,61.79,68.68,19.1,38.79,571,632,461,391,7530
1780628608,2026-06-05 03:03:28,1,61.74,69.54,19.12,43.11,573,638,464,417,7531
1780628908,2026-06-05 03:08:28,1,61.79,69.22,19.85,41.89,575,637,470,409,7532
1780629208,2026-06-05 03:13:28,1,62.08,69.56,18.49,42.94,574,639,459,417,7533
1780629508,2026-06-05 03:18:28,1,61.38,69.01,19.6,41.2,573,639,467,407,7534
1780629808,2026-06-05 03:23:28,1,61.99,70.14,19.53,44.89,574,646,466,430,7535
1780630108,2026-06-05 03:28:28,1,61.8,69.41,19.82,39.76,572,637,469,398,7536
1780630408,2026-06-05 03:33:28,1,61.97,69.24,19.8,41.2,575,639,468,406,7537
1780630708,2026-06-05 03:38:28,1,62.01,69.55,19.36,40.56,575,640,465,403,7538
1780631008,2026-06-05 03:43:28,1,61.42,68.5,20.19,43.6,569,632,470,422,7539
1780631308,2026-06-05 03:48:28,1,62.33,69.82,20.36,43.84,575,645,472,423,7540
1780631608,2026-06-05 03:53:28,1,61.93,69.23,20.3,43.06,576,641,471,419,7541
1780631908,2026-06-05 03:58:28,1,62.16,68.88,20.26,41.68,575,638,473,410,7542
1780632208,2026-06-05 04:03:28,1,62.04,68.53,20.18,42.59,575,633,471,414,7543
1780632508,2026-06-05 04:08:28,1,61.89,69.01,21.03,41.57,573,638,476,410,7544
1780632808,2026-06-05 04:13:28,1,62.24,68.63,21.33,43.56,574,635,479,419,7545
1780633108,2026-06-05 04:18:28,1,61.77,68.44,20.09,41.79,575,630,470,412,7546
1780633408,2026-06-05 04:23:28,1,62.65,69.09,20.17,39.99,577,639,470,400,7547
1780633708,2026-06-05 04:28:28,1,62.0,67.64,20.07,39.54,572,624,468,398,7548
1780634008,2026-06-05 04:33:28,1,62.23,67.82,20.92,40.55,576,628,475,402,7549
1780634308,2026-06-05 04:38:28,1,62.16,68.29,20.29,38.97,575,632,471,392,7550
1780634608,2026-06-05 04:43:28,1,62.38,67.78,20.27,40.22,576,626,474,402,7551
1780634908,2026-06-05 04:48:28,1,62.45,68.34,19.97,40.2,576,632,470,401,7552
1780635208,2026-06-05 04:53:28,1,62.38,66.57,21.35,40.48,576,620,479,402,7553
1780635508,2026-06-05 04:58:28,1,62.52,68.46,21.95,39.4,574,633,486,399,7554
1780635808,2026-06-05 05:03:28,1,63.13,67.27,21.04,39.99,582,625,475,399,7555
1780636108,2026-06-05 05:08:28,1,62.61,67.8,20.79,38.34,575,627,476,391,7556
1780636408,2026-06-05 05:13:28,1,62.56,66.09,21.83,39.45,578,614,485,396,7557
1780636708,2026-06-05 05:18:28,1,62.78,67.79,21.15,39.42,579,632,479,396,7558
1780637008,2026-06-05 05:23:28,1,62.84,66.89,21.22,40.9,581,619,477,404,7559
1780637308,2026-06-05 05:28:28,1,62.48,67.26,21.98,37.79,577,627,484,387,7560
1780637608,2026-06-05 05:33:28,1,62.87,66.95,20.91,37.38,580,622,480,383,7561
1780637908,2026-06-05 05:38:28,1,63.38,66.44,21.96,35.67,581,615,485,376,7562
1780638208,2026-06-05 05:43:28,1,62.6,67.45,21.56,37.92,579,623,482,384,7563
1780638508,2026-06-05 05:48:28,1,62.77,66.22,21.56,36.52,578,616,483,378,7564
1780638808,2026-06-05 05:53:28,1,62.76,66.19,21.06,38.34,577,616,479,386,7565
1780639108,2026-06-05 05:58:28,1,62.94,66.64,22.11,36.4,578,621,486,375,7566
1780639408,2026-06-05 06:03:28,1,63.14,66.32,21.8,38.3,578,618,486,390,7567
1780639708,2026-06-05 06:08:28,1,62.51,65.99,22.06,34.5,576,615,484,367,7568
1780640008,2026-06-05 06:13:28,1,62.95,66.72,22.34,37.32,580,619,489,382,7569
1780640308,2026-06-05 06:18:28,1,63.08,65.97,21.96,33.42,580,612,485,359,7570
1780640608,2026-06-05 06:23:28,1,63.07,66.85,22.29,36.77,579,623,489,380,7571
1780640908,2026-06-05 06:28:28,1,63.1,65.36,22.21,36.63,580,609,486,378,7572
1780641208,2026-06-05 06:33:28,1,63.33,65.57,22.64,32.88,579,609,493,359,7573
1780641508,2026-06-05 06:38:28,1,63.44,65.88,22.67,31.14,581,616,492,347,7574
1780641808,2026-06-05 06:43:28,1,63.29,66.2,22.03,32.15,581,616,484,354,7575
1780642108,2026-06-05 06:48:28,1,63.32,65.07,22.49,31.57,583,607,489,348,7576
1780642408,2026-06-05 06:53:28,1,63.42,64.68,23.07,31.58,581,608,495,350,7577
1780642708,2026-06-05 06:58:28,1,63.43,65.19,22.83,33.25,581,609,495,358,7578
1780643008,2026-06-05 07:03:28,1,63.25,65.31,23.09,33.37,582,610,493,358,7579
1780643308,2026-06-05 07:08:28,1,63.51,64.51,22.91,33.98,584,603,493,362,7580
1780643608,2026-06-05 07:13:28,1,63.56,64.61,23.22,31.92,585,606,494,349,7581
1780643908,2026-06-05 07:18:28,1,63.62,64.55,23.22,31.36,583,607,494,347,7582
1780644208,2026-06-05 07:23:28,1,63.31,66.14,22.68,32.62,580,613,491,355,7583
1780644508,2026-06-05 07:28:28,1,63.49,64.58,23.52,31.01,583,601,497,345,7584
1780644808,2026-06-05 07:33:28,1,63.75,64.39,22.94,27.79,584,603,495,323,7585
1780645108,2026-06-05 07:38:28,1,63.17,65.06,22.96,27.46,583,607,492,324,7586
1780645408,2026-06-05 07:43:28,1,63.5,64.78,23.3,31.19,582,608,497,347,7587
1780645708,2026-06-05 07:48:28,1,63.5,64.79,23.62,29.76,583,607,498,337,7588
1780646008,2026-06-05 07:53:28,1,63.71,64.36,23.63,29.92,583,606,497,338,7589
1780646308,2026-06-05 07:58:28,1,63.48,64.02,23.26,25.87,581,602,495,314,7590
1780646608,2026-06-05 08:03:28,1,63.46,63.38,23.59,26.71,579,596,499,320,7591
1780646908,2026-06-05 08:08:28,1,63.47,64.68,23.17,26.23,583,600,497,317,7592
1780647208,2026-06-05 08:13:28,1,63.48,64.5,23.78,26.53,578,601,500,320,7593
1780647508,2026-06-05 08:18:28,1,64.03,64.46,23.45,25.28,585,600,496,314,7594
1780647808,2026-06-05 08:23:28,1,64.05,65.84,23.92,25.78,586,609,499,314,7595
1780648108,2026-06-05 08:28:28,1,63.9,63.92,23.78,22.81,587,598,503,296,7596
1780648408,2026-06-05 08:33:28,1,64.09,65.1,24.04,22.93,586,609,504,299,7597
1780648708,2026-06-05 08:38:28,1,63.88,64.43,23.82,23.98,585,604,501,304,7598
1780649008,2026-06-05 08:43:28,1,64.14,64.42,24.74,25.28,585,601,507,310,7599
1780649308,2026-06-05 08:48:28,1,63.65,65.23,23.35,23.83,584,611,497,302,7600
1780649608,2026-06-05 08:53:28,1,64.12,65.01,24.32,21.98,586,607,505,288,7601
1780649908,2026-06-05 08:58:28,1,63.73,65.31,24.18,23.84,583,610,507,304,7602
1780650208,2026-06-05 09:03:28,1,63.59,64.7,23.9,21.08,581,604,501,286,7603
1780650508,2026-06-05 09:08:28,1,64.18,63.63,24.95,21.18,587,599,509,287,7604
1780650808,2026-06-05 09:13:28,1,64.25,63.78,24.75,21.39,588,600,504,289,7605
1780651108,2026-06-05 09:18:28,1,63.82,65.63,24.47,23.86,583,612,508,303,7606
1780651408,2026-06-05 09:23:28,1,64.13,65.11,24.93,20.18,584,608,509,281,7607
1780651708,2026-06-05 09:28:28,1,64.42,64.17,24.37,21.7,587,601,504,289,7608
1780652008,2026-06-05 09:33:28,1,64.38,64.59,24.93,19.94,586,607,511,282,7609
1780652308,2026-06-05 09:38:28,1,63.63,64.05,24.16,20.02,585,598,503,279,7610
1780652608,2026-06-05 09:43:28,1,63.96,65.02,24.41,22.5,585,611,506,295,7611
1780652908,2026-06-05 09:48:28,1,64.51,65.53,24.89,21.68,588,615,510,291,7612
1780653208,2026-06-05 09:53:28,1,64.09,65.76,25.38,18.88,587,617,513,275,7613
1780653508,2026-06-05 09:58:28,1,64.21,64.5,24.56,18.0,587,604,505,268,7614
1780653808,2026-06-05 10:03:28,1,64.24,64.58,24.26,20.95,588,605,501,286,7615
1780654108,2026-06-05 10:08:28,1,63.95,65.77,24.82,19.88,585,613,507,279,7616
1780654408,2026-06-05 10:13:28,1,64.78,64.93,25.03,22.12,588,608,509,291,7617
1780654708,2026-06-05 10:18:28,1,63.94,64.63,24.32,19.11,581,604,502,275,7618
1780655008,2026-06-05 10:23:28,1,64.23,66.34,25.81,20.81,584,619,517,284,7619
1780655308,2026-06-05 10:28:28,1,64.5,65.03,24.69,18.81,588,608,507,272,7620
1780655608,2026-06-05 10:33:28,1,64.61,65.95,25.55,18.3,589,617,515,271,7621
1780655908,2026-06-05 10:38:28,1,64.2,65.94,24.85,18.79,586,615,508,273,7622
1780656208,2026-06-05 10:43:28,1,64.18,65.9,24.75,18.0,586,613,508,268,7623
1780656508,2026-06-05 10:48:28,1,64.19,66.25,24.08,18.0,588,617,504,268,7624
1780656808,2026-06-05 10:53:28,1,63.96,64.89,25.58,19.51,585,604,514,275,7625
1780657108,2026-06-05 10:58:28,1,64.02,66.3,25.15,20.17,588,616,512,280,7626
1780657408,2026-06-05 11:03:28,1,63.66,66.29,25.18,18.38,582,619,509,268,7627
1780657708,2026-06-05 11:08:28,1,64.61,66.97,25.05,18.0,584,620,512,266,7628
1780658008,2026-06-05 11:13:28,1,64.29,66.72,25.09,18.0,587,614,509,268,7629
1780658308,2026-06-05 11:18:28,1,64.45,66.04,25.24,18.26,588,615,511,271,7630
1780658608,2026-06-05 11:23:28,1,64.24,67.12,25.14,19.43,588,627,510,275,7631
1780658908,2026-06-05 11:28:28,1,64.17,67.33,24.32,18.0,585,623,505,265,7632
1780659208,2026-06-05 11:33:28,1,64.46,66.88,25.44,18.0,587,621,511,267,7633
1780659508,2026-06-05 11:38:28,1,63.69,68.11,24.5,18.75,584,628,508,275,7634
1780659808,2026-06-05 11:43:28,1,64.13,67.56,24.39,20.82,588,625,503,282,7635
1780660108,2026-06-05 11:48:28,1,64.16,68.01,25.7,18.0,585,631,514,266,7636
1780660408,2026-06-05 11:53:28,1,64.34,68.37,25.58,18.0,587,632,513,267,7637
1780660708,2026-06-05 11:58:28,1,64.18,67.71,24.63,18.04,587,628,504,264,7638
1780661008,2026-06-05 12:03:28,1,64.05,67.23,24.91,18.0,584,622,509,270,7639
1780661308,2026-06-05 12:08:28,1,63.99,68.02,24.76,20.25,586,629,508,282,7640
1780661608,2026-06-05 12:13:28,1,63.88,67.44,25.09,18.0,585,627,510,268,7641
1780661908,2026-06-05 12:18:28,1,64.16,68.89,24.52,19.53,587,634,508,276,7642
1780662208,2026-06-05 12:23:28,1,64.72,68.72,24.44,18.0,590,635,505,267,7643
1780662508,2026-06-05 12:28:28,1,64.44,67.11,24.99,21.24,591,622,511,286,7644
1780662808,2026-06-05 12:33:28,1,64.54,69.37,24.71,18.0,589,641,509,266,7645
1780663108,2026-06-05 12:38:28,1,63.85,67.96,25.09,20.21,585,629,513,282,7646
1780663408,2026-06-05 12:43:28,1,64.3,67.78,24.36,21.01,585,630,503,286,7647
1780663708,2026-06-05 12:48:28,1,64.58,67.98,24.74,19.07,588,631,507,271,7648
1780664008,2026-06-05 12:53:28,1,64.04,68.67,24.08,20.79,586,632,501,282,7649
1780664308,2026-06-05 12:58:28,1,64.05,68.91,24.99,18.89,584,636,509,273,7650
1780664608,2026-06-05 13:03:28,1,64.12,69.27,24.49,18.71,586,639,506,271,7651
1780664908,2026-06-05 13:08:28,1,64.37,69.94,25.64,18.94,587,645,516,270,7652
1780665208,2026-06-05 13:13:28,1,63.82,69.49,24.55,21.99,585,638,506,291,7653
1780665508,2026-06-05 13:18:28,1,64.08,68.91,24.09,19.81,587,637,501,278,7654
1780665808,2026-06-05 13:23:28,1,64.14,68.88,24.4,21.21,585,638,505,288,7655
1780666108,2026-06-05 13:28:28,1,64.22,69.58,24.04,21.15,586,640,505,288,7656
1780666408,2026-06-05 13:33:28,1,64.03,68.3,24.53,22.48,586,631,508,298,7657
1780666708,2026-06-05 13:38:28,1,64.36,69.07,24.56,23.31,589,637,503,300,7658
1780667008,2026-06-05 13:43:28,1,64.63,69.95,24.81,23.47,590,649,510,300,7659
1780667308,2026-06-05 13:48:28,1,64.18,69.65,24.03,22.61,588,640,502,297,7660
1780667608,2026-06-05 13:53:28,1,64.14,70.75,24.5,23.59,586,650,506,301,7661
1780667908,2026-06-05 13:58:28,1,64.02,69.31,23.58,22.67,585,642,500,295,7662
1780668208,2026-06-05 14:03:28,1,64.32,69.67,23.77,23.81,587,640,500,300,7663
1780668508,2026-06-05 14:08:28,1,64.07,68.7,24.07,23.9,584,632,504,304,7664
1780668808,2026-06-05 14:13:28,1,63.58,68.8,24.11,24.17,581,636,501,303,7665
1780669108,2026-06-05 14:18:28,1,64.05,69.53,23.5,24.28,585,644,494,304,7666
1780669408,2026-06-05 14:23:28,1,63.73,69.85,24.69,24.21,583,642,508,306,7667
1780669708,2026-06-05 14:28:28,1,64.17,68.0,24.16,25.51,587,629,500,310,7668
1780670008,2026-06-05 14:33:28,1,63.81,70.22,23.9,26.12,584,649,501,318,7669
1780670308,2026-06-05 14:38:28,1,63.83,67.38,24.28,28.43,583,626,504,330,7670
1780670608,2026-06-05 14:43:28,1,63.4,70.17,24.01,26.94,582,649,502,322,7671
1780670908,2026-06-05 14:48:28,1,63.76,69.76,23.59,26.92,586,645,496,323,7672
1780671208,2026-06-05 14:53:28,1,64.28,68.66,22.89,27.41,590,640,491,324,7673
1780671508,2026-06-05 14:58:28,1,63.82,70.44,23.81,25.09,587,649,501,311,7674
1780671808,2026-06-05 15:03:28,1,63.56,69.98,24.07,29.47,583,646,500,333,7675
1780672108,2026-06-05 15:08:28,1,63.68,69.67,23.39,29.04,582,643,499,334,7676
1780672408,2026-06-05 15:13:28,1,63.52,69.63,23.29,29.63,580,639,498,338,7677
1780672708,2026-06-05 15:18:28,1,63.45,69.69,23.78,31.54,583,640,497,347,7678
1780673008,2026-06-05 15:23:28,1,63.57,68.62,23.18,32.25,581,631,494,352,7679
1780673308,2026-06-05 15:28:28,1,63.76,68.52,23.47,28.9,584,632,498,333,7680
1780673608,2026-06-05 15:33:28,1,63.76,68.64,23.73,32.9,586,638,498,361,7681
1780673908,2026-06-05 15:38:28,1,63.86,70.07,23.0,30.4,586,646,492,342,7682
1780674208,2026-06-05 15:43:28,1,63.69,68.91,23.4,32.05,584,635,497,353,7683
1780674508,2026-06-05 15:48:28,1,63.57,69.33,22.8,33.23,584,640,490,359,7684
1780674808,2026-06-05 15:53:28,1,63.79,69.4,22.94,30.88,583,638,497,346,7685
1780675108,2026-06-05 15:58:28,1,62.86,68.45,22.34,30.73,577,632,488,341,7686
1780675408,2026-06-05 16:03:28,1,63.09,68.66,23.47,32.66,579,634,500,355,7687
1780675708,2026-06-05 16:08:28,1,63.11,68.42,22.62,32.71,577,634,489,354,7688
1780676008,2026-06-05 16:13:28,1,62.9,69.17,23.49,34.41,578,640,498,367,7689
1780676308,2026-06-05 16:18:28,1,63.43,68.33,22.16,33.77,583,629,486,362,7690
1780676608,2026-06-05 16:23:28,1,62.98,68.6,22.63,34.53,580,634,489,367,7691
1780676908,2026-06-05 16:28:28,1,63.38,68.24,23.01,33.06,582,629,494,357,7692
1780677208,2026-06-05 16:33:28,1,63.16,68.54,22.54,33.29,583,633,490,359,7693
1780677508,2026-06-05 16:38:28,1,62.87,68.12,21.97,36.52,578,629,486,378,7694
1780677808,2026-06-05 16:43:28,1,62.85,68.16,21.96,32.48,580,628,484,355,7695
1780678108,2026-06-05 16:48:28,1,63.09,68.26,22.29,39.98,581,633,487,401,7696
1780678408,2026-06-05 16:53:28,1,63.55,68.35,22.56,38.07,583,635,489,388,7697
1780678708,2026-06-05 16:58:28,1,62.61,67.78,22.08,34.97,580,628,485,368,7698
1780679008,2026-06-05 17:03:28,1,62.55,67.87,22.24,36.11,578,630,487,377,7699
1780679308,2026-06-05 17:08:28,1,63.28,67.42,22.0,41.09,582,620,486,405,7700
1780679608,2026-06-05 17:13:28,1,63.36,67.24,21.98,37.63,582,625,486,387,7701
1780679908,2026-06-05 17:18:28,1,62.83,66.67,21.97,40.57,576,621,486,404,7702
1780680208,2026-06-05 17:23:28,1,63.0,66.95,20.78,37.27,580,622,478,380,7703
1780680508,2026-06-05 17:28:28,1,63.01,67.59,21.59,38.04,582,626,483,388,7704
1780680808,2026-06-05 17:33:28,1,62.49,66.87,21.47,40.39,576,621,482,404,7705
1780681108,2026-06-05 17:38:28,1,62.7,66.33,21.05,41.43,578,618,477,407,7706
1780681408,2026-06-05 17:43:28,1,63.03,66.41,21.01,37.74,580,620,478,386,7707
1780681708,2026-06-05 17:48:28,1,62.43,66.73,22.04,40.43,576,622,486,402,7708
1780682008,2026-06-05 17:53:28,1,62.73,65.8,20.53,41.32,581,615,475,408,7709
1780682308,2026-06-05 17:58:28,1,62.59,65.63,21.72,38.79,577,611,484,390,7710
1780682608,2026-06-05 18:03:28,1,63.15,67.0,20.57,39.88,579,619,476,400,7711
1780682908,2026-06-05 18:08:28,1,62.35,66.36,20.35,42.35,572,618,473,412,7712
1780683208,2026-06-05 18:13:28,1,62.42,65.72,21.32,41.21,578,616,480,404,7713
1780683508,2026-06-05 18:18:28,1,63.38,66.33,21.08,40.15,581,619,480,403,7714
1780683808,2026-06-05 18:23:28,1,62.66,65.5,20.79,41.7,575,609,477,411,7715
1780684108,2026-06-05 18:28:28,1,62.15,65.02,20.96,41.54,575,608,476,407,7716
1780684408,2026-06-05 18:33:28,1,62.38,66.15,20.86,41.14,573,614,475,404,7717
1780684708,2026-06-05 18:38:28,1,62.49,65.03,19.72,39.18,576,608,469,394,7718
1780685008,2026-06-05 18:43:28,1,62.17,65.63,19.61,40.49,574,614,466,401,7719
1780685308,2026-06-05 18:48:28,1,62.09,66.11,20.87,42.64,572,615,478,416,7720
1780685608,2026-06-05 18:53:28,1,62.22,65.48,20.1,42.73,576,610,469,414,7721
1780685908,2026-06-05 18:58:28,1,62.16,64.0,20.21,41.08,572,601,475,406,7722
1780686208,2026-06-05 19:03:28,1,62.23,66.62,20.02,43.13,575,619,468,418,7723
1780686508,2026-06-05 19:08:28,1,62.23,64.91,19.95,42.17,575,605,469,411,7724
1780686808,2026-06-05 19:13:28,1,61.92,65.08,20.44,43.81,574,606,474,423,7725
1780687108,2026-06-05 19:18:28,1,61.97,64.51,19.71,42.9,574,605,468,416,7726
1780687408,2026-06-05 19:23:28,1,62.48,64.06,20.01,41.03,578,602,471,407,7727
1780687708,2026-06-05 19:28:28,1,62.14,65.17,19.31,43.51,575,609,463,420,7728
1780688008,2026-06-05 19:33:28,1,62.37,64.54,20.08,43.88,576,604,472,425,7729
1780688308,2026-06-05 19:38:28,1,61.83,65.15,19.9,41.21,573,609,469,406,7730
1780688608,2026-06-05 19:43:28,1,61.84,65.84,19.01,41.24,573,615,463,410,7731
1780688908,2026-06-05 19:48:28,1,61.94,64.9,18.73,41.64,573,609,459,410,7732
1780689208,2026-06-05 19:53:28,1,61.9,65.71,19.08,42.59,574,612,462,417,7733
1780689508,2026-06-05 19:58:28,1,61.97,65.75,19.35,42.16,572,614,462,410,7734
1780689808,2026-06-05 20:03:28,1,61.51,65.1,19.82,42.31,568,608,467,411,7735
1780690108,2026-06-05 20:08:28,1,61.86,64.19,19.51,41.66,573,601,466,407,7736
1780690408,2026-06-05 20:13:28,1,61.34,63.81,18.78,42.46,571,599,461,413,7737
1780690708,2026-06-05 20:18:28,1,61.61,65.3,19.64,42.19,573,607,470,410,7738
1780691008,2026-06-05 20:23:28,1,62.11,63.5,18.33,41.86,573,594,456,410,7739
1780691308,2026-06-05 20:28:28,1,61.46,64.52,18.98,41.16,571,604,462,405,7740
1780691608,2026-06-05 20:33:28,1,61.63,64.83,18.97,42.21,571,607,462,411,7741
1780691908,2026-06-05 20:38:28,1,61.61,63.28,19.49,40.56,571,594,465,402,7742
1780692208,2026-06-05 20:43:28,1,61.58,64.71,19.39,40.32,571,602,467,404,7743
1780692508,2026-06-05 20:48:28,1,61.5,63.56,18.52,41.88,569,596,456,412,7744
1780692808,2026-06-05 20:53:28,1,62.05,63.76,19.09,42.1,572,601,461,410,7745
1780693108,2026-06-05 20:58:28,1,61.36,64.81,18.05,41.45,572,607,454,407,7746
1780693408,2026-06-05 21:03:28,1,61.92,64.79,18.56,38.27,576,607,460,387,7747
1780693708,2026-06-05 21:08:28,1,61.4,64.95,18.93,38.07,570,606,461,388,7748
1780694008,2026-06-05 21:13:28,1,61.93,64.34,18.57,37.35,572,604,457,385,7749
1780694308,2026-06-05 21:18:28,1,61.84,65.69,18.69,39.54,571,611,459,396,7750
1780694608,2026-06-05 21:23:28,1,61.68,64.25,18.42,40.68,572,599,459,405,7751
1780694908,2026-06-05 21:28:28,1,61.66,65.93,18.68,38.83,569,617,460,392,7752
1780695208,2026-06-05 21:33:28,1,61.7,64.22,18.45,39.56,575,603,458,396,7753
1780695508,2026-06-05 21:38:28,1,61.19,65.12,18.06,37.74,568,604,456,386,7754
1780695808,2026-06-05 21:43:28,1,61.53,64.48,19.05,36.52,574,601,462,377,7755
1780696108,2026-06-05 21:48:28,1,61.19,65.4,17.76,39.61,571,609,452,396,7756
1780696408,2026-06-05 21:53:28,1,61.32,64.54,18.45,36.7,571,607,455,379,7757
1780696708,2026-06-05 21:58:28,1,61.48,65.53,18.62,35.54,570,611,457,374,7758
1780697008,2026-06-05 22:03:28,1,61.3,64.6,18.05,36.78,570,603,453,381,7759
1780697308,2026-06-05 22:08:28,1,61.34,66.08,17.99,36.18,569,615,453,375,7760
1780697608,2026-06-05 22:13:28,1,61.33,65.94,18.61,34.16,572,614,462,364,7761
1780697908,2026-06-05 22:18:28,1,61.72,66.14,18.67,35.67,573,615,460,372,7762
1780698208,2026-06-05 22:23:28,1,60.8,64.8,18.05,36.26,568,607,454,375,7763
1780698508,2026-06-05 22:28:28,1,60.77,64.47,18.22,35.58,567,603,456,373,7764
1780698808,2026-06-05 22:33:28,1,61.07,65.58,18.13,35.41,565,610,454,373,7765
1780699108,2026-06-05 22:38:28,1,61.41,65.89,18.39,34.12,573,616,458,366,7766
1780699408,2026-06-05 22:43:28,1,61.17,66.4,17.87,32.46,570,619,454,353,7767
1780699708,2026-06-05 22:48:28,1,60.79,66.07,17.87,33.68,568,614,450,363,7768
1780700008,2026-06-05 22:53:28,1,61.57,66.76,18.76,32.84,572,621,460,358,7769
1780700308,2026-06-05 22:58:28,1,61.07,67.02,17.57,31.57,567,621,450,349,7770
1780700608,2026-06-05 23:03:28,1,61.56,65.7,17.87,33.42,575,610,451,360,7771
1780700908,2026-06-05 23:08:28,1,61.28,67.12,17.77,29.95,571,621,452,338,7772
1780701208,2026-06-05 23:13:28,1,61.45,66.55,18.04,29.44,569,619,451,337,7773
1780701508,2026-06-05 23:18:28,1,61.4,66.18,17.56,30.08,569,619,449,342,7774
1780701808,2026-06-05 23:23:28,1,61.25,67.1,17.88,28.71,570,624,452,329,7775
1780702108,2026-06-05 23:28:28,1,61.48,67.58,17.25,32.52,569,624,446,355,7776
1780702408,2026-06-05 23:33:28,1,61.42,66.59,17.79,29.82,571,616,452,335,7777
1780702708,2026-06-05 23:38:28,1,61.72,67.82,18.54,29.25,568,625,457,333,7778
1780703008,2026-06-05 23:43:28,1,61.04,66.97,17.83,28.3,570,620,454,331,7779
1780703308,2026-06-05 23:48:28,1,61.51,68.05,18.22,27.91,570,628,456,325,7780
1780703608,2026-06-05 23:53:28,1,61.29,68.07,18.53,28.98,571,635,456,336,7781
1780703908,2026-06-05 23:58:28,1,61.11,67.92,17.94,25.5,568,627,451,312,7782
1780704208,2026-06-06 00:03:28,1,61.3,67.55,17.46,24.92,570,623,446,309,7783
1780704508,2026-06-06 00:08:28,1,61.31,68.92,18.07,28.63,569,639,452,327,7784
1780704808,2026-06-06 00:13:28,1,61.21,67.62,17.94,27.87,568,626,454,327,7785
1780705108,2026-06-06 00:18:28,1,61.87,68.82,18.28,28.12,575,635,455,331,7786
1780705408,2026-06-06 00:23:28,1,61.79,69.46,18.47,25.23,574,642,459,309,7787
1780705708,2026-06-06 00:28:28,1,61.16,69.24,18.69,23.55,570,638,457,304,7788
1780706008,2026-06-06 00:33:28,1,61.46,67.75,17.81,26.97,570,625,452,319,7789
1780706308,2026-06-06 00:38:28,1,61.33,68.26,18.33,24.77,571,634,455,307,7790
1780706608,2026-06-06 00:43:28,1,61.35,68.67,18.94,25.95,572,634,462,316,7791
1780706908,2026-06-06 00:48:28,1,61.06,68.32,17.91,24.45,567,635,453,305,7792
1780707208,2026-06-06 00:53:28,1,61.41,68.22,18.54,24.69,572,635,458,308,7793
1780707508,2026-06-06 00:58:28,1,61.38,68.88,17.67,25.91,572,635,452,315,7794
1780707808,2026-06-06 01:03:28,1,61.6,69.56,18.36,21.0,571,641,455,287,7795
1780708108,2026-06-06 01:08:28,1,60.94,68.54,18.17,22.55,569,633,454,294,7796
1780708408,2026-06-06 01:13:28,1,60.94,68.85,17.9,22.13,568,638,451,292,7797
1780708708,2026-06-06 01:18:28,1,61.67,69.42,18.52,20.43,574,640,458,283,7798
1780709008,2026-06-06 01:23:28,1,61.24,69.57,18.26,21.7,572,638,457,289,7799
1780709308,2026-06-06 01:28:28,1,61.47,69.16,18.51,21.41,574,635,459,287,7800
1780709608,2026-06-06 01:33:28,1,61.72,70.5,18.77,21.49,571,646,463,290,7801
1780709908,2026-06-06 01:38:28,1,61.19,69.35,18.46,19.1,567,641,458,274,7802
1780710208,2026-06-06 01:43:28,1,61.36,68.77,18.33,21.23,567,634,454,285,7803
1780710508,2026-06-06 01:48:28,1,61.49,68.7,18.73,20.16,571,636,458,282,7804
1780710808,2026-06-06 01:53:28,1,61.69,70.12,18.36,19.23,575,647,454,274,7805
1780711108,2026-06-06 01:58:28,1,61.31,69.64,19.58,20.2,572,642,465,283,7806
1780711408,2026-06-06 02:03:28,1,61.51,69.04,18.4,19.68,572,636,459,275,7807
1780711708,2026-06-06 02:08:28,1,61.74,69.18,19.19,21.02,570,635,463,283,7808
1780712008,2026-06-06 02:13:28,1,61.67,70.42,18.73,18.0,572,648,461,270,7809
1780712308,2026-06-06 02:18:28,1,61.94,70.28,19.71,22.9,574,647,468,298,7810
1780712608,2026-06-06 02:23:28,1,61.54,69.96,18.58,18.0,571,644,458,270,7811
1780712908,2026-06-06 02:28:28,1,61.72,70.0,19.39,18.0,571,644,465,266,7812
1780713208,2026-06-06 02:33:28,1,61.98,69.49,18.98,18.0,572,642,459,269,7813
1780713508,2026-06-06 02:38:28,1,61.8,69.73,19.08,18.5,572,641,461,268,7814
1780713808,2026-06-06 02:43:28,1,62.38,69.36,19.44,19.53,576,640,466,275,7815
1780714108,2026-06-06 02:48:28,1,61.81,69.98,18.96,18.0,573,644,462,268,7816
1780714408,2026-06-06 02:53:28,1,62.05,68.22,19.79,18.0,572,633,467,270,7817
1780714708,2026-06-06 02:58:28,1,61.09,70.8,18.92,18.0,568,648,461,268,7818
1780715008,2026-06-06 03:03:28,1,62.09,68.85,19.44,18.52,572,635,466,273,7819
1780715308,2026-06-06 03:08:28,1,62.24,68.51,19.72,18.0,577,632,467,268,7820
1780715608,2026-06-06 03:13:28,1,61.78,68.91,19.06,18.31,571,630,461,270,7821
1780715908,2026-06-06 03:18:28,1,62.06,68.31,18.85,18.0,576,631,458,266,7822
1780716208,2026-06-06 03:23:28,1,62.05,69.14,19.72,18.11,574,638,469,266,7823
1780716508,2026-06-06 03:28:28,1,62.04,70.05,19.27,20.63,573,646,461,281,7824
1780716808,2026-06-06 03:33:28,1,62.24,70.17,19.56,19.68,576,646,465,279,7825
1780717108,2026-06-06 03:38:28,1,62.09,69.02,20.06,18.0,575,637,470,268,7826
1780717408,2026-06-06 03:43:28,1,62.07,69.23,20.37,22.11,575,639,470,293,7827
1780717708,2026-06-06 03:48:28,1,62.01,68.91,20.42,19.69,574,635,473,279,7828
1780718008,2026-06-06 03:53:28,1,62.23,68.79,19.88,18.0,574,639,469,268,7829
1780718308,2026-06-06 03:58:28,1,61.9,68.83,20.12,18.0,574,637,470,267,7830
1780718608,2026-06-06 04:03:28,1,62.33,68.58,20.54,18.0,576,633,475,269,7831
1780718908,2026-06-06 04:08:28,1,62.23,68.82,20.48,18.0,574,637,472,268,7832
1780719208,2026-06-06 04:13:28,1,62.39,69.42,20.04,19.25,577,638,470,272,7833
1780719508,2026-06-06 04:18:28,1,62.63,68.81,20.71,18.0,576,637,477,267,7834
1780719808,2026-06-06 04:23:28,1,62.48,69.08,21.19,18.0,577,639,480,269,7835
1780720108,2026-06-06 04:28:28,1,62.32,67.19,20.2,19.99,574,622,468,278,7836
1780720408,2026-06-06 04:33:28,1,62.73,68.85,20.17,18.68,580,639,469,271,7837
1780720708,2026-06-06 04:38:28,1,62.17,67.87,20.17,20.77,574,628,470,287,7838
1780721008,2026-06-06 04:43:28,1,63.06,68.22,20.59,21.52,581,630,474,290,7839
1780721308,2026-06-06 04:48:28,1,63.01,67.19,20.52,19.81,579,621,474,279,7840
1780721608,2026-06-06 04:53:28,1,63.22,67.69,20.32,19.58,582,626,470,275,7841
1780721908,2026-06-06 04:58:28,1,63.27,67.94,20.79,20.48,583,626,475,279,7842
1780722208,2026-06-06 05:03:28,1,62.8,67.46,20.75,20.01,581,627,477,279,7843
1780722508,2026-06-06 05:08:28,1,63.08,67.63,21.41,21.46,581,626,483,291,7844
1780722808,2026-06-06 05:13:28,1,62.89,67.52,20.79,21.06,580,624,476,286,7845
1780723108,2026-06-06 05:18:28,1,62.41,67.67,21.04,20.87,576,626,478,285,7846
1780723408,2026-06-06 05:23:28,1,62.88,65.62,20.99,20.57,582,609,477,285,7847
1780723708,2026-06-06 05:28:28,1,62.88,66.79,21.83,22.06,580,622,484,292,7848
1780724008,2026-06-06 05:33:28,1,63.18,67.41,21.13,22.54,582,622,478,296,7849
1780724308,2026-06-06 05:38:28,1,62.92,67.84,21.55,21.73,580,628,485,290,7850
1780724608,2026-06-06 05:43:28,1,62.88,66.85,21.68,22.59,576,618,483,297,7851
1780724908,2026-06-06 05:48:28,1,62.82,65.74,21.74,24.42,579,611,485,306,7852
1780725208,2026-06-06 05:53:28,1,63.37,66.37,21.55,23.13,583,614,483,296,7853
1780725508,2026-06-06 05:58:28,1,63.52,66.13,21.8,23.64,582,615,485,301,7854
1780725808,2026-06-06 06:03:28,1,63.01,66.99,21.78,23.35,583,625,483,298,7855
1780726108,2026-06-06 06:08:28,1,63.04,67.04,22.42,23.66,578,621,487,305,7856
1780726408,2026-06-06 06:13:28,1,63.1,66.06,22.04,25.91,580,616,487,314,7857
1780726708,2026-06-06 06:18:28,1,63.01,66.77,22.68,24.48,580,622,492,306,7858
1780727008,2026-06-06 06:23:28,1,63.53,66.54,22.55,25.41,581,616,490,311,7859
1780727308,2026-06-06 06:28:28,1,63.32,65.13,22.26,27.31,580,605,484,324,7860
1780727608,2026-06-06 06:33:28,1,62.94,65.43,22.28,26.84,578,611,487,322,7861
1780727908,2026-06-06 06:38:28,1,63.46,65.06,22.63,27.9,583,608,490,324,7862
1780728208,2026-06-06 06:43:28,1,63.34,65.43,22.64,27.09,581,609,490,322,7863
1780728508,2026-06-06 06:48:28,1,63.04,65.24,22.21,25.73,580,610,487,314,7864
1780728808,2026-06-06 06:53:28,1,63.76,65.06,22.89,28.59,585,608,492,330,7865
1780729108,2026-06-06 06:58:28,1,62.97,64.96,22.74,25.32,578,608,492,310,7866
1780729408,2026-06-06 07:03:28,1,63.34,65.37,22.94,27.44,583,608,492,325,7867
1780729708,2026-06-06 07:08:28,1,63.44,64.54,23.28,26.81,581,603,498,321,7868
1780730008,2026-06-06 07:13:28,1,63.57,64.67,23.4,27.01,584,606,502,321,7869
1780730308,2026-06-06 07:18:28,1,64.0,65.55,22.61,28.08,586,610,492,331,7870
1780730608,2026-06-06 07:23:28,1,63.46,65.1,23.47,32.53,582,607,500,354,7871
1780730908,2026-06-06 07:28:28,1,63.64,64.3,24.12,31.12,583,604,502,345,7872
1780731208,2026-06-06 07:33:28,1,63.35,63.83,23.76,32.42,583,599,502,353,7873
1780731508,2026-06-06 07:38:28,1,64.16,65.85,23.34,28.05,586,611,496,328,7874
1780731808,2026-06-06 07:43:28,1,64.27,63.85,23.56,32.23,586,596,498,352,7875
1780732108,2026-06-06 07:48:28,1,63.54,64.0,24.34,32.88,582,600,503,359,7876
1780732408,2026-06-06 07:53:28,1,64.06,63.27,23.79,32.93,587,593,500,355,7877
1780732708,2026-06-06 07:58:28,1,63.73,65.04,23.18,29.47,583,607,496,335,7878
1780733008,2026-06-06 08:03:28,1,63.98,63.79,22.85,30.15,587,596,492,340,7879
1780733308,2026-06-06 08:08:28,1,63.67,64.3,23.4,32.63,588,604,497,353,7880
1780733608,2026-06-06 08:13:28,1,63.85,64.37,23.81,33.9,587,601,498,362,7881
1780733908,2026-06-06 08:18:28,1,63.73,63.11,23.65,34.94,585,593,498,370,7882
1780734208,2026-06-06 08:23:28,1,63.9,63.82,23.44,35.48,585,598,496,371,7883
1780734508,2026-06-06 08:28:28,1,63.92,63.92,24.59,35.55,584,599,504,372,7884
1780734808,2026-06-06 08:33:28,1,63.69,64.11,23.34,35.99,584,597,499,376,7885
1780735108,2026-06-06 08:38:28,1,63.55,63.39,23.65,38.05,580,593,500,386,7886
1780735408,2026-06-06 08:43:28,1,63.87,64.09,23.53,35.38,584,602,496,370,7887
1780735708,2026-06-06 08:48:28,1,63.52,64.64,24.04,34.42,581,606,502,365,7888
1780736008,2026-06-06 08:53:28,1,63.64,64.81,23.88,35.1,583,605,500,369,7889
1780736308,2026-06-06 08:58:28,1,64.2,64.14,24.39,34.65,585,601,505,367,7890
1780736608,2026-06-06 09:03:28,1,64.2,65.05,23.95,35.8,588,608,502,375,7891
1780736908,2026-06-06 09:08:28,1,64.21,64.38,24.43,39.53,587,605,505,399,7892
1780737208,2026-06-06 09:13:28,1,64.0,64.34,24.54,38.29,586,600,505,385,7893
1780737508,2026-06-06 09:18:28,1,64.26,64.37,24.33,37.51,585,602,505,385,7894
1780737808,2026-06-06 09:23:28,1,64.52,65.04,25.18,39.9,590,609,511,400,7895
1780738108,2026-06-06 09:28:28,1,64.74,64.19,24.41,39.42,591,600,505,395,7896
1780738408,2026-06-06 09:33:28,1,64.53,63.1,24.15,37.97,588,589,500,390,7897
1780738708,2026-06-06 09:38:28,1,64.11,65.6,24.46,39.95,589,614,504,400,7898
1780739008,2026-06-06 09:43:28,1,64.31,64.62,24.46,38.31,587,603,507,389,7899
1780739308,2026-06-06 09:48:28,1,63.9,64.94,25.16,38.57,587,606,512,391,7900
1780739608,2026-06-06 09:53:28,1,64.41,65.76,25.02,42.29,586,618,509,410,7901
1780739908,2026-06-06 09:58:28,1,64.3,64.54,24.49,41.56,585,604,505,410,7902
1780740208,2026-06-06 10:03:28,1,64.37,65.31,24.97,39.58,587,608,511,398,7903
1780740508,2026-06-06 10:08:28,1,64.72,64.96,24.88,38.04,589,605,507,388,7904
1780740808,2026-06-06 10:13:28,1,63.89,65.05,24.77,40.09,586,606,506,401,7905
1780741108,2026-06-06 10:18:28,1,64.3,65.34,25.01,40.3,587,608,510,402,7906
1780741408,2026-06-06 10:23:28,1,64.67,65.47,23.83,40.65,590,612,498,402,7907
1780741708,2026-06-06 10:28:28,1,63.99,66.2,24.95,40.88,586,615,510,406,7908
1780742008,2026-06-06 10:33:28,1,64.49,65.51,24.8,40.76,588,615,509,405,7909
1780742308,2026-06-06 10:38:28,1,63.9,65.92,24.78,40.48,584,614,505,403,7910
1780742608,2026-06-06 10:43:28,1,64.18,65.42,24.9,38.65,585,608,507,392,7911
1780742908,2026-06-06 10:48:28,1,64.37,66.42,25.11,39.48,587,619,510,395,7912
1780743208,2026-06-06 10:53:28,1,64.14,65.59,24.72,41.33,587,612,507,406,7913
1780743508,2026-06-06 10:58:28,1,64.18,66.88,24.86,43.08,586,624,510,420,7914
1780743808,2026-06-06 11:03:28,1,64.28,66.42,24.51,42.8,585,617,507,418,7915
1780744108,2026-06-06 11:08:28,1,64.53,66.99,24.97,43.07,587,621,509,416,7916
1780744408,2026-06-06 11:13:28,1,64.6,65.52,24.85,41.2,589,610,508,407,7917
1780744708,2026-06-06 11:18:28,1,64.25,67.35,23.93,41.15,586,630,501,405,7918
1780745008,2026-06-06 11:23:28,1,64.46,67.25,24.72,42.67,591,625,508,417,7919
1780745308,2026-06-06 11:28:28,1,64.76,66.22,24.79,41.37,590,615,508,404,7920
1780745608,2026-06-06 11:33:28,1,64.66,67.32,25.58,42.72,588,625,515,417,7921
1780745908,2026-06-06 11:38:28,1,64.76,66.73,24.67,42.42,590,621,509,415,7922
1780746208,2026-06-06 11:43:28,1,64.36,66.97,24.67,40.01,583,621,506,400,7923
1780746508,2026-06-06 11:48:28,1,64.42,67.13,24.85,42.23,588,622,508,412,7924
1780746808,2026-06-06 11:53:28,1,64.26,66.79,25.29,41.3,585,619,513,409,7925
1780747108,2026-06-06 11:58:28,1,64.34,67.95,24.93,44.57,587,632,510,428,7926
1780747408,2026-06-06 12:03:28,1,64.7,67.09,24.77,41.77,588,625,507,411,7927
1780747708,2026-06-06 12:08:28,1,64.36,68.62,24.4,41.73,588,638,505,411,7928
1780748008,2026-06-06 12:13:28,1,64.12,68.83,25.2,39.42,585,637,510,396,7929
1780748308,2026-06-06 12:18:28,1,64.22,67.46,25.02,42.69,587,623,508,417,7930
1780748608,2026-06-06 12:23:28,1,63.92,69.17,24.55,41.48,581,638,507,409,7931
1780748908,2026-06-06 12:28:28,1,64.17,67.84,24.59,39.59,585,627,502,396,7932
1780749208,2026-06-06 12:33:28,1,64.69,68.02,25.08,40.28,589,631,506,407,7933
1780749508,2026-06-06 12:38:28,1,64.24,67.85,24.33,42.16,582,630,505,413,7934
1780749808,2026-06-06 12:43:28,1,64.32,69.73,24.49,38.41,589,642,506,390,7935
1780750108,2026-06-06 12:48:28,1,63.97,68.54,24.67,40.69,585,636,507,406,7936
1780750408,2026-06-06 12:53:28,1,64.43,69.64,24.42,40.79,588,640,503,403,7937
1780750708,2026-06-06 12:58:28,1,64.7,69.39,24.41,39.73,590,638,504,398,7938
1780751008,2026-06-06 13:03:28,1,64.39,69.29,24.33,39.64,586,639,506,397,7939
1780751308,2026-06-06 13:08:28,1,64.3,68.84,24.67,36.41,587,640,508,379,7940
1780751608,2026-06-06 13:13:28,1,63.9,70.01,24.67,39.13,583,643,507,396,7941
1780751908,2026-06-06 13:18:28,1,64.14,69.43,24.49,37.46,588,641,505,383,7942
1780752208,2026-06-06 13:23:28,1,63.78,69.39,25.23,38.25,584,640,509,387,7943
1780752508,2026-06-06 13:28:28,1,63.9,69.37,24.55,37.77,586,640,505,389,7944
1780752808,2026-06-06 13:33:28,1,64.13,68.96,24.95,36.2,586,636,508,377,7945
1780753108,2026-06-06 13:38:28,1,64.12,68.28,25.33,34.32,585,630,513,364,7946
1780753408,2026-06-06 13:43:28,1,63.95,68.98,24.9,38.75,585,633,507,391,7947
1780753708,2026-06-06 13:48:28,1,64.04,69.48,24.03,38.48,587,643,498,391,7948
1780754008,2026-06-06 13:53:28,1,64.28,69.41,24.35,35.12,586,640,505,370,7949
1780754308,2026-06-06 13:58:28,1,63.87,69.9,24.04,36.56,588,643,501,381,7950
1780754608,2026-06-06 14:03:28,1,64.05,70.34,24.23,36.11,587,648,503,378,7951
1780754908,2026-06-06 14:08:28,1,63.68,69.19,25.16,37.33,584,639,510,384,7952
1780755208,2026-06-06 14:13:28,1,63.94,70.19,24.24,36.23,584,643,504,378,7953
1780755508,2026-06-06 14:18:28,1,63.83,70.95,23.92,37.07,582,651,502,381,7954
1780755808,2026-06-06 14:23:28,1,63.63,69.46,24.12,32.38,583,642,501,355,7955
1780756108,2026-06-06 14:28:28,1,64.28,69.69,23.98,35.26,585,645,502,371,7956
1780756408,2026-06-06 14:33:28,1,63.33,68.91,23.99,36.0,582,638,501,376,7957
1780756708,2026-06-06 14:38:28,1,64.17,69.15,24.17,36.06,584,636,504,374,7958
1780757008,2026-06-06 14:43:28,1,63.99,70.2,23.75,33.1,585,647,499,358,7959
1780757308,2026-06-06 14:48:28,1,64.23,69.28,23.6,35.7,587,639,499,372,7960
1780757608,2026-06-06 14:53:28,1,63.4,69.01,23.39,33.65,586,636,500,361,7961
1780757908,2026-06-06 14:58:28,1,63.65,68.8,23.46,32.42,583,636,499,354,7962
1780758208,2026-06-06 15:03:28,1,63.69,70.06,23.68,31.04,588,645,497,347,7963
1780758508,2026-06-06 15:08:28,1,63.78,68.6,23.19,29.51,583,631,494,339,7964
1780758808,2026-06-06 15:13:28,1,63.79,70.54,23.4,33.91,583,646,495,362,7965
1780759108,2026-06-06 15:18:28,1,63.68,68.83,23.48,28.21,584,634,495,326,7966
1780759408,2026-06-06 15:23:28,1,63.31,68.79,22.91,30.32,581,635,494,342,7967
1780759708,2026-06-06 15:28:28,1,63.95,69.52,22.93,28.21,584,640,491,329,7968
1780760008,2026-06-06 15:33:28,1,63.63,69.06,22.63,29.97,583,633,490,340,7969
1780760308,2026-06-06 15:38:28,1,63.81,69.69,23.69,30.8,584,639,500,344,7970
1780760608,2026-06-06 15:43:28,1,63.73,67.96,22.96,28.4,584,632,492,332,7971
1780760908,2026-06-06 15:48:28,1,63.28,69.47,22.34,30.55,580,638,489,344,7972
1780761208,2026-06-06 15:53:28,1,63.21,68.74,22.71,26.7,580,637,489,321,7973
1780761508,2026-06-06 15:58:28,1,63.16,68.42,22.46,28.41,582,633,490,330,7974
1780761808,2026-06-06 16:03:28,1,63.31,68.46,22.89,27.72,582,630,493,325,7975
1780762108,2026-06-06 16:08:28,1,63.04,69.27,22.77,27.03,578,639,490,320,7976
1780762408,2026-06-06 16:13:28,1,63.27,67.23,22.19,26.42,579,626,487,316,7977
1780762708,2026-06-06 16:18:28,1,63.46,67.57,22.65,25.5,581,628,491,313,7978
1780763008,2026-06-06 16:23:28,1,63.42,67.7,22.3,26.42,582,624,486,316,7979
1780763308,2026-06-06 16:28:28,1,63.38,67.69,22.54,25.19,582,625,491,312,7980
1780763608,2026-06-06 16:33:28,1,63.67,67.51,21.86,25.26,581,627,483,311,7981
1780763908,2026-06-06 16:38:28,1,63.32,67.59,21.89,27.06,582,629,485,321,7982
1780764208,2026-06-06 16:43:28,1,63.23,68.46,21.83,24.98,580,634,482,306,7983
1780764508,2026-06-06 16:48:28,1,62.64,68.13,21.57,21.85,579,632,484,290,7984
1780764808,2026-06-06 16:53:28,1,62.78,67.85,22.51,25.32,580,627,490,309,7985
1780765108,2026-06-06 16:58:28,1,63.12,67.53,21.98,24.17,580,624,484,302,7986
1780765408,2026-06-06 17:03:28,1,63.12,68.42,21.47,22.97,580,635,480,299,7987
1780765708,2026-06-06 17:08:28,1,63.1,67.18,22.23,21.1,583,621,488,287,7988
1780766008,2026-06-06 17:13:28,1,63.0,67.92,22.35,23.82,580,631,487,302,7989
1780766308,2026-06-06 17:18:28,1,62.64,66.74,22.14,22.37,576,618,485,292,7990
1780766608,2026-06-06 17:23:28,1,62.99,66.64,22.45,19.59,580,622,491,280,7991
1780766908,2026-06-06 17:28:28,1,62.77,67.56,21.36,19.6,577,625,480,276,7992
1780767208,2026-06-06 17:33:28,1,63.17,67.05,21.95,19.13,582,623,487,273,7993
1780767508,2026-06-06 17:38:28,1,62.76,67.38,21.54,19.85,579,626,482,277,7994
1780767808,2026-06-06 17:43:28,1,62.9,67.34,21.94,20.96,580,625,487,280,7995
1780768108,2026-06-06 17:48:28,1,63.34,66.29,21.77,19.74,579,617,485,279,7996
1780768408,2026-06-06 17:53:28,1,62.9,65.55,21.02,20.89,580,612,478,284,7997
1780768708,2026-06-06 17:58:28,1,62.76,66.75,20.23,19.4,580,621,473,274,7998
1780769008,2026-06-06 18:03:28,1,62.53,66.65,20.96,20.36,575,622,475,283,7999
1780769308,2026-06-06 18:08:28,1,62.86,67.56,21.0,19.3,575,625,478,277,8000
1780769608,2026-06-06 18:13:28,1,62.17,64.95,20.88,19.81,576,607,479,280,8001
1780769908,2026-06-06 18:18:28,1,62.25,66.62,21.05,19.41,576,618,476,277,8002
1780770208,2026-06-06 18:23:28,1,62.04,65.77,20.05,18.0,576,614,468,266,8003
1780770508,2026-06-06 18:28:28,1,62.62,65.98,20.64,18.0,579,613,470,267,8004
1780770808,2026-06-06 18:33:28,1,62.52,65.5,20.31,18.28,579,609,472,268,8005
1780771108,2026-06-06 18:38:28,1,62.57,65.74,20.73,19.47,577,612,472,275,8006
1780771408,2026-06-06 18:43:28,1,62.44,65.75,20.79,18.0,577,614,477,268,8007
1780771708,2026-06-06 18:48:28,1,62.52,65.94,19.73,18.0,577,611,467,267,8008
1780772008,2026-06-06 18:53:28,1,62.86,65.23,20.53,18.36,579,609,473,270,8009
1780772308,2026-06-06 18:58:28,1,62.46,64.43,21.05,19.94,578,603,479,278,8010
1780772608,2026-06-06 19:03:28,1,62.32,65.22,19.75,18.0,576,605,466,269,8011
1780772908,2026-06-06 19:08:28,1,62.1,66.43,20.4,18.0,574,618,474,267,8012
1780773208,2026-06-06 19:13:28,1,61.98,65.47,20.14,18.0,576,609,469,268,8013
1780773508,2026-06-06 19:18:28,1,62.41,64.57,19.87,18.0,576,604,471,268,8014
1780773808,2026-06-06 19:23:28,1,62.36,64.95,19.86,18.0,576,608,467,267,8015
1780774108,2026-06-06 19:28:28,1,62.22,65.77,18.96,19.07,576,616,460,274,8016
1780774408,2026-06-06 19:33:28,1,62.45,66.25,19.41,18.63,576,617,464,269,8017
1780774708,2026-06-06 19:38:28,1,61.72,64.55,19.65,18.0,573,603,465,268,8018
1780775008,2026-06-06 19:43:28,1,62.03,64.8,19.04,19.98,575,603,463,279,8019
1780775308,2026-06-06 19:48:28,1,62.19,64.76,19.87,21.15,575,607,467,287,8020
1780775608,2026-06-06 19:53:28,1,61.92,63.59,18.92,20.8,575,597,459,284,8021
1780775908,2026-06-06 19:58:28,1,62.0,64.01,20.16,20.84,571,600,472,285,8022
1780776208,2026-06-06 20:03:28,1,62.5,64.42,19.75,18.0,578,601,468,267,8023
1780776508,2026-06-06 20:08:28,1,62.09,63.76,19.91,18.0,574,596,467,268,8024
1780776808,2026-06-06 20:13:28,1,62.09,64.32,18.97,18.0,575,600,460,268,8025
1780777108,2026-06-06 20:18:28,1,62.25,65.19,18.81,20.2,575,608,460,281,8026
1780777408,2026-06-06 20:23:28,1,62.08,64.51,19.1,18.97,575,607,462,271,8027
1780777708,2026-06-06 20:28:28,1,62.08,64.89,19.85,18.0,573,609,467,267,8028
1780778008,2026-06-06 20:33:28,1,61.69,63.45,18.47,18.29,572,593,459,271,8029
1780778308,2026-06-06 20:38:28,1,61.88,64.67,18.78,18.73,574,605,460,272,8030
1780778608,2026-06-06 20:43:28,1,61.51,64.56,18.86,19.75,571,603,458,278,8031
1780778908,2026-06-06 20:48:28,1,61.7,64.38,18.53,18.75,573,600,459,269,8032
1780779208,2026-06-06 20:53:28,1,61.71,64.9,18.99,19.97,571,605,461,279,8033
1780779508,2026-06-06 20:58:28,1,61.74,64.29,18.49,18.46,572,601,454,271,8034
1780779808,2026-06-06 21:03:28,1,60.98,64.78,18.45,21.65,568,605,458,292,8035
1780780108,2026-06-06 21:08:28,1,61.86,65.77,18.65,19.69,573,614,457,276,8036
1780780408,2026-06-06 21:13:28,1,61.32,64.46,18.45,21.93,568,602,457,290,8037
1780780708,2026-06-06 21:18:28,1,61.88,63.7,19.72,20.12,571,591,466,280,8038
1780781008,2026-06-06 21:23:28,1,61.54,65.04,18.49,22.42,573,606,457,295,8039
1780781308,2026-06-06 21:28:28,1,61.33,64.61,18.06,22.72,568,604,456,296,8040
1780781608,2026-06-06 21:33:28,1,61.52,65.3,18.4,22.42,571,611,458,295,8041
1780781908,2026-06-06 21:38:28,1,61.39,63.74,18.24,23.3,570,597,457,299,8042
1780782208,2026-06-06 21:43:28,1,61.17,63.72,17.87,20.67,570,600,453,283,8043
1780782508,2026-06-06 21:48:28,1,61.15,63.93,17.96,22.72,568,597,456,294,8044
1780782808,2026-06-06 21:53:28,1,61.7,64.17,18.85,25.76,571,606,461,313,8045
1780783108,2026-06-06 21:58:28,1,61.44,64.79,18.41,21.22,570,602,456,286,8046
1780783408,2026-06-06 22:03:28,1,61.53,64.51,18.58,25.21,574,602,460,312,8047
1780783708,2026-06-06 22:08:28,1,61.78,65.05,18.14,24.39,574,607,456,304,8048
1780784008,2026-06-06 22:13:28,1,61.6,66.06,18.42,26.29,570,622,459,318,8049
1780784308,2026-06-06 22:18:28,1,61.37,65.95,18.53,25.89,570,615,456,317,8050
1780784608,2026-06-06 22:23:28,1,61.21,65.63,18.15,23.38,566,609,455,300,8051
1780784908,2026-06-06 22:28:28,1,61.53,65.66,17.99,26.36,568,612,454,318,8052
1780785208,2026-06-06 22:33:28,1,61.46,65.24,17.77,24.34,573,612,450,309,8053
1780785508,2026-06-06 22:38:28,1,61.45,65.87,18.16,24.19,573,614,454,304,8054
1780785808,2026-06-06 22:43:28,1,61.5,66.26,18.36,26.18,573,621,457,313,8055
1780786108,2026-06-06 22:48:28,1,61.43,66.51,18.8,26.19,571,618,459,316,8056
1780786408,2026-06-06 22:53:28,1,61.72,67.52,17.56,27.09,572,625,450,321,8057
1780786708,2026-06-06 22:58:28,1,61.58,65.87,17.9,27.72,569,614,454,327,8058
1780787008,2026-06-06 23:03:28,1,61.28,65.54,17.79,30.2,569,610,452,342,8059
1780787308,2026-06-06 23:08:28,1,61.63,66.54,18.26,25.29,572,619,453,311,8060
1780787608,2026-06-06 23:13:28,1,62.1,67.12,18.41,28.29,574,625,456,330,8061
1780787908,2026-06-06 23:18:28,1,61.76,68.66,17.86,28.3,574,633,453,330,8062
1780788208,2026-06-06 23:23:28,1,61.61,67.2,17.78,30.59,577,626,453,342,8063
1780788508,2026-06-06 23:28:28,1,61.5,67.75,17.9,28.61,572,627,454,331,8064
1780788808,2026-06-06 23:33:28,1,61.51,67.03,17.84,31.7,569,620,450,347,8065
1780789108,2026-06-06 23:38:28,1,61.65,66.56,18.36,32.43,573,619,457,356,8066
1780789408,2026-06-06 23:43:28,1,61.43,66.93,17.25,32.05,572,620,447,351,8067
1780789708,2026-06-06 23:48:28,1,61.42,67.1,18.47,31.43,576,624,458,349,8068
1780790008,2026-06-06 23:53:28,1,61.48,67.81,18.28,34.15,570,626,456,365,8069
1780790308,2026-06-06 23:58:28,1,61.53,67.92,17.85,29.02,571,630,452,336,8070
1780790608,2026-06-07 00:03:28,1,61.12,67.73,17.38,30.46,567,626,447,342,8071
1780790908,2026-06-07 00:08:28,1,61.64,68.26,18.59,37.24,572,634,459,383,8072
1780791208,2026-06-07 00:13:28,1,61.47,69.23,17.88,32.94,574,641,452,356,8073
1780791508,2026-06-07 00:18:28,1,61.42,69.04,17.64,33.57,571,637,450,360,8074
1780791808,2026-06-07 00:23:28,1,61.6,68.48,17.98,36.05,570,632,451,375,8075
1780792108,2026-06-07 00:28:28,1,61.29,68.02,17.6,37.36,568,631,447,384,8076
1780792408,2026-06-07 00:33:28,1,61.28,69.07,17.87,33.97,569,638,451,364,8077
1780792708,2026-06-07 00:38:28,1,61.3,68.93,17.87,36.3,570,641,451,379,8078
1780793008,2026-06-07 00:43:28,1,61.62,68.98,17.91,37.11,572,634,452,384,8079
1780793308,2026-06-07 00:48:28,1,61.14,70.17,18.12,35.0,566,646,455,370,8080
1780793608,2026-06-07 00:53:28,1,61.63,68.38,18.46,35.6,571,635,457,374,8081
1780793908,2026-06-07 00:58:28,1,61.42,68.54,17.99,34.61,569,636,452,367,8082
1780794208,2026-06-07 01:03:28,1,61.59,68.74,18.11,36.6,571,639,456,378,8083
1780794508,2026-06-07 01:08:28,1,61.95,68.96,18.29,36.49,574,638,456,376,8084
1780794808,2026-06-07 01:13:28,1,61.21,68.21,18.47,41.44,568,632,455,407,8085
1780795108,2026-06-07 01:18:28,1,62.01,69.57,19.02,34.52,575,644,462,367,8086
1780795408,2026-06-07 01:23:28,1,61.68,70.18,18.57,37.59,573,646,458,384,8087
1780795708,2026-06-07 01:28:28,1,61.3,68.79,18.5,38.05,569,635,459,388,8088
1780796008,2026-06-07 01:33:28,1,61.51,69.91,18.92,39.93,573,643,460,399,8089
1780796308,2026-06-07 01:38:28,1,60.96,68.5,17.95,37.93,568,632,453,386,8090
1780796608,2026-06-07 01:43:28,1,61.92,69.01,19.51,40.98,572,637,466,408,8091
1780796908,2026-06-07 01:48:28,1,61.87,69.56,18.37,37.06,576,641,458,382,8092
1780797208,2026-06-07 01:53:28,1,62.08,69.96,18.59,40.76,572,640,462,404,8093
1780797508,2026-06-07 01:58:28,1,61.41,68.43,19.14,40.67,569,632,463,404,8094
1780797808,2026-06-07 02:03:28,1,61.59,68.6,18.83,40.4,570,637,460,404,8095
1780798108,2026-06-07 02:08:28,1,61.85,68.96,18.7,39.13,573,634,459,393,8096
1780798408,2026-06-07 02:13:28,1,61.94,68.78,19.07,37.77,572,635,464,387,8097
1780798708,2026-06-07 02:18:28,1,61.87,69.47,18.95,39.19,575,641,463,397,8098
1780799008,2026-06-07 02:23:28,1,61.81,69.23,18.8,40.64,571,642,460,403,8099
1780799308,2026-06-07 02:28:28,1,62.25,71.24,18.96,41.47,574,656,461,409,8100
1780799608,2026-06-07 02:33:28,1,61.74,70.24,19.44,39.69,572,644,466,397,8101
1780799908,2026-06-07 02:38:28,1,61.96,68.9,19.08,43.69,573,634,465,422,8102
1780800208,2026-06-07 02:43:28,1,62.35,69.65,19.63,40.8,577,641,466,405,8103
1780800508,2026-06-07 02:48:28,1,62.39,69.05,19.27,40.96,576,639,465,408,8104
1780800808,2026-06-07 02:53:28,1,62.57,69.97,18.89,42.13,578,641,458,410,8105
1780801108,2026-06-07 02:58:28,1,61.83,69.72,19.62,43.04,573,642,468,416,8106
1780801408,2026-06-07 03:03:28,1,61.51,69.46,19.41,41.06,575,639,465,404,8107
1780801708,2026-06-07 03:08:28,1,61.98,69.2,19.51,42.31,571,643,468,415,8108
1780802008,2026-06-07 03:13:28,1,62.11,68.79,20.06,41.55,574,636,470,408,8109
1780802308,2026-06-07 03:18:28,1,61.84,68.97,19.6,42.87,574,637,464,416,8110
1780802608,2026-06-07 03:23:28,1,61.97,68.28,19.77,40.51,572,633,468,403,8111
1780802908,2026-06-07 03:28:28,1,62.15,69.89,19.86,42.12,575,643,467,414,8112
1780803208,2026-06-07 03:33:28,1,62.01,69.2,19.4,41.61,572,638,466,409,8113
1780803508,2026-06-07 03:38:28,1,62.33,68.33,20.21,43.66,575,633,471,421,8114
1780803808,2026-06-07 03:43:28,1,62.3,69.69,19.84,39.69,575,638,469,397,8115
1780804108,2026-06-07 03:48:28,1,62.1,68.95,20.0,42.83,576,637,469,417,8116
1780804408,2026-06-07 03:53:28,1,62.14,67.46,20.48,41.19,575,626,473,403,8117
1780804708,2026-06-07 03:58:28,1,62.47,68.53,19.69,44.8,578,632,466,427,8118
1780805008,2026-06-07 04:03:28,1,62.23,68.01,20.39,42.85,576,632,472,415,8119
1780805308,2026-06-07 04:08:28,1,62.48,68.26,20.48,41.55,575,632,474,410,8120
1780805608,2026-06-07 04:13:28,1,62.77,69.09,20.81,43.03,579,636,475,418,8121
1780805908,2026-06-07 04:18:28,1,62.82,68.11,19.71,39.56,579,631,467,397,8122
1780806208,2026-06-07 04:23:28,1,62.81,68.32,21.0,39.1,576,633,477,396,8123
1780806508,2026-06-07 04:28:28,1,62.55,68.47,20.65,43.43,578,634,475,425,8124
1780806808,2026-06-07 04:33:28,1,62.33,67.65,20.5,40.46,575,628,474,404,8125
1780807108,2026-06-07 04:38:28,1,62.48,68.11,20.4,41.54,575,631,472,408,8126
1780807408,2026-06-07 04:43:28,1,62.56,68.73,20.54,40.43,577,634,475,400,8127
1780807708,2026-06-07 04:48:28,1,62.49,68.58,22.23,39.24,576,631,485,396,8128
1780808008,2026-06-07 04:53:28,1,63.13,67.45,21.38,40.98,581,624,482,404,8129
1780808308,2026-06-07 04:58:28,1,62.86,67.22,21.4,41.11,579,623,483,405,8130
1780808608,2026-06-07 05:03:28,1,63.05,67.9,20.81,38.19,578,630,472,391,8131
1780808908,2026-06-07 05:08:28,1,62.6,67.05,20.5,41.84,577,621,473,408,8132
1780809208,2026-06-07 05:13:28,1,63.31,66.53,21.54,40.15,581,622,481,398,8133
1780809508,2026-06-07 05:18:28,1,63.17,67.53,21.38,37.83,578,631,481,387,8134
1780809808,2026-06-07 05:23:28,1,62.88,66.51,21.21,39.13,580,621,482,391,8135
1780810108,2026-06-07 05:28:28,1,63.04,65.76,21.01,38.6,582,612,475,392,8136
1780810408,2026-06-07 05:33:28,1,63.04,67.58,22.36,39.79,579,624,488,397,8137
1780810708,2026-06-07 05:38:28,1,63.13,67.64,22.04,39.28,581,629,487,397,8138
1780811008,2026-06-07 05:43:28,1,63.01,66.42,22.18,37.41,579,615,486,386,8139
1780811308,2026-06-07 05:48:28,1,63.07,67.07,21.41,35.55,580,622,484,374,8140
1780811608,2026-06-07 05:53:28,1,63.21,66.45,21.69,34.13,580,619,485,366,8141
1780811908,2026-06-07 05:58:28,1,63.43,66.91,22.05,37.03,583,620,486,382,8142
1780812208,2026-06-07 06:03:28,1,62.6,65.72,21.91,34.35,574,610,488,365,8143
1780812508,2026-06-07 06:08:28,1,63.34,66.2,22.08,38.0,580,617,487,388,8144
1780812808,2026-06-07 06:13:28,1,63.45,66.13,21.51,39.97,580,614,482,398,8145
1780813108,2026-06-07 06:18:28,1,63.07,66.55,22.51,36.09,580,620,490,378,8146
1780813408,2026-06-07 06:23:28,1,63.08,65.5,22.09,35.41,582,612,486,373,8147
1780813708,2026-06-07 06:28:28,1,63.08,64.78,22.46,34.02,580,608,491,362,8148
1780814008,2026-06-07 06:33:28,1,63.22,65.81,23.0,33.77,582,608,493,363,8149
1780814308,2026-06-07 06:38:28,1,63.55,65.54,22.24,35.33,582,612,489,371,8150
1780814608,2026-06-07 06:43:28,1,63.88,65.82,22.64,34.7,582,615,490,370,8151
1780814908,2026-06-07 06:48:28,1,63.79,63.71,22.51,33.62,585,599,492,362,8152
1780815208,2026-06-07 06:53:28,1,63.21,65.39,22.11,32.97,584,608,485,357,8153
1780815508,2026-06-07 06:58:28,1,63.51,66.47,23.12,33.71,585,616,493,363,8154
1780815808,2026-06-07 07:03:28,1,63.44,66.51,22.56,31.77,582,618,490,349,8155
1780816108,2026-06-07 07:08:28,1,63.94,65.82,23.64,33.36,585,617,496,362,8156
1780816408,2026-06-07 07:13:28,1,63.44,65.19,23.1,32.33,585,609,496,353,8157
1780816708,2026-06-07 07:18:28,1,63.52,64.8,23.33,31.64,582,607,498,349,8158
1780817008,2026-06-07 07:23:28,1,63.5,65.33,23.01,31.73,580,611,492,352,8159
1780817308,2026-06-07 07:28:28,1,63.39,65.35,23.48,28.77,580,606,497,333,8160
1780817608,2026-06-07 07:33:28,1,63.95,64.1,23.39,30.41,584,598,498,340,8161
1780817908,2026-06-07 07:38:28,1,63.86,65.28,23.46,30.92,582,611,495,344,8162
1780818208,2026-06-07 07:43:28,1,63.99,63.82,23.74,31.15,583,600,500,345,8163
1780818508,2026-06-07 07:48:28,1,63.69,64.84,23.6,32.25,583,606,501,352,8164
1780818808,2026-06-07 07:53:28,1,63.66,65.98,22.63,29.96,584,612,491,339,8165
1780819108,2026-06-07 07:58:28,1,63.78,64.77,23.71,27.05,586,606,497,322,8166
1780819408,2026-06-07 08:03:28,1,63.75,64.38,23.62,27.58,582,603,496,325,8167
1780819708,2026-06-07 08:08:28,1,63.95,64.71,23.51,29.42,586,607,496,334,8168
1780820008,2026-06-07 08:13:28,1,63.82,65.46,24.05,24.9,583,612,501,309,8169
1780820308,2026-06-07 08:18:28,1,63.95,65.67,23.42,25.7,586,614,496,313,8170
1780820608,2026-06-07 08:23:28,1,64.12,63.83,24.07,25.49,587,596,502,310,8171
1780820908,2026-06-07 08:28:28,1,63.54,63.8,22.96,25.18,582,596,493,309,8172
1780821208,2026-06-07 08:33:28,1,63.92,64.78,24.24,24.68,586,605,503,307,8173
1780821508,2026-06-07 08:38:28,1,64.16,65.56,24.41,23.71,588,613,506,301,8174
1780821808,2026-06-07 08:43:28,1,64.23,63.99,23.35,23.04,590,600,495,297,8175
1780822108,2026-06-07 08:48:28,1,64.09,65.32,24.12,23.35,587,610,502,301,8176
1780822408,2026-06-07 08:53:28,1,63.82,66.08,24.2,22.33,581,619,505,294,8177
1780822708,2026-06-07 08:58:28,1,64.41,64.21,24.12,20.69,585,603,504,283,8178
1780823008,2026-06-07 09:03:28,1,64.14,64.67,24.37,20.94,584,603,503,288,8179
1780823308,2026-06-07 09:08:28,1,63.87,64.86,24.8,22.51,586,610,509,295,8180
1780823608,2026-06-07 09:13:28,1,63.91,65.0,24.54,20.92,583,603,502,287,8181
1780823908,2026-06-07 09:18:28,1,64.19,64.3,24.98,19.22,584,600,512,275,8182
1780824208,2026-06-07 09:23:28,1,64.68,64.88,24.5,23.46,591,606,505,299,8183
1780824508,2026-06-07 09:28:28,1,64.17,66.11,23.74,22.71,586,614,502,295,8184
1780824808,2026-06-07 09:33:28,1,64.3,64.1,24.21,21.16,588,600,501,285,8185
1780825108,2026-06-07 09:38:28,1,64.17,64.83,24.14,19.84,585,607,502,278,8186
1780825408,2026-06-07 09:43:28,1,64.15,64.76,25.14,18.79,586,603,510,272,8187
1780825708,2026-06-07 09:48:28,1,64.37,64.55,24.88,22.52,589,606,508,293,8188
1780826008,2026-06-07 09:53:28,1,64.1,64.02,23.93,22.62,584,600,499,295,8189
1780826308,2026-06-07 09:58:28,1,64.16,64.56,24.98,19.77,589,604,509,278,8190
1780826608,2026-06-07 10:03:28,1,64.06,65.99,24.97,19.68,584,617,510,277,8191
1780826908,2026-06-07 10:08:28,1,64.69,65.42,25.16,21.23,587,609,511,286,8192
1780827208,2026-06-07 10:13:28,1,64.53,66.46,25.29,18.0,588,617,512,264,8193
1780827508,2026-06-07 10:18:28,1,64.27,64.78,24.68,18.0,587,608,507,265,8194
1780827808,2026-06-07 10:23:28,1,64.19,65.25,23.96,20.32,587,611,502,282,8195
1780828108,2026-06-07 10:28:28,1,64.71,65.34,25.31,18.74,589,612,514,271,8196
1780828408,2026-06-07 10:33:28,1,64.42,65.9,25.66,18.84,589,614,515,272,8197
1780828708,2026-06-07 10:38:28,1,64.33,65.67,25.05,18.0,587,613,510,268,8198
1780829008,2026-06-07 10:43:28,1,64.53,66.1,25.3,18.52,588,615,512,272,8199
1780829308,2026-06-07 10:48:28,1,64.36,65.76,25.38,18.37,587,609,513,270,8200
1780829608,2026-06-07 10:53:28,1,64.73,66.42,24.93,18.0,591,620,509,265,8201
1780829908,2026-06-07 10:58:28,1,64.57,65.87,25.01,19.36,589,612,510,275,8202
1780830208,2026-06-07 11:03:28,1,64.83,65.91,25.11,18.0,590,615,510,271,8203
1780830508,2026-06-07 11:08:28,1,64.44,66.78,24.83,18.0,588,620,508,267,8204
1780830808,2026-06-07 11:13:28,1,63.89,67.63,24.85,18.71,588,626,508,270,8205
1780831108,2026-06-07 11:18:28,1,64.27,66.28,25.22,18.36,584,619,516,271,8206
1780831408,2026-06-07 11:23:28,1,64.02,66.57,25.41,18.0,583,616,512,269,8207
1780831708,2026-06-07 11:28:28,1,64.15,66.17,24.96,18.25,586,615,508,271,8208
1780832008,2026-06-07 11:33:28,1,64.05,67.47,24.86,18.0,586,626,507,266,8209
1780832308,2026-06-07 11:38:28,1,64.15,67.63,24.89,18.18,586,624,511,270,8210
1780832608,2026-06-07 11:43:28,1,64.38,67.39,24.62,18.1,586,625,506,269,8211
1780832908,2026-06-07 11:48:28,1,64.53,68.33,24.9,21.8,589,628,510,290,8212
1780833208,2026-06-07 11:53:28,1,64.37,67.61,24.81,18.88,589,629,508,271,8213
1780833508,2026-06-07 11:58:28,1,64.3,67.52,25.19,18.0,586,626,510,266,8214
1780833808,2026-06-07 12:03:28,1,63.91,67.18,24.66,18.0,585,624,506,269,8215
1780834108,2026-06-07 12:08:28,1,64.4,67.92,24.72,18.0,586,631,507,268,8216
1780834408,2026-06-07 12:13:28,1,64.24,67.82,24.78,18.0,587,626,508,268,8217
1780834708,2026-06-07 12:18:28,1,64.5,67.85,25.53,18.0,589,629,512,266,8218
1780835008,2026-06-07 12:23:28,1,64.14,68.55,25.49,18.0,586,634,514,268,8219
1780835308,2026-06-07 12:28:28,1,64.6,68.41,24.4,19.94,588,633,507,279,8220
1780835608,2026-06-07 12:33:28,1,64.5,67.27,24.86,20.8,586,624,506,285,8221
1780835908,2026-06-07 12:38:28,1,64.41,69.28,24.87,20.09,587,639,508,281,8222
1780836208,2026-06-07 12:43:28,1,64.62,69.39,25.48,21.3,589,638,515,288,8223
1780836508,2026-06-07 12:48:28,1,64.45,69.06,25.24,18.75,586,640,510,270,8224
1780836808,2026-06-07 12:53:28,1,64.64,68.27,24.45,19.22,588,630,502,275,8225
1780837108,2026-06-07 12:58:28,1,64.37,69.25,25.06,19.3,589,638,509,274,8226
1780837408,2026-06-07 13:03:28,1,64.45,69.62,24.83,21.75,588,636,509,291,8227
1780837708,2026-06-07 13:08:28,1,64.16,68.75,24.65,18.12,587,639,506,267,8228
1780838008,2026-06-07 13:13:28,1,63.95,69.19,24.8,20.27,587,639,508,278,8229
1780838308,2026-06-07 13:18:28,1,64.22,68.57,25.34,19.67,585,633,518,278,8230
1780838608,2026-06-07 13:23:28,1,64.25,68.45,24.12,22.61,585,639,502,295,8231
1780838908,2026-06-07 13:28:28,1,64.17,69.16,24.63,21.56,587,635,505,287,8232
1780839208,2026-06-07 13:33:28,1,64.1,68.77,24.55,21.44,587,635,504,287,8233
1780839508,2026-06-07 13:38:28,1,64.54,69.4,24.83,23.14,588,643,508,298,8234
1780839808,2026-06-07 13:43:28,1,63.66,69.85,23.65,21.9,585,648,499,292,8235
1780840108,2026-06-07 13:48:28,1,64.31,69.47,24.84,22.01,590,639,507,291,8236
1780840408,2026-06-07 13:53:28,1,64.12,68.81,24.63,23.45,585,635,505,301,8237
1780840708,2026-06-07 13:58:28,1,64.23,69.09,24.38,20.71,586,633,507,285,8238
1780841008,2026-06-07 14:03:28,1,64.24,70.2,23.79,23.89,584,650,500,302,8239
1780841308,2026-06-07 14:08:28,1,64.19,69.26,23.61,23.18,586,636,498,296,8240
1780841608,2026-06-07 14:13:28,1,63.6,70.32,24.2,23.61,584,647,505,301,8241
1780841908,2026-06-07 14:18:28,1,63.79,69.54,23.89,28.17,586,641,500,329,8242
1780842208,2026-06-07 14:23:28,1,64.67,69.98,23.63,23.0,591,643,500,297,8243
1780842508,2026-06-07 14:28:28,1,63.54,68.75,23.94,26.53,585,635,502,320,8244
1780842808,2026-06-07 14:33:28,1,64.16,68.97,23.81,25.21,588,639,501,312,8245
1780843108,2026-06-07 14:38:28,1,63.91,69.18,23.69,27.72,585,639,501,327,8246
1780843408,2026-06-07 14:43:28,1,63.95,69.12,23.57,25.38,584,638,499,312,8247
1780843708,2026-06-07 14:48:28,1,64.11,68.56,24.53,25.53,587,638,509,314,8248
1780844008,2026-06-07 14:53:28,1,63.95,69.89,23.91,26.29,585,646,497,319,8249
1780844308,2026-06-07 14:58:28,1,63.91,69.72,23.54,25.57,585,637,497,313,8250
1780844608,2026-06-07 15:03:28,1,63.77,68.81,23.03,23.71,588,633,495,301,8251
1780844908,2026-06-07 15:08:28,1,63.76,67.86,23.65,28.06,587,628,498,325,8252
1780845208,2026-06-07 15:13:28,1,64.14,69.2,23.78,28.64,590,635,499,330,8253
1780845508,2026-06-07 15:18:28,1,63.41,68.25,23.09,28.94,582,631,497,332,8254
1780845808,2026-06-07 15:23:28,1,63.82,69.2,23.45,30.56,585,639,498,341,8255
1780846108,2026-06-07 15:28:28,1,63.25,69.62,22.94,30.55,578,641,494,343,8256
1780846408,2026-06-07 15:33:28,1,63.76,70.8,23.14,30.22,586,653,493,338,8257
1780846708,2026-06-07 15:38:28,1,63.54,69.17,23.0,28.85,584,640,495,335,8258
1780847008,2026-06-07 15:43:28,1,63.31,69.23,23.05,30.04,580,636,491,340,8259
1780847308,2026-06-07 15:48:28,1,63.97,68.86,23.4,30.82,584,637,497,344,8260
1780847608,2026-06-07 15:53:28,1,63.55,69.14,22.81,31.65,584,637,490,349,8261
1780847908,2026-06-07 15:58:28,1,63.61,68.82,22.28,32.76,584,635,488,357,8262
1780848208,2026-06-07 16:03:28,1,63.45,68.69,22.83,35.36,584,638,493,373,8263
1780848508,2026-06-07 16:08:28,1,63.88,69.69,22.99,33.08,586,643,493,358,8264
1780848808,2026-06-07 16:13:28,1,63.47,69.37,22.83,34.53,582,641,494,368,8265
1780849108,2026-06-07 16:18:28,1,63.68,68.73,22.51,31.1,584,633,486,346,8266
1780849408,2026-06-07 16:23:28,1,63.17,67.86,23.08,36.4,578,627,495,379,8267
1780849708,2026-06-07 16:28:28,1,63.34,68.62,22.12,36.36,582,631,489,378,8268
1780850008,2026-06-07 16:33:28,1,63.51,69.2,22.25,34.31,581,640,485,364,8269
1780850308,2026-06-07 16:38:28,1,63.04,67.78,22.2,38.76,580,632,487,390,8270
1780850608,2026-06-07 16:43:28,1,62.89,68.01,22.81,33.26,581,632,493,360,8271
1780850908,2026-06-07 16:48:28,1,63.27,67.95,21.87,35.21,580,630,485,368,8272
1780851208,2026-06-07 16:53:28,1,63.01,67.79,21.6,38.09,578,628,484,388,8273
1780851508,2026-06-07 16:58:28,1,63.33,67.41,21.46,35.01,581,625,482,369,8274
1780851808,2026-06-07 17:03:28,1,63.66,67.39,22.25,35.97,580,623,488,378,8275
1780852108,2026-06-07 17:08:28,1,62.71,67.44,21.2,36.74,580,624,483,380,8276
1780852408,2026-06-07 17:13:28,1,63.22,66.05,21.57,37.0,580,614,482,381,8277
1780852708,2026-06-07 17:18:28,1,63.0,66.8,21.48,36.6,579,622,483,377,8278
1780853008,2026-06-07 17:23:28,1,63.03,66.22,21.5,37.84,580,613,483,388,8279
1780853308,2026-06-07 17:28:28,1,62.93,67.15,21.89,39.36,580,622,484,395,8280
1780853608,2026-06-07 17:33:28,1,63.04,66.5,21.53,40.28,581,619,481,400,8281
1780853908,2026-06-07 17:38:28,1,62.3,67.36,20.32,38.56,575,627,474,391,8282
1780854208,2026-06-07 17:43:28,1,63.22,65.56,20.72,38.12,580,611,475,390,8283
1780854508,2026-06-07 17:48:28,1,62.53,65.63,21.1,42.5,578,614,477,415,8284
1780854808,2026-06-07 17:53:28,1,62.84,65.79,21.05,39.69,579,612,477,397,8285
1780855108,2026-06-07 17:58:28,1,62.53,66.61,21.43,43.65,576,617,480,420,8286
1780855408,2026-06-07 18:03:28,1,62.76,65.12,20.67,38.98,579,610,476,394,8287
1780855708,2026-06-07 18:08:28,1,62.59,65.39,21.12,41.95,578,611,478,410,8288
1780856008,2026-06-07 18:13:28,1,62.72,65.6,20.72,39.5,577,611,474,396,8289
1780856308,2026-06-07 18:18:28,1,62.21,66.19,20.61,42.58,576,615,476,415,8290
1780856608,2026-06-07 18:23:28,1,62.59,66.04,20.77,40.86,575,616,474,405,8291
1780856908,2026-06-07 18:28:28,1,62.61,65.5,21.19,39.28,577,610,481,395,8292
1780857208,2026-06-07 18:33:28,1,62.48,65.75,20.75,40.46,574,611,480,403,8293
1780857508,2026-06-07 18:38:28,1,62.36,64.99,20.31,43.47,574,606,473,418,8294
1780857808,2026-06-07 18:43:28,1,62.66,65.32,20.35,42.69,580,612,472,416,8295
1780858108,2026-06-07 18:48:28,1,62.33,64.65,20.3,42.05,576,608,472,411,8296
1780858408,2026-06-07 18:53:28,1,61.99,65.7,19.63,42.74,574,609,467,416,8297
1780858708,2026-06-07 18:58:28,1,62.31,65.22,19.92,39.63,576,609,469,395,8298
1780859008,2026-06-07 19:03:28,1,62.0,65.62,20.35,44.15,574,613,474,423,8299
1780859308,2026-06-07 19:08:28,1,61.94,65.54,19.73,39.97,574,613,466,397,8300
1780859608,2026-06-07 19:13:28,1,62.33,64.57,19.0,42.06,575,604,460,412,8301
1780859908,2026-06-07 19:18:28,1,62.03,65.35,20.18,39.73,575,610,471,398,8302
1780860208,2026-06-07 19:23:28,1,62.16,65.06,19.3,41.73,575,609,463,411,8303
1780860508,2026-06-07 19:28:28,1,61.84,64.98,20.2,40.88,572,608,472,404,8304
1780860808,2026-06-07 19:33:28,1,61.91,64.68,19.28,40.28,573,603,462,399,8305
1780861108,2026-06-07 19:38:28,1,62.39,65.16,19.49,39.66,572,608,466,399,8306
1780861408,2026-06-07 19:43:28,1,62.14,65.22,19.82,43.48,577,608,467,422,8307
1780861708,2026-06-07 19:48:28,1,62.03,64.07,19.88,41.96,575,599,467,409,8308
1780862008,2026-06-07 19:53:28,1,62.01,64.91,19.05,44.22,574,608,462,424,8309
1780862308,2026-06-07 19:58:28,1,62.3,65.56,19.53,40.16,575,610,464,400,8310
1780862608,2026-06-07 20:03:28,1,62.09,65.62,19.21,40.75,575,612,464,404,8311
1780862908,2026-06-07 20:08:28,1,62.1,64.67,19.36,41.93,579,606,462,410,8312
1780863208,2026-06-07 20:13:28,1,62.15,64.18,19.11,41.79,576,600,462,410,8313
1780863508,2026-06-07 20:18:28,1,61.65,64.58,19.41,40.99,573,607,463,407,8314
1780863808,2026-06-07 20:23:28,1,62.55,64.93,18.63,40.83,577,604,458,406,8315
1780864108,2026-06-07 20:28:28,1,61.53,64.56,19.19,44.43,570,603,463,425,8316
1780864408,2026-06-07 20:33:28,1,61.61,64.41,19.44,40.2,574,601,464,399,8317
1780864708,2026-06-07 20:38:28,1,62.02,64.58,18.79,36.6,574,605,459,378,8318
1780865008,2026-06-07 20:43:28,1,61.82,64.21,18.94,40.07,574,606,459,399,8319
1780865308,2026-06-07 20:48:28,1,62.02,65.36,18.34,38.62,575,609,459,391,8320
1780865608,2026-06-07 20:53:28,1,61.54,65.7,19.09,38.7,572,613,462,393,8321
1780865908,2026-06-07 20:58:28,1,61.26,65.4,18.55,39.63,566,614,457,399,8322
1780866208,2026-06-07 21:03:28,1,61.6,65.04,19.45,41.44,571,607,465,405,8323
1780866508,2026-06-07 21:08:28,1,61.76,64.07,19.46,41.67,573,601,469,412,8324
1780866808,2026-06-07 21:13:28,1,61.53,64.05,19.1,37.06,573,601,464,383,8325
1780867108,2026-06-07 21:18:28,1,61.77,64.08,18.45,38.71,573,597,457,392,8326
1780867408,2026-06-07 21:23:28,1,62.12,65.51,19.3,38.54,574,613,464,393,8327
1780867708,2026-06-07 21:28:28,1,61.56,64.89,18.12,38.2,571,606,455,389,8328
1780868008,2026-06-07 21:33:28,1,61.91,65.48,19.35,40.66,575,612,463,402,8329
1780868308,2026-06-07 21:38:28,1,61.29,64.69,18.09,36.9,571,603,453,378,8330
1780868608,2026-06-07 21:43:28,1,61.25,65.19,18.34,36.47,571,612,460,381,8331
1780868908,2026-06-07 21:48:28,1,61.65,66.01,18.04,39.49,574,614,456,395,8332
1780869208,2026-06-07 21:53:28,1,61.44,65.34,18.66,38.75,570,610,457,391,8333
1780869508,2026-06-07 21:58:28,1,61.23,65.15,17.58,37.51,568,610,450,384,8334
1780869808,2026-06-07 22:03:28,1,61.53,65.25,19.04,36.49,570,608,460,379,8335
1780870108,2026-06-07 22:08:28,1,61.5,65.29,18.44,36.16,568,609,459,377,8336
1780870408,2026-06-07 22:13:28,1,61.35,65.99,18.43,37.88,573,615,458,391,8337
1780870708,2026-06-07 22:18:28,1,61.61,66.46,17.93,38.37,572,617,452,389,8338
1780871008,2026-06-07 22:23:28,1,61.43,66.26,18.01,34.59,570,617,453,370,8339
1780871308,2026-06-07 22:28:28,1,61.31,65.81,18.09,35.6,569,613,457,372,8340
1780871608,2026-06-07 22:33:28,1,62.01,65.81,18.03,33.45,571,613,453,362,8341
1780871908,2026-06-07 22:38:28,1,61.31,65.52,18.15,31.24,569,608,455,347,8342
1780872208,2026-06-07 22:43:28,1,61.81,65.42,18.69,32.07,572,611,458,352,8343
1780872508,2026-06-07 22:48:28,1,61.5,67.21,18.67,35.03,571,623,459,367,8344
1780872808,2026-06-07 22:53:28,1,61.54,66.72,17.31,31.67,572,617,450,347,8345
1780873108,2026-06-07 22:58:28,1,61.53,66.77,18.09,32.6,569,621,457,356,8346
1780873408,2026-06-07 23:03:28,1,61.33,66.16,18.32,32.96,572,612,453,358,8347
1780873708,2026-06-07 23:08:28,1,61.18,65.59,17.88,32.34,569,615,455,352,8348
1780874008,2026-06-07 23:13:28,1,61.43,66.99,18.01,30.66,574,622,450,346,8349
1780874308,2026-06-07 23:18:28,1,61.41,66.46,18.08,29.83,571,619,453,339,8350
1780874608,2026-06-07 23:23:28,1,61.64,67.0,18.47,30.11,569,623,458,340,8351
1780874908,2026-06-07 23:28:28,1,61.32,66.95,18.09,28.59,570,619,454,331,8352
1780875208,2026-06-07 23:33:28,1,61.94,67.17,17.99,30.67,574,623,454,345,8353
1780875508,2026-06-07 23:38:28,1,61.38,65.95,17.48,32.57,573,614,447,355,8354
1780875808,2026-06-07 23:43:28,1,61.46,66.25,17.58,29.72,569,617,450,339,8355
1780876108,2026-06-07 23:48:28,1,61.81,65.52,17.57,28.61,572,610,451,331,8356
1780876408,2026-06-07 23:53:28,1,61.59,67.28,18.65,29.96,573,626,458,339,8357
1780876708,2026-06-07 23:58:28,1,61.41,67.19,18.01,25.11,567,620,454,312,8358
1780877008,2026-06-08 00:03:28,1,61.65,67.61,19.08,26.34,570,625,463,318,8359
1780877308,2026-06-08 00:08:28,1,61.74,68.38,18.26,29.1,572,628,455,332,8360
1780877608,2026-06-08 00:13:28,1,62.03,67.66,17.88,24.68,573,627,451,306,8361
1780877908,2026-06-08 00:18:28,1,61.4,67.01,18.66,26.38,568,623,458,318,8362
1780878208,2026-06-08 00:23:28,1,61.75,67.66,18.13,25.34,572,628,453,310,8363
1780878508,2026-06-08 00:28:28,1,61.48,69.26,17.61,25.64,572,640,450,313,8364
1780878808,2026-06-08 00:33:28,1,61.67,69.2,18.5,26.79,573,635,457,320,8365
1780879108,2026-06-08 00:38:28,1,61.46,68.9,18.0,23.07,570,641,456,298,8366
1780879408,2026-06-08 00:43:28,1,61.55,69.56,18.3,24.26,573,642,457,303,8367
1780879708,2026-06-08 00:48:28,1,61.76,68.37,17.86,23.43,570,633,453,296,8368
1780880008,2026-06-08 00:53:28,1,61.63,68.97,17.78,22.52,573,636,449,293,8369
1780880308,2026-06-08 00:58:28,1,61.37,69.34,18.9,24.07,571,645,460,303,8370
1780880608,2026-06-08 01:03:28,1,61.05,68.73,18.88,24.1,570,635,462,303,8371
1780880908,2026-06-08 01:08:28,1,61.23,69.12,17.84,23.13,569,638,452,298,8372
1780881208,2026-06-08 01:13:28,1,62.03,68.17,18.42,22.49,576,631,458,294,8373
1780881508,2026-06-08 01:18:28,1,61.68,69.16,18.32,21.4,572,640,457,287,8374
1780881808,2026-06-08 01:23:28,1,61.56,68.59,19.1,23.17,571,635,463,298,8375
1780882108,2026-06-08 01:28:28,1,61.8,69.42,18.51,22.62,570,642,457,296,8376
1780882408,2026-06-08 01:33:28,1,61.17,69.05,18.92,18.87,569,636,459,273,8377
1780882708,2026-06-08 01:38:28,1,61.76,69.43,18.44,22.5,571,640,456,294,8378
1780883008,2026-06-08 01:43:28,1,61.68,69.59,18.31,20.66,571,637,454,286,8379
1780883308,2026-06-08 01:48:28,1,62.16,70.49,18.72,21.62,576,651,461,290,8380
1780883608,2026-06-08 01:53:28,1,61.83,70.02,19.08,19.89,572,642,461,281,8381
1780883908,2026-06-08 01:58:28,1,61.91,68.69,19.09,19.11,572,636,461,273,8382
1780884208,2026-06-08 02:03:28,1,61.85,68.88,18.88,19.57,573,634,457,277,8383
1780884508,2026-06-08 02:08:28,1,61.76,69.98,18.72,21.4,571,645,462,289,8384
1780884808,2026-06-08 02:13:28,1,61.73,70.21,19.46,21.22,574,648,467,286,8385
1780885108,2026-06-08 02:18:28,1,61.98,69.08,18.65,20.11,571,634,459,281,8386
1780885408,2026-06-08 02:23:28,1,61.31,69.8,18.45,19.17,569,646,458,274,8387
1780885708,2026-06-08 02:28:28,1,61.39,70.2,18.3,18.0,568,643,456,266,8388
1780886008,2026-06-08 02:33:28,1,62.43,69.35,19.33,20.72,577,642,464,285,8389
1780886308,2026-06-08 02:38:28,1,61.7,68.77,19.92,19.99,572,636,467,277,8390
1780886608,2026-06-08 02:43:28,1,62.14,68.19,19.36,19.31,575,631,462,275,8391
1780886908,2026-06-08 02:48:28,1,61.85,70.25,19.18,19.03,575,648,462,273,8392
1780887208,2026-06-08 02:53:28,1,61.81,69.44,19.16,20.44,573,639,462,282,8393
1780887508,2026-06-08 02:58:28,1,61.94,70.19,18.93,18.0,573,645,459,267,8394
1780887808,2026-06-08 03:03:28,1,62.3,69.84,18.85,18.83,576,643,461,272,8395
1780888108,2026-06-08 03:08:28,1,62.1,69.86,19.16,18.7,574,644,463,272,8396
1780888408,2026-06-08 03:13:28,1,61.93,69.3,19.37,21.53,575,634,465,289,8397
1780888708,2026-06-08 03:18:28,1,62.68,70.35,19.7,19.8,575,650,470,278,8398
1780889008,2026-06-08 03:23:28,1,62.11,68.67,19.53,21.3,576,627,464,286,8399
1780889308,2026-06-08 03:28:28,1,62.36,69.76,20.27,19.83,575,642,473,276,8400
1780889608,2026-06-08 03:33:28,1,62.33,68.51,19.88,18.0,575,632,470,270,8401
1780889908,2026-06-08 03:38:28,1,62.44,68.97,20.65,18.0,578,640,477,268,8402
1780890208,2026-06-08 03:43:28,1,62.42,69.27,19.89,19.2,573,640,470,275,8403
1780890508,2026-06-08 03:48:28,1,62.28,69.34,20.59,18.58,575,641,474,272,8404
1780890808,2026-06-08 03:53:28,1,62.13,68.09,20.31,18.6,574,629,474,271,8405
1780891108,2026-06-08 03:58:28,1,62.38,68.14,20.3,18.0,576,633,474,268,8406
1780891408,2026-06-08 04:03:28,1,62.67,69.01,19.82,19.4,575,640,467,274,8407
1780891708,2026-06-08 04:08:28,1,62.76,68.88,20.54,19.86,579,636,476,278,8408
1780892008,2026-06-08 04:13:28,1,63.11,68.92,20.72,18.25,580,634,477,267,8409
1780892308,2026-06-08 04:18:28,1,62.06,68.77,20.86,22.4,574,632,476,293,8410
1780892608,2026-06-08 04:23:28,1,62.56,69.44,20.63,18.0,576,641,476,266,8411
1780892908,2026-06-08 04:28:28,1,62.69,68.09,20.79,18.35,577,633,478,272,8412
1780893208,2026-06-08 04:33:28,1,62.7,69.12,20.56,18.0,578,636,474,268,8413
1780893508,2026-06-08 04:38:28,1,62.94,67.31,20.97,18.0,581,618,479,267,8414
1780893808,2026-06-08 04:43:28,1,62.6,68.56,20.26,18.01,579,634,473,268,8415
1780894108,2026-06-08 04:48:28,1,62.86,67.18,20.64,19.73,581,625,476,275,8416
1780894408,2026-06-08 04:53:28,1,63.18,67.99,21.11,18.08,579,631,479,268,8417
1780894708,2026-06-08 04:58:28,1,62.7,67.54,20.86,22.34,576,627,476,293,8418
1780895008,2026-06-08 05:03:28,1,63.12,67.07,21.45,21.36,582,624,480,284,8419
1780895308,2026-06-08 05:08:28,1,62.83,68.81,22.19,20.71,579,636,489,284,8420
1780895608,2026-06-08 05:13:28,1,62.65,66.68,20.99,21.39,579,619,477,288,8421
1780895908,2026-06-08 05:18:28,1,62.81,67.38,21.87,21.58,576,625,485,290,8422
1780896208,2026-06-08 05:23:28,1,62.99,67.16,21.51,23.55,580,624,482,299,8423
1780896508,2026-06-08 05:28:28,1,62.96,67.82,21.96,21.9,580,629,485,291,8424
1780896808,2026-06-08 05:33:28,1,63.13,66.91,21.05,23.53,579,622,480,303,8425
1780897108,2026-06-08 05:38:28,1,63.07,66.86,21.73,19.34,577,622,485,273,8426
1780897408,2026-06-08 05:43:28,1,62.8,67.58,21.64,22.3,577,628,482,290,8427
1780897708,2026-06-08 05:48:28,1,62.97,66.95,21.77,21.22,578,623,483,287,8428
1780898008,2026-06-08 05:53:28,1,63.05,65.92,21.71,23.43,579,615,483,300,8429
1780898308,2026-06-08 05:58:28,1,63.1,65.95,21.69,24.7,583,615,483,308,8430
1780898608,2026-06-08 06:03:28,1,62.73,66.24,22.3,26.82,576,615,489,322,8431
1780898908,2026-06-08 06:08:28,1,63.26,66.49,22.09,23.39,581,617,488,298,8432
1780899208,2026-06-08 06:13:28,1,63.3,65.59,21.98,23.61,579,605,484,300,8433
1780899508,2026-06-08 06:18:28,1,63.27,65.39,22.07,24.59,582,612,489,309,8434
1780899808,2026-06-08 06:23:28,1,63.68,66.83,22.32,27.16,583,622,491,325,8435
1780900108,2026-06-08 06:28:28,1,62.95,66.01,22.16,27.66,577,615,483,327,8436
1780900408,2026-06-08 06:33:28,1,63.45,66.28,22.75,25.09,585,616,492,309,8437
1780900708,2026-06-08 06:38:28,1,63.42,65.35,21.45,23.84,584,614,484,302,8438
1780901008,2026-06-08 06:43:28,1,63.93,65.3,22.64,25.15,587,611,491,310,8439
1780901308,2026-06-08 06:48:28,1,63.29,64.83,22.97,26.75,581,604,493,318,8440
1780901608,2026-06-08 06:53:28,1,63.81,63.87,22.1,26.54,584,599,486,319,8441
1780901908,2026-06-08 06:58:28,1,63.36,65.69,22.55,28.14,581,614,488,328,8442
1780902208,2026-06-08 07:03:28,1,63.7,65.26,23.59,26.8,584,610,497,320,8443
1780902508,2026-06-08 07:08:28,1,63.97,64.69,23.47,28.8,585,605,497,329,8444
1780902808,2026-06-08 07:13:28,1,64.06,65.67,23.45,29.37,583,613,501,336,8445
1780903108,2026-06-08 07:18:28,1,63.72,65.86,23.25,31.03,586,616,492,348,8446
1780903408,2026-06-08 07:23:28,1,63.56,66.09,23.19,31.63,587,614,495,349,8447
1780903708,2026-06-08 07:28:28,1,63.77,64.81,23.02,27.68,584,609,495,324,8448
1780904008,2026-06-08 07:33:28,1,64.16,64.59,23.03,30.29,584,604,493,347,8449
1780904308,2026-06-08 07:38:28,1,63.54,64.5,22.62,32.13,581,601,489,355,8450
1780904608,2026-06-08 07:43:28,1,63.87,64.95,23.74,32.45,584,607,500,353,8451
1780904908,2026-06-08 07:48:28,1,63.86,65.1,23.31,30.88,586,608,496,346,8452
1780905208,2026-06-08 07:53:28,1,63.64,65.05,24.21,33.96,583,605,502,363,8453
1780905508,2026-06-08 07:58:28,1,63.53,64.3,23.2,31.04,582,602,496,345,8454
1780905808,2026-06-08 08:03:28,1,64.14,66.08,23.91,34.62,585,611,501,366,8455
1780906108,2026-06-08 08:08:28,1,63.93,65.34,23.71,34.55,585,611,498,371,8456
1780906408,2026-06-08 08:13:28,1,63.78,63.89,23.77,32.5,581,599,496,353,8457
1780906708,2026-06-08 08:18:28,1,63.94,64.02,23.44,35.0,583,602,497,369,8458
1780907008,2026-06-08 08:23:28,1,64.17,64.62,24.18,33.22,587,605,503,358,8459
1780907308,2026-06-08 08:28:28,1,63.9,64.33,24.48,35.85,585,601,505,375,8460
1780907608,2026-06-08 08:33:28,1,64.34,65.22,23.36,34.36,587,611,496,367,8461
1780907908,2026-06-08 08:38:28,1,64.22,64.72,24.42,34.81,586,606,507,372,8462
1780908208,2026-06-08 08:43:28,1,63.72,63.59,24.74,36.32,586,596,509,377,8463
1780908508,2026-06-08 08:48:28,1,64.64,65.55,24.54,35.23,590,616,505,369,8464
1780908808,2026-06-08 08:53:28,1,64.02,63.81,24.46,36.53,586,597,504,378,8465
1780909108,2026-06-08 08:58:28,1,63.95,64.37,24.71,35.86,583,602,508,374,8466
1780909408,2026-06-08 09:03:28,1,64.39,65.13,23.87,37.6,588,611,500,385,8467
1780909708,2026-06-08 09:08:28,1,64.23,64.49,24.23,35.97,588,606,502,376,8468
1780910008,2026-06-08 09:13:28,1,64.08,64.32,23.61,37.13,586,604,499,382,8469
1780910308,2026-06-08 09:18:28,1,64.34,65.12,24.65,38.74,589,608,506,394,8470
1780910608,2026-06-08 09:23:28,1,64.21,65.02,24.44,38.25,588,608,505,389,8471
1780910908,2026-06-08 09:28:28,1,64.16,66.8,24.33,39.69,587,620,505,398,8472
1780911208,2026-06-08 09:33:28,1,64.48,65.06,25.2,39.81,587,605,511,397,8473
1780911508,2026-06-08 09:38:28,1,63.45,64.64,24.55,36.6,581,605,508,377,8474
1780911808,2026-06-08 09:43:28,1,64.32,64.42,24.68,39.22,587,601,509,396,8475
1780912108,2026-06-08 09:48:28,1,64.49,64.77,24.89,37.87,589,606,509,385,8476
1780912408,2026-06-08 09:53:28,1,64.54,65.54,24.73,38.32,588,612,507,391,8477
1780912708,2026-06-08 09:58:28,1,64.0,65.32,24.69,39.29,585,613,510,397,8478
1780913008,2026-06-08 10:03:28,1,64.74,64.95,25.21,39.77,588,608,512,400,8479
1780913308,2026-06-08 10:08:28,1,64.53,64.38,25.01,41.82,589,602,511,409,8480
1780913608,2026-06-08 10:13:28,1,65.17,64.85,24.86,39.65,593,608,507,397,8481
1780913908,2026-06-08 10:18:28,1,64.11,64.94,24.64,42.12,586,607,505,412,8482
1780914208,2026-06-08 10:23:28,1,64.42,65.6,25.43,41.65,587,613,512,409,8483
1780914508,2026-06-08 10:28:28,1,64.0,65.93,25.42,40.61,586,616,514,406,8484
1780914808,2026-06-08 10:33:28,1,64.13,64.7,25.47,43.15,587,605,515,416,8485
1780915108,2026-06-08 10:38:28,1,64.49,64.36,25.07,41.82,586,603,509,408,8486
1780915408,2026-06-08 10:43:28,1,64.32,65.79,24.88,39.47,586,612,509,396,8487
1780915708,2026-06-08 10:48:28,1,64.61,65.64,25.23,41.49,590,611,511,408,8488
1780916008,2026-06-08 10:53:28,1,64.37,66.51,24.29,41.81,587,617,504,408,8489
1780916308,2026-06-08 10:58:28,1,64.23,66.39,24.96,40.56,590,615,508,403,8490
1780916608,2026-06-08 11:03:28,1,64.34,66.66,24.67,41.35,586,621,503,408,8491
1780916908,2026-06-08 11:08:28,1,64.61,66.48,25.42,38.21,587,620,513,390,8492
1780917208,2026-06-08 11:13:28,1,64.64,66.87,25.15,39.9,585,622,509,398,8493
1780917508,2026-06-08 11:18:28,1,64.85,67.37,25.93,43.57,592,628,517,419,8494
1780917808,2026-06-08 11:23:28,1,64.19,67.23,24.95,40.53,585,623,509,402,8495
1780918108,2026-06-08 11:28:28,1,64.2,67.13,24.94,42.16,587,621,509,413,8496
1780918408,2026-06-08 11:33:28,1,64.74,67.22,25.03,43.31,592,618,511,420,8497
1780918708,2026-06-08 11:38:28,1,64.45,67.5,24.8,41.21,588,627,508,408,8498
1780919008,2026-06-08 11:43:28,1,64.48,66.56,25.3,45.08,585,619,510,431,8499
1780919308,2026-06-08 11:48:28,1,64.57,67.94,24.53,41.69,588,627,507,411,8500
1780919608,2026-06-08 11:53:28,1,64.77,67.78,24.65,40.64,588,624,506,403,8501
1780919908,2026-06-08 11:58:28,1,64.24,67.82,25.13,39.78,587,626,510,397,8502
1780920208,2026-06-08 12:03:28,1,64.91,67.41,24.89,41.75,589,625,508,410,8503
1780920508,2026-06-08 12:08:28,1,64.46,69.67,24.66,42.81,589,642,505,417,8504
1780920808,2026-06-08 12:13:28,1,64.57,68.29,24.41,40.85,591,632,506,405,8505
1780921108,2026-06-08 12:18:28,1,64.59,67.02,24.96,40.14,587,621,505,402,8506
1780921408,2026-06-08 12:23:28,1,64.63,67.25,24.98,40.46,590,626,511,406,8507
1780921708,2026-06-08 12:28:28,1,64.38,69.57,24.93,40.68,585,643,511,403,8508
1780922008,2026-06-08 12:33:28,1,64.85,67.24,25.2,40.11,587,623,513,400,8509
1780922308,2026-06-08 12:38:28,1,64.52,69.4,25.01,42.48,589,641,510,413,8510
1780922608,2026-06-08 12:43:28,1,64.24,67.87,24.32,40.56,588,628,504,401,8511
1780922908,2026-06-08 12:48:28,1,64.07,68.16,25.4,38.91,586,630,512,396,8512
1780923208,2026-06-08 12:53:28,1,64.07,67.9,24.56,40.64,586,627,507,405,8513
1780923508,2026-06-08 12:58:28,1,64.2,69.03,25.08,41.82,587,638,508,409,8514
1780923808,2026-06-08 13:03:28,1,64.63,68.18,24.4,38.89,588,630,506,392,8515
1780924108,2026-06-08 13:08:28,1,64.5,68.22,24.61,40.2,589,627,506,399,8516
1780924408,2026-06-08 13:13:28,1,64.15,68.27,25.29,40.49,587,631,512,403,8517
1780924708,2026-06-08 13:18:28,1,64.06,69.31,25.0,38.69,585,637,510,394,8518
1780925008,2026-06-08 13:23:28,1,64.38,69.62,23.91,37.9,587,640,501,386,8519
1780925308,2026-06-08 13:28:28,1,64.76,69.48,24.61,36.79,589,642,507,380,8520
1780925608,2026-06-08 13:33:28,1,64.07,68.27,24.6,40.09,587,633,506,399,8521
1780925908,2026-06-08 13:38:28,1,64.24,69.39,23.93,37.49,585,635,502,385,8522
1780926208,2026-06-08 13:43:28,1,64.41,68.86,24.07,36.03,588,634,501,376,8523
1780926508,2026-06-08 13:48:28,1,64.18,71.01,24.12,34.85,585,654,502,367,8524
1780926808,2026-06-08 13:53:28,1,64.46,69.22,24.14,35.41,590,637,503,372,8525
1780927108,2026-06-08 13:58:28,1,64.17,69.44,24.52,35.63,590,644,506,376,8526
1780927408,2026-06-08 14:03:28,1,63.95,70.77,23.43,38.22,585,651,498,389,8527
1780927708,2026-06-08 14:08:28,1,64.37,70.18,24.46,34.1,588,648,504,363,8528
1780928008,2026-06-08 14:13:28,1,64.16,69.75,24.13,35.67,587,644,503,371,8529
1780928308,2026-06-08 14:18:28,1,63.98,69.11,23.45,35.94,586,638,496,376,8530
1780928608,2026-06-08 14:23:28,1,64.23,69.55,24.26,36.85,588,641,503,383,8531
1780928908,2026-06-08 14:28:28,1,64.14,69.73,23.72,33.35,588,641,501,360,8532
1780929208,2026-06-08 14:33:28,1,63.74,68.16,23.29,35.13,582,630,496,370,8533
1780929508,2026-06-08 14:38:28,1,63.83,70.48,23.32,34.19,585,652,497,364,8534
1780929808,2026-06-08 14:43:28,1,64.03,68.64,23.9,33.35,588,633,501,359,8535
1780930108,2026-06-08 14:48:28,1,63.56,69.08,23.77,32.34,582,638,501,355,8536
1780930408,2026-06-08 14:53:28,1,63.96,68.44,23.93,31.98,584,633,500,350,8537
1780930708,2026-06-08 14:58:28,1,63.66,69.53,23.51,30.78,583,639,496,348,8538
1780931008,2026-06-08 15:03:28,1,63.6,69.27,23.27,31.43,583,638,493,349,8539
1780931308,2026-06-08 15:08:28,1,63.94,69.17,23.46,31.54,583,639,496,347,8540
1780931608,2026-06-08 15:13:28,1,63.97,69.22,24.02,32.09,585,637,502,352,8541
1780931908,2026-06-08 15:18:28,1,63.73,69.41,23.19,29.4,581,639,495,337,8542
1780932208,2026-06-08 15:23:28,1,63.49,69.37,23.61,30.28,581,640,501,341,8543
1780932508,2026-06-08 15:28:28,1,63.87,69.82,22.93,31.86,587,642,493,354,8544
1780932808,2026-06-08 15:33:28,1,63.84,69.72,22.84,31.9,586,645,493,352,8545
1780933108,2026-06-08 15:38:28,1,63.57,68.59,23.48,26.86,584,635,496,318,8546
1780933408,2026-06-08 15:43:28,1,63.81,68.68,23.77,28.55,584,635,503,332,8547
1780933708,2026-06-08 15:48:28,1,63.72,68.39,23.07,29.83,585,631,494,340,8548
1780934008,2026-06-08 15:53:28,1,64.01,68.95,23.41,27.2,583,637,494,322,8549
1780934308,2026-06-08 15:58:28,1,63.25,68.9,22.78,26.28,579,638,491,319,8550
1780934608,2026-06-08 16:03:28,1,63.7,69.01,22.49,26.79,585,637,488,320,8551
1780934908,2026-06-08 16:08:28,1,63.16,68.15,23.2,26.8,582,632,495,318,8552
1780935208,2026-06-08 16:13:28,1,63.34,68.84,22.91,23.62,585,640,491,301,8553
1780935508,2026-06-08 16:18:28,1,63.48,67.92,22.3,23.5,583,631,487,300,8554
1780935808,2026-06-08 16:23:28,1,62.91,67.62,23.31,26.64,577,625,495,319,8555
1780936108,2026-06-08 16:28:28,1,63.46,68.21,22.14,26.06,581,632,486,317,8556
1780936408,2026-06-08 16:33:28,1,63.66,68.07,22.9,21.75,587,631,491,291,8557
1780936708,2026-06-08 16:38:28,1,63.43,68.31,22.63,25.59,580,630,493,312,8558
1780937008,2026-06-08 16:43:28,1,62.71,66.93,21.59,27.81,578,623,481,326,8559
1780937308,2026-06-08 16:48:28,1,63.21,67.73,21.77,22.32,581,626,488,293,8560
1780937608,2026-06-08 16:53:28,1,63.33,66.97,22.41,23.49,582,625,492,299,8561
1780937908,2026-06-08 16:58:28,1,63.09,68.11,22.19,25.2,582,630,485,309,8562
1780938208,2026-06-08 17:03:28,1,63.09,67.66,22.35,23.49,579,627,490,301,8563
1780938508,2026-06-08 17:08:28,1,62.75,67.47,21.26,25.32,579,625,480,313,8564
1780938808,2026-06-08 17:13:28,1,62.82,66.8,21.56,23.93,580,620,484,304,8565
1780939108,2026-06-08 17:18:28,1,62.85,67.04,21.28,18.0,578,622,480,267,8566
1780939408,2026-06-08 17:23:28,1,62.93,67.0,21.18,23.31,580,624,481,298,8567
1780939708,2026-06-08 17:28:28,1,63.24,67.05,22.13,22.54,582,621,487,295,8568
1780940008,2026-06-08 17:33:28,1,62.86,66.48,21.24,20.83,579,621,480,284,8569
1780940308,2026-06-08 17:38:28,1,62.55,66.03,20.56,18.66,576,613,474,272,8570
1780940608,2026-06-08 17:43:28,1,62.39,66.07,21.2,19.57,574,615,480,278,8571
1780940908,2026-06-08 17:48:28,1,62.91,67.39,21.21,18.0,578,623,477,269,8572
1780941208,2026-06-08 17:53:28,1,62.72,66.01,21.19,21.55,577,620,478,287,8573
1780941508,2026-06-08 17:58:28,1,62.63,67.47,20.19,21.54,578,627,471,286,8574
1780941808,2026-06-08 18:03:28,1,63.13,66.69,21.67,18.94,580,616,483,273,8575
1780942108,2026-06-08 18:08:28,1,62.72,65.94,21.48,18.0,578,617,483,271,8576
1780942408,2026-06-08 18:13:28,1,62.51,66.13,20.09,18.0,576,615,471,267,8577
1780942708,2026-06-08 18:18:28,1,63.13,65.84,21.51,20.38,579,610,481,283,8578
1780943008,2026-06-08 18:23:28,1,62.73,65.81,20.07,20.51,579,610,473,283,8579
1780943308,2026-06-08 18:28:28,1,62.47,66.58,20.31,18.0,576,617,474,268,8580
1780943608,2026-06-08 18:33:28,1,62.55,64.59,19.83,18.77,578,602,469,273,8581
1780943908,2026-06-08 18:38:28,1,62.64,66.27,20.87,18.0,577,620,479,269,8582
1780944208,2026-06-08 18:43:28,1,62.45,64.92,21.17,19.87,574,604,478,280,8583
1780944508,2026-06-08 18:48:28,1,62.07,65.02,20.38,18.0,576,605,474,267,8584
1780944808,2026-06-08 18:53:28,1,62.29,65.02,20.27,18.0,576,607,471,268,8585
1780945108,2026-06-08 18:58:28,1,62.73,65.45,21.25,18.55,578,612,477,269,8586
1780945408,2026-06-08 19:03:28,1,62.34,65.27,20.33,18.0,575,609,472,267,8587
1780945708,2026-06-08 19:08:28,1,62.31,64.07,19.94,18.0,576,597,467,269,8588
1780946008,2026-06-08 19:13:28,1,61.99,65.38,19.73,20.68,572,612,467,282,8589
1780946308,2026-06-08 19:18:28,1,62.84,65.0,20.28,18.0,579,607,474,268,8590
1780946608,2026-06-08 19:23:28,1,61.95,64.64,19.71,18.0,573,607,468,267,8591
1780946908,2026-06-08 19:28:28,1,62.15,64.56,19.64,18.37,575,608,467,268,8592
1780947208,2026-06-08 19:33:28,1,62.18,65.44,19.85,18.0,573,609,466,269,8593
1780947508,2026-06-08 19:38:28,1,61.96,63.52,20.45,18.91,576,595,475,272,8594
1780947808,2026-06-08 19:43:28,1,62.43,65.18,19.69,18.75,578,609,464,270,8595
1780948108,2026-06-08 19:48:28,1,62.72,64.92,19.36,19.13,575,604,466,274,8596
1780948408,2026-06-08 19:53:28,1,61.68,65.16,19.97,19.45,573,611,468,278,8597
1780948708,2026-06-08 19:58:28,1,61.89,65.41,19.81,18.84,575,612,467,272,8598
1780949008,2026-06-08 20:03:28,1,61.79,64.37,18.86,18.97,570,600,461,274,8599
1780949308,2026-06-08 20:08:28,1,62.36,64.3,19.71,18.77,576,601,467,273,8600
1780949608,2026-06-08 20:13:28,1,62.13,65.04,19.74,18.0,575,604,466,269,8601
1780949908,2026-06-08 20:18:28,1,62.08,64.7,19.8,19.5,576,607,466,274,8602
1780950208,2026-06-08 20:23:28,1,61.76,64.31,18.51,21.7,573,601,459,292,8603
1780950508,2026-06-08 20:28:28,1,61.74,63.55,18.79,18.0,572,597,459,265,8604
1780950808,2026-06-08 20:33:28,1,61.65,64.99,18.11,21.48,573,605,457,288,8605
1780951108,2026-06-08 20:38:28,1,61.75,63.85,19.32,20.41,570,602,465,279,8606
1780951408,2026-06-08 20:43:28,1,61.68,64.99,19.69,19.26,573,605,469,274,8607
1780951708,2026-06-08 20:48:28,1,61.9,64.87,18.21,19.01,574,606,453,274,8608
1780952008,2026-06-08 20:53:28,1,61.94,65.27,19.34,19.01,572,611,465,272,8609
1780952308,2026-06-08 20:58:28,1,61.73,64.35,18.07,21.11,569,600,455,286,8610
1780952608,2026-06-08 21:03:28,1,61.37,64.48,18.79,19.67,570,605,461,276,8611
1780952908,2026-06-08 21:08:28,1,61.52,64.96,18.19,19.29,572,604,453,275,8612
1780953208,2026-06-08 21:13:28,1,62.08,65.27,18.33,23.0,574,609,456,298,8613
1780953508,2026-06-08 21:18:28,1,62.15,64.4,18.9,20.91,575,602,459,285,8614
1780953808,2026-06-08 21:23:28,1,61.75,64.44,17.99,19.86,572,603,452,281,8615
1780954108,2026-06-08 21:28:28,1,61.38,65.3,19.14,20.82,570,611,460,284,8616
1780954408,2026-06-08 21:33:28,1,61.27,64.65,17.8,23.86,569,601,451,302,8617
1780954708,2026-06-08 21:38:28,1,61.57,65.38,17.34,25.65,572,607,448,313,8618
1780955008,2026-06-08 21:43:28,1,61.07,65.62,18.44,18.72,567,614,456,271,8619
1780955308,2026-06-08 21:48:28,1,61.84,66.48,18.27,21.34,572,618,455,289,8620
1780955608,2026-06-08 21:53:28,1,61.79,66.17,18.08,24.17,571,616,455,307,8621
1780955908,2026-06-08 21:58:28,1,61.55,64.84,18.11,23.43,568,606,453,297,8622
1780956208,2026-06-08 22:03:28,1,62.1,65.57,18.23,24.37,576,611,455,305,8623
1780956508,2026-06-08 22:08:28,1,61.4,65.04,17.62,25.13,572,607,450,309,8624
1780956808,2026-06-08 22:13:28,1,61.45,65.47,18.43,24.12,571,608,456,304,8625
1780957108,2026-06-08 22:18:28,1,61.42,65.78,19.12,24.0,571,613,461,305,8626
1780957408,2026-06-08 22:23:28,1,61.39,65.77,18.29,26.08,569,611,458,313,8627
1780957708,2026-06-08 22:28:28,1,61.11,65.65,17.96,24.13,571,610,455,304,8628
1780958008,2026-06-08 22:33:28,1,61.51,65.25,18.44,27.35,572,609,457,323,8629
1780958308,2026-06-08 22:38:28,1,61.49,66.93,17.7,25.63,570,622,452,311,8630
1780958608,2026-06-08 22:43:28,1,61.38,65.99,18.01,24.44,571,615,453,303,8631
1780958908,2026-06-08 22:48:28,1,61.61,66.69,17.65,25.63,569,618,451,311,8632
1780959208,2026-06-08 22:53:28,1,61.75,67.17,17.86,25.72,571,624,456,313,8633
1780959508,2026-06-08 22:58:28,1,61.59,66.79,18.08,27.39,573,617,453,322,8634
1780959808,2026-06-08 23:03:28,1,61.21,66.45,18.02,29.91,571,616,452,342,8635
1780960108,2026-06-08 23:08:28,1,61.9,67.55,17.83,27.72,572,628,453,326,8636
1780960408,2026-06-08 23:13:28,1,61.85,66.8,17.7,32.57,574,619,451,354,8637
1780960708,2026-06-08 23:18:28,1,61.41,66.82,17.79,27.13,570,619,451,321,8638
1780961008,2026-06-08 23:23:28,1,61.49,66.82,17.5,29.82,571,620,449,337,8639
1780961308,2026-06-08 23:28:28,1,61.62,66.08,18.82,29.47,570,617,463,337,8640
